replicate,visit_top,visit_bottom,visit_gain,visit_ipw_gain,spend_top,spend_bottom,spend_gain,spend_ipw_gain
0,0.084928683464539495,0.040093064325670336,0.0094154800191625226,0.011742187500000001,0.34736121977583218,0.6454013429669524,-0.062588425870135245,-0.053362500000000007
1,0.073104203069108836,0.039871860103421281,0.0069787920227943863,0.0052851562499999982,0.58632571695392721,-0.12321398929701655,0.14900333831269819,0.13944632812499996
2,0.071878869751210189,0.042567029636099291,0.0061554864241732885,0.004910156249999997,-0.58313558337237137,0.35523533618566117,-0.19705789310718683,-0.20589972656250005
3,0.087042437264983508,0.043318590606392163,0.0091820077983041822,0.0066679687499999977,0.04438483232292223,1.2755239053535148,-0.25853920533642438,-0.27120996093750011
4,0.076817910447761206,0.049013547057670748,0.0058389163119189963,0.0027421874999999985,0.018370328358208954,0.61735144078609416,-0.12578603360985588,-0.14022117187500002
5,0.076565975852040502,0.035384489853921619,0.0086481120596049645,0.010570312499999996,-0.021766494582315721,0.19895190699893406,-0.046350864332062452,-0.03167507812500002
6,0.095815295815295826,0.053849198720655606,0.0088128803898744456,0.006656249999999999,-0.014104617604617453,0.44493724875195462,-0.096398791934880129,-0.10929457031250003
7,0.11679755847836638,0.046899462439647127,0.014678600168131044,0.013746093749999995,0.59110857476538459,0.37799459198620022,0.044753936383628713,0.040658437499999991
8,0.096861471861471871,0.036667067942335388,0.01264082482301866,0.010359374999999997,-0.38616919191919208,0.30633817460846946,-0.14542654697080892,-0.15769886718750001
9,0.075971777296971882,0.043235211424676082,0.0068746788331821174,0.0068554687499999978,-0.52113814940472047,0.28677386724719911,-0.16966152349690311,-0.169870546875
10,0.092786354447223524,0.028071199299679023,0.013590182580984345,0.013464843749999995,0.14714924503039739,0.74306380328163235,-0.12514205723275934,-0.12585058593750001
11,0.096148985910153556,0.034769736281755059,0.012889642421963684,0.012164062499999994,0.22588181831437038,0.24608972738326074,-0.0042436609044669759,-0.0075868359375000161
12,0.097564068115147534,0.041713137725920835,0.011728695381737606,0.013066406249999997,0.42536383186729887,0.54815981754747223,-0.025787156992836405,-0.018725976562500045
13,0.088295131913336711,0.037404090993406525,0.010687118593185338,0.010078124999999999,0.23075507808380991,-0.14308904290540347,0.078507265407734811,0.075280546874999979
14,0.10077649392136748,0.043420703549378895,0.012044715978117602,0.011871093749999995,-0.2759457466648938,0.091521621085097871,-0.077168147227498249,-0.078153281249999998
15,0.079557137663945759,0.037904937074558928,0.0087469621237712351,0.0077695312499999969,-0.14591728514727875,0.7933058206145529,-0.19723685220998463,-0.20173488281250002
16,0.093999032512666447,0.038932373630936032,0.011563998365163386,0.012175781249999997,0.16081274764255482,0.2189870869238757,-0.012216611249077382,-0.0095885156250000141
17,0.0878157764297397,0.036290726817042596,0.010820260418666391,0.010441406249999998,-0.60903196400973791,0.4162851245761463,-0.21531658860303568,-0.21782296875000001
18,0.093694074773045255,0.03876399234753837,0.011535317309356445,0.0095976562499999977,0.23752678083999457,0.44986011306460694,-0.044589999767168598,-0.055068164062500015
19,0.080248400218985855,0.02670023698276025,0.011245114279607376,0.011554687499999996,-0.98335004900864231,0.84128723646539738,-0.38317382994954829,-0.3802978125
20,0.080153405265721567,0.045693168834206127,0.007236649650618242,0.0057656249999999973,-0.057813600273644461,0.86366311209919544,-0.19351010959829637,-0.20303285156250006
21,0.081449211409175215,0.041765857804963988,0.0083335042568843578,0.008636718749999996,-0.46444871168321344,0.15782417233120938,-0.13067730564302879,-0.12889324218750001
22,0.085706017976633464,0.039706738758871457,0.0096598486357300211,0.0081796874999999977,-0.19296186134909032,0.76265567765567766,-0.20067968319100127,-0.20953863281250004
23,0.088416021606471995,0.040538946792238448,0.010054185710989044,0.0090937499999999977,-0.15283115001769099,0.58133455141934487,-0.15417479730177752,-0.15983378906250001
24,0.082864357864357863,0.040306681567533018,0.0089371120223332174,0.0066328124999999964,-0.79342243867243889,0.79813320156577727,-0.3342266844500254,-0.35132613281250002
25,0.077813688744643533,0.054355288993658046,0.0049262639477069521,0.0028945312499999991,0.12700396277034842,0.57689583187893845,-0.094477292512803901,-0.10753839843750004
26,0.066356447361342719,0.019819319750776207,0.0097727967982189669,0.0099257812499999962,-0.65397093344548862,0.46170873334594886,-0.23429273002620185,-0.23300097656250002
27,0.084789790573691376,0.032670741412672732,0.010945000323813915,0.010124999999999995,-0.60348586320815989,0.84021869239536895,-0.30317795667674102,-0.30906867187500003
28,0.065089246858272776,0.047231969546989896,0.0037500282353694044,0.0031992187500000015,-0.66936543541999205,-0.028984546032396752,-0.134479986771395,-0.1381773046875
29,0.081613581024190057,0.038600862044332482,0.0090326709857700901,0.0081210937499999972,0.17293422639591571,0.39250512706457852,-0.046109889140419184,-0.051341132812500002
30,0.071991144635992044,0.035482099313784862,0.007666899517663508,0.0069374999999999984,-0.269431108475779,0.37424414324416932,-0.13517180286118916,-0.13965878906250001
31,0.069504988338130513,0.039997616001327521,0.0061965481907286278,0.0072773437499999982,-0.1127384266831698,0.3014514291580036,-0.086979869726646411,-0.081510234375000032
32,0.10390625000000001,0.04622137449764771,0.012113823855493982,0.012046874999999995,0.33197265624999994,0.13541459460117555,0.041277192946253122,0.040807382812499987
33,0.089783538063047008,0.02829452613515808,0.012912692504856674,0.011437499999999996,0.22640073560073037,0.37808173673658874,-0.031853010238530252,-0.039033984374999997
34,0.055884286653517412,0.032838955355879121,0.0048395195725040412,0.0033867187499999995,-0.18480369085674131,0.57037431518365278,-0.15858738126848276,-0.16755082031249999
35,0.085568437471833181,0.035457524663372555,0.010523291689776731,0.0076874999999999982,0.71250999931426429,0.6652996337991498,0.0099141767581740411,-0.003413789062500019
36,0.060622286259467667,0.034336589013835392,0.0055199964215827775,0.0050039062499999979,-0.33503538815008072,0.57261866795030891,-0.19060735178108182,-0.19391437499999997
37,0.09204173940429719,0.050237304224015178,0.0087789313878592224,0.0064921874999999962,0.17739314743152645,0.46579813320677099,-0.060565047012801354,-0.07303078125000001
38,0.066411348386899105,0.036411238518145594,0.0063000230724382369,0.0067617187499999978,-0.16976718036704563,0.42340085482336332,-0.12456528738998587,-0.12201937500000005
39,0.092238104347454053,0.024892411978504697,0.014142595397479365,0.016101562499999996,0.15782561879158274,0.43496289606885641,-0.058198828228227466,-0.046539023437500014
40,0.060319596592329605,0.032447619717391504,0.0058531151437370013,0.0083554687499999974,-0.095967527871723579,0.37113093847044681,-0.098090677931855774,-0.087036679687499993
41,0.090952198894511699,0.043878330042790556,0.0098855124588614392,0.008964843749999998,-0.08825337881574935,0.65781428959837374,-0.15667421036696585,-0.16263820312500002
42,0.083505554378545205,0.038970917225950766,0.0093522738020448311,0.010277343749999996,-0.21219954128369833,0.85640586129753915,-0.22440713454205988,-0.21884941406250003
43,0.062915123728913197,0.011024400919824415,0.010897051789908643,0.011249999999999998,0.1246906042438134,0.52287931089257722,-0.083619628396240403,-0.081634921875000016
44,0.084783748025493572,0.029253719322213531,0.011661306027688808,0.011695312499999997,0.13999523552975413,0.3772498898027421,-0.049823477397327474,-0.04979800781250001
45,0.11220007382798081,0.042547768520858328,0.014626984114495719,0.015609374999999997,-0.33452048726467332,0.51319120174686983,-0.17801945469242406,-0.17232492187500004
46,0.084144283178505308,0.027372617341049316,0.011922049825865758,0.010816406249999999,-0.39074800068711446,0.37875503628375795,-0.16159563776388319,-0.16814812500000001
47,0.073819343893057221,0.023670357918704948,0.010531287054613977,0.010242187499999998,-0.24007704064469892,0.026534747342304543,-0.055988475477270726,-0.057700078125000019
48,0.085659265841102311,0.037192177759790446,0.010178088497075492,0.0095390624999999989,0.15539940481815895,0.76767754338038163,-0.12857840909806675,-0.13170328125000005
49,0.080930244658410838,0.040650975255261998,0.0084586465746612563,0.0071835937499999973,-0.2656592273190248,0.41322683851833009,-0.14256607382584452,-0.15030304687500004
50,0.083210064771230358,0.038638541552239822,0.009360019875988012,0.010980468749999996,-0.56878826102178548,0.10016028243001984,-0.14047919412487911,-0.12928160156250001
51,0.070748341257792807,0.039427247844474531,0.0065774296167968377,0.0078632812499999961,-0.14246207433322788,0.31844040393068962,-0.096789520435422674,-0.088924570312500006
52,0.1029646278833235,0.056606331546248528,0.0097352422307857445,0.010136718749999997,-0.11896689910783376,0.66904869385948695,-0.16548327452313735,-0.16328519531250002
53,0.066535174227481925,0.041603522775524482,0.0052356468049110632,0.003773437499999999,0.19674996032555725,0.49931272250615066,-0.063538180057924609,-0.070417382812500012
54,0.064085579310706187,0.022265703391531208,0.008782173943026746,0.010839843749999998,0.1451824029511134,0.14239134167279854,0.0005861228684461195,0.011469492187500006
55,0.078881272881763581,0.040729454163267786,0.0080118819308841165,0.0064921874999999971,-0.20918909870176028,0.14981043433912233,-0.075389901938585344,-0.083639765625000029
56,0.064765542886019462,0.044550830259434945,0.0042450896515827483,0.0045117187499999992,0.11937595363104769,0.184050633833727,-0.013581682842562653,-0.01274449218750002
57,0.069026443053769232,0.045376194183306101,0.004966552262797257,0.0023085937499999986,-0.50077959343891054,0.73444796248748057,-0.25939778674454217,-0.27675093750000002
58,0.067690819496971588,0.046163316654958361,0.0045207755968227773,0.0050507812499999971,-1.4550508076536528,0.12873770626944425,-0.33259558792385041,-0.32730890625000009
59,0.069273167777104794,0.033737695447271163,0.0074624491892650623,0.0062812499999999986,-0.0067464566929136272,0.43445874154754716,-0.092653091630496759,-0.099441914062500025
60,0.082828456001703354,0.032467692315955241,0.010575760374007103,0.011449218749999997,-0.40541512392192214,0.20679976296397107,-0.12856512624603758,-0.12320800781250005
61,0.068519344090497092,0.029967270378429472,0.0080959354795341991,0.0063281249999999987,-0.69278488077102907,0.56180027803939836,-0.26346288335018975,-0.27295804687499997
62,0.090615191163652464,0.051666341090227483,0.0081792585154192455,0.0044062499999999978,-0.40060520073731487,0.80996282354194127,-0.25421928509864378,-0.27855468750000006
63,0.09755564209328102,0.050762381911741386,0.0098265846381233226,0.0070546874999999985,-0.89584827606865824,0.11745554057243746,-0.21279380149463009,-0.23425558593750004
64,0.075267182133424149,0.03653694035753835,0.0081333507729360183,0.0058828124999999966,0.074577516701982427,0.76336552760639143,-0.14464548228992588,-0.15723011718749999
65,0.096460715683290565,0.036810987700262324,0.01252644287643593,0.010957031249999997,0.039604584257286413,0.80627299700186106,-0.16100036667636067,-0.16947550781250001
66,0.077722914512310282,0.041330542647856724,0.0076423980915352463,0.0066210937499999985,0.25541778248688607,0.48782035634759668,-0.048804540510749228,-0.054449765625000042
67,0.094146621465822172,0.040228607827515084,0.011322782864044489,0.011894531249999998,-0.19266122424950061,0.58811704770490947,-0.1639634371104261,-0.16042324218750001
68,0.073646160602682337,0.037960351782493615,0.0074940198522396315,0.0070546874999999976,-0.24527898527898495,0.24413407455324476,-0.10277674256476824,-0.10571496093750003
69,0.1061521811292163,0.041320196126220413,0.013614716850629137,0.014109374999999997,0.90070561536983229,0.67276556070880689,0.047867411478815333,0.050229609374999991
70,0.085992938150127901,0.04493709832285557,0.0086217263637271887,0.0087539062499999969,-0.29428898566600992,0.9310933804307453,-0.25733029688031861,-0.25650410156250003
71,0.083202921549231007,0.028322708606345975,0.011524844718005856,0.011343749999999996,0.27519946599271317,0.47815747741856152,-0.042621182399428151,-0.043700156250000004
72,0.089826612606373257,0.032261597890271318,0.012088653090381407,0.010980468749999998,-0.34100566869619975,0.45500291454342523,-0.16716180248032123,-0.17506148437500005
73,0.093942596241251092,0.04268386010993501,0.010764334587576377,0.0084023437499999958,0.31015530672605418,0.32402093729843329,-0.002911782420199612,-0.015377578125000037
74,0.096110792625893865,0.040852874083204802,0.011604162893964702,0.0099492187499999989,0.28189916422774031,0.16971664439407774,0.023558329165069138,0.014148984374999972
75,0.1021359836238067,0.04044554911166344,0.012954991247550084,0.010031249999999997,-0.050704908075223543,0.37431292106586223,-0.089253744119628012,-0.10890480468750006
76,0.10750058234334964,0.026327166961788009,0.017046417230127942,0.016101562499999993,-0.32969237712555322,0.0091209791183488598,-0.071150804811219437,-0.077275546875000017
77,0.10047836042531003,0.041832283213987242,0.012315676214377784,0.010957031249999997,0.093376589811603128,0.67555245082439397,-0.12225693081268607,-0.12954597656250003
78,0.072457525051755151,0.044604865728327808,0.0058490584579197419,0.0058359374999999982,-0.37003840612739536,0.44414295295583023,-0.17097808540747739,-0.17102179687500002
79,0.094954659371353139,0.047583115586429581,0.0099480241948339473,0.0068320312499999978,0.10692073520690248,0.079813458528951386,0.0056925281023697304,-0.011738671875000035
80,0.081252056279150775,0.048767804126343989,0.0068216929520894245,0.0055781249999999963,-0.57198421261442589,0.69344008415136349,-0.26573910232081577,-0.27405609375000006
81,0.082181144143565282,0.039024011949725559,0.0090629977607063414,0.0080156250000000002,-0.32393086137481986,0.34965907354622289,-0.14145388633341899,-0.14703480468750002
82,0.088530410620561883,0.035954316600192521,0.011040979744277566,0.0092929687499999983,-0.59882043068848412,1.0271048765067814,-0.34144431451100576,-0.35312742187500007
83,0.058774330464199609,0.042229150653690303,0.0034744877602069539,0.0017929687499999975,0.017511882451339056,0.66341427780123341,-0.1356395030234778,-0.14372273437499999
84,0.086691328631913367,0.04754881769099778,0.0082199272975922721,0.0066914062499999986,0.1116508725980031,0.61782325099860624,-0.10629619946412666,-0.11330625000000003
85,0.093906903564987126,0.032182189711477585,0.012962189909237002,0.013699218749999997,-0.083051183852027921,0.37296899778734727,-0.095764238144268793,-0.091509492187500013
86,0.076607799996105841,0.037551593875529504,0.0082018032853210313,0.0076992187499999977,0.43609206760256225,0.20259093604030864,0.049035237628073255,0.046112109374999939
87,0.086344785113937922,0.038395899490976215,0.010069265980821957,0.0090234374999999985,-0.21933505398973674,0.51683266315349152,-0.15459522060007794,-0.16100601562500003
88,0.065747477996804998,0.046755641862906358,0.0039882855881187146,0.0030351562499999975,0.61065861173930225,0.87263655977579324,-0.055015369087663107,-0.059602148437500023
89,0.076452458826033937,0.036380468316174461,0.0084151180070704892,0.0071132812499999998,-0.046357749027501005,0.27808591082657308,-0.068133168569355557,-0.076772226562500046
90,0.098687807545106615,0.026313978228848928,0.015198504156414114,0.014179687499999996,0.50476080734265261,1.1832498879656952,-0.14248270693083895,-0.14615730468750002
91,0.072510745646188202,0.044533308903652979,0.0058752617159323964,0.0056367187499999985,-0.73382572133226798,0.67884616688660082,-0.2966610965259624,-0.29849378906250001
92,0.10424645362909404,0.045112721310186205,0.012418083786970647,0.012890624999999996,0.038205000153190949,0.60709802160152204,-0.11946753450414953,-0.11719101562500002
93,0.081436081043153724,0.041506779874952493,0.0083851532453222584,0.0075234374999999989,0.2412736458040976,0.46554919608302381,-0.047097865558574502,-0.051735117187500033
94,0.078602285609240485,0.037251084240603638,0.0086837522874137381,0.0091289062499999973,0.28814586843959689,0.51723643315045931,-0.048109018589281106,-0.046081757812500027
95,0.084015387531530844,0.044030624358003256,0.0083968002664407924,0.0076874999999999973,0.48657021108038362,0.45105071888735754,0.0074590933605354764,0.0048576562499999818
96,0.10410258236345193,0.034079631222010742,0.014704819739702649,0.014261718749999996,-0.55580750102489229,0.22908736390290663,-0.16482792163483775,-0.16827914062499999
97,0.084903838709391138,0.025863893170359489,0.012398388563196645,0.01271484375,-0.46172976790743347,0.7897555280286136,-0.26281191214656985,-0.26118878906249998
98,0.08574664931731743,0.024937449532195427,0.01276993195487562,0.0096562499999999999,-0.36248040132916093,0.13498745703808157,-0.10446825025712092,-0.12412078125000001
99,0.074560630106389247,0.035798317943440142,0.0081400855542193111,0.008507812499999998,-0.35776406277552475,0.017348821411215964,-0.078773705679215544,-0.076850390625000001
100,0.11144087900842498,0.037563758389261737,0.01551419533002428,0.016464843749999999,-0.053822563073491203,-0.35028957494407176,0.062258072492821913,0.069058359374999961
101,0.079403040874762854,0.027805078445682474,0.01083557211010688,0.0076289062499999985,-0.46798890899204193,0.33842104612834212,-0.16934609057528063,-0.194073515625
102,0.090078667638819609,0.038375110475939764,0.010857747004204768,0.011578124999999996,0.6605352929889865,0.19743904235381105,0.097250212633386846,0.10085144531249998
103,0.06823835307019932,0.03869226707118037,0.0062046780597939796,0.0048984374999999983,-0.37369945492114331,0.36031084601817254,-0.15414216319725632,-0.16218937500000002
104,0.078646905712281223,0.049811297484175412,0.0060554777279022204,0.0039609374999999983,-0.82591076523557794,0.5622609278242171,-0.291516055542557,-0.30711117187500003
105,0.095060000200715339,0.032633683697588095,0.013109526465656721,0.012574218749999998,-0.9729086663104477,0.4349454966460512,-0.29564937422086474,-0.29999894531249999
106,0.068498136501281143,0.034845226558950906,0.0070671110878893495,0.0061054687499999989,-0.011037444677381769,0.64177250294300903,-0.13709008900028205,-0.14221335937500001
107,0.077929674216146355,0.051508060931864094,0.0055485387896992743,0.0040781249999999984,-0.39863846380557255,0.86762983676196037,-0.26591634311918189,-0.27537761718750003
108,0.090513571630855938,0.039899094360304685,0.010629040226815763,0.0069140624999999957,0.0024294662024715308,0.42968625802047045,-0.089723926281779776,-0.10769929687500002
109,0.092965809428520119,0.039965750933388597,0.011130012283977619,0.011167968749999996,0.087344467533800096,0.58287224560838902,-0.10406083339566367,-0.10390640625000001
110,0.058353300834503852,0.036939657830745209,0.0044968650307893147,0.0037499999999999973,0.062074485664711188,0.46740603326680819,-0.085119624996440366,-0.088459570312499985
111,0.098871546607244981,0.049919599436148279,0.010279908905930307,0.011472656249999996,0.08999391157736969,1.0258867853884723,-0.19653750350033156,-0.19129652343750003
112,0.10600104821802936,0.0366339571902949,0.014567089115824236,0.013710937499999996,0.36442377125553216,0.71384903383511,-0.073379305141711343,-0.078353671875000031
113,0.086335271592681895,0.03589355424262175,0.01059276064351263,0.010734374999999997,0.063457237662546961,0.45103125670191968,-0.081390543998268269,-0.080763867187499977
114,0.070705304701216276,0.040918679870762462,0.0062551912143953012,0.0063984374999999979,-0.66690827664454555,0.20261951318657445,-0.18260083586453518,-0.18160078124999998
115,0.07682776680723849,0.039471602594526187,0.0078447944846695827,0.005496093750000001,-0.18668887386971844,0.35133586457838939,-0.11298519507410264,-0.12801679687500001
116,0.091007398975526482,0.036133667372172898,0.011523483636704253,0.0087187499999999973,-0.49153629092651951,0.58347821139031242,-0.22575304548653471,-0.24749050781249998
117,0.075084359325125388,0.040614176590663048,0.0072387383742370907,0.0066210937499999976,-0.17852485180118549,0.28900627701891934,-0.098181537052222018,-0.10225078124999999
118,0.089768852175994979,0.042953796719161622,0.0098311616459350049,0.010863281249999997,-0.50233964583245505,0.54258893310244793,-0.21943500157632961,-0.21311917968750002
119,0.075186582383909822,0.0323232160097046,0.0090013069385830955,0.0090937499999999959,-0.077057594201685342,1.0068767070067581,-0.22762620325377311,-0.22728070312500001
120,0.081066144637277404,0.03300524618840267,0.010092788674263694,0.0081679687499999973,0.14309017806723623,0.80685208828190191,-0.13939000114507979,-0.1487068359375
121,0.11789879809185359,0.035815027765492155,0.017237591768535902,0.016863281249999994,-0.81095901772111212,0.76376533490589238,-0.33069211405167093,-0.3331041796875
122,0.053427128427128434,0.02334074252795422,0.0063181410388265845,0.0040312500000000001,-0.26920310245310253,0.35815976258791515,-0.1317462016586137,-0.14337222656250004
123,0.076528249459709763,0.031552417267788527,0.0094449247603034595,0.0076640624999999973,-0.41537357209015169,0.035462623372917723,-0.094675601047244567,-0.10803480468750004
124,0.076882569773565029,0.037507049329211728,0.0082688592933141923,0.008964843749999998,-0.34044504468675119,0.50946866179592409,-0.17848187836136181,-0.17401054687500001
125,0.086274836483470618,0.033417761670799989,0.011099985710660832,0.0089296874999999984,-0.4982244731819061,-0.10721747289290084,-0.082111470060691097,-0.099170859375000045
126,0.064520362457133607,0.031516138628813306,0.0069308870039472628,0.0074882812499999975,0.015267108535993057,0.25309058603923096,-0.049942930275679955,-0.048058359375000005
127,0.11133641520377352,0.023391522603570331,0.018468427446042671,0.016851562499999997,0.11713283802626373,0.55499981386953945,-0.091952064927087893,-0.099377109375000008
128,0.079215163282948781,0.032083658714764346,0.0098976159593187306,0.0091171874999999986,0.019886386513590759,0.21619473763760477,-0.041224753736042945,-0.046785000000000049
129,0.084738807723872656,0.035676461886024469,0.01030309262594812,0.0084257812499999966,-0.034030304016312574,0.25393328706251261,-0.060472354126553288,-0.071295937500000017
130,0.084009849422190058,0.024002859485713096,0.012601467886660162,0.012738281249999997,-0.013298835088199623,0.5851792070533981,-0.12568038884973551,-0.12509953125000003
131,0.077328191829072412,0.049358930049122646,0.0058735449737894506,0.0045351562499999984,0.40289153974182812,0.35352792491140289,0.010366359114389297,0.0065269921874999866
132,0.082689520540520367,0.034240622717081892,0.010174268542922079,0.0093984374999999971,0.078136545701826488,-0.4993445348515001,0.12127102691619858,0.11709199218749998
133,0.072641245863419385,0.03953754549675613,0.0069517770769992829,0.0049921874999999975,0.04494431572406421,0.53585995678602028,-0.10309228462301077,-0.11138402343750001
134,0.09398463478958835,0.035116112665937296,0.012362389645966721,0.012550781249999993,-0.08850182318541433,0.34797743111419865,-0.091660643402918726,-0.090695390624999983
135,0.10786052700911856,0.04656076626026541,0.012872949757259161,0.012246093749999997,0.13365962077441695,0.87243344406783452,-0.15514250289161768,-0.15857835937500003
136,0.073458509993943072,0.042856236480705814,0.0064264774377798236,0.0052851562499999991,0.17357964869775888,0.073987926277705118,0.020914261708211288,0.014991796874999946
137,0.10005947356304198,0.025487137634027948,0.015660190545092947,0.013148437499999999,0.04347968306346417,-0.0026147293424617635,0.0096798266052444456,-0.003718828125000009
138,0.078736089281949528,0.024643108942722577,0.011359525871237659,0.0096328124999999973,-0.0086050962157055988,0.049676917002735688,-0.012239222775872669,-0.023379726562500008
139,0.077464497569673385,0.048572292902640299,0.0060673629800769482,0.0064921874999999971,0.51708418690560676,0.52335143386945848,-0.0013161218624088622,0.00052886718749996394
140,0.075921936885494479,0.019977424287554779,0.011748347645567337,0.012609374999999996,0.31521690599373053,0.40947769160207226,-0.019794764977751761,-0.015091875000000031
141,0.066127094243805112,0.03060115989430591,0.0074604462133948321,0.0060585937499999989,-0.51532852705797028,0.7411507303655932,-0.26386064405894832,-0.27427429687500005
142,0.076384722571655267,0.041949040134424964,0.0072314933118183631,0.0058359374999999982,-0.12829210292040016,0.44583451651471062,-0.12056659008137326,-0.12829054687500002
143,0.10252940687723294,0.036450439952806279,0.013876583054129598,0.013441406249999996,-0.38803094672659866,0.46477215834930685,-0.17908865206594016,-0.18185824218749999
144,0.093253469063884986,0.029778426083993281,0.013329759025777257,0.011929687499999998,-0.464290486926903,0.11320011113820849,-0.12127302559367341,-0.13071257812500003
145,0.096191147945688588,0.042828393441054075,0.011206178445973247,0.011542968749999995,-0.43510550755304778,0.62256633447298149,-0.22211108682546615,-0.21984011718750004
146,0.093235968231970584,0.025487321028118001,0.014227215912809042,0.013874999999999997,-0.71135923305946247,0.35600254801334036,-0.2241459740252886,-0.22630382812500002
147,0.088377204414223171,0.037264610480513077,0.010733644726079119,0.0096796874999999973,0.31912636277563139,0.54004487168772841,-0.046392886871540376,-0.051463242187500022
148,0.10292806149266184,0.043139280046351119,0.012555644103725252,0.011800781249999996,0.55491083181432665,0.19901305514270595,0.074738533101040339,0.070664882812499968
149,0.081858223845198197,0.042406369749155126,0.008284889360169044,0.0063632812499999983,0.6424483981477993,0.57460701788607726,0.014246689854961627,0.0013553906249999771
150,0.10284440719223328,0.031408862328621071,0.015001464421358563,0.014578124999999997,0.1327000640044117,0.61473450492305415,-0.10122723259291491,-0.10363078125000003
151,0.10749413268806057,0.049159194883638832,0.012250336938928566,0.011437499999999998,0.17761456890282168,0.7926795990671287,-0.12916365633450447,-0.13372945312500001
152,0.078163733515262207,0.043298260689565035,0.0073217492933964059,0.0084140624999999979,0.13298668536855995,0.12255763429676481,0.002190100725076981,0.0076393359374999827
153,0.081365331791416085,0.026643809907956714,0.011491519595526467,0.011917968749999997,-0.14372319114393961,0.27806215021596281,-0.088574921685579511,-0.086680781250000047
154,0.081636745093628199,0.025847508112389006,0.01171573976606023,0.011859374999999997,0.28122147017542148,0.75354549315615738,-0.09918804482595453,-0.098975156249999988
155,0.075515205310280969,0.020137829148877559,0.011629248993894717,0.0098085937499999987,0.17697051559123178,0.64140390125732516,-0.09753101098987961,-0.10581410156250001
156,0.089043706407625656,0.038567125126258345,0.010600082069087136,0.011496093749999999,-0.041462146481442974,0.14532453500828635,-0.039225203112843159,-0.034606992187500032
157,0.069495296001876483,0.03561635952680603,0.0071145766597647949,0.0071601562499999973,0.15266885465800251,0.068015606365915637,0.017777182141338242,0.017682656250000015
158,0.075831402480577875,0.043963175960741493,0.0066923275691656396,0.0061992187499999999,0.59645232578515928,0.63645290156927636,-0.0084001209146645876,-0.01051664062500004
159,0.067433563959430759,0.021733959349253665,0.0095969169681371889,0.010417968749999998,0.02549001493828118,0.64302131076238089,-0.12968157212306095,-0.1265429296875
160,0.089190490612021001,0.033618487954735501,0.011670120558029955,0.0079687499999999984,0.19309266838015038,0.47780426362881145,-0.059789435002218824,-0.076364765625000025
161,0.1050250797993616,0.03962026421265194,0.013735011273209028,0.013148437499999997,0.16190332877336977,0.12607127765202208,0.0075247307354830133,0.0041076562499999534
162,0.085882521901479242,0.044166653839103176,0.0087603322930989731,0.0094453124999999954,-0.65861877985100725,0.72212067332114027,-0.28995528516615099,-0.28620925781250001
163,0.062295944966265698,0.042668342021406055,0.0041217966184205245,0.0013593749999999988,0.1746515758895324,0.16123831355169549,0.0028167850909457501,-0.0088695703124999966
164,0.1055358415544469,0.046129288477334995,0.012475376146193498,0.010042968749999997,-0.37838073446115761,0.46907888880445525,-0.17796652088577869,-0.195416484375
165,0.085562910094336864,0.040070962661007029,0.0095533089609992645,0.0070078124999999984,-0.52595311314098125,0.34056207241919856,-0.18196818896763775,-0.20050875000000001
166,0.089975959541176931,0.036630303705732573,0.011202587725443315,0.010781249999999997,0.13960839526056923,-0.024054453666939812,0.034369198274776899,0.031545117187499978
167,0.087220717634667877,0.032505896259446623,0.011490112488796464,0.011917968749999997,0.10461181998401947,0.21324820871357908,-0.022813641633207517,-0.020664140625000035
168,0.071946396658943451,0.025594474481594548,0.0097339036572432688,0.007710937499999999,0.29704220636900958,0.056741067534898049,0.050463239155163417,0.037083632812499975
169,0.076141064507463829,0.03284347831537511,0.0090924931003386299,0.0098671874999999958,0.39883960244061567,0.53454828660436138,-0.028498823674386598,-0.024766406250000018
170,0.081346389655886808,0.026868581716910075,0.011440339667185113,0.011765625,-0.40148229492032994,0.69740087162671682,-0.23076546497487979,-0.22845046875000005
171,0.069792964837409793,0.031585192216421448,0.0080236322504075516,0.0056718749999999981,-0.31051789593637935,0.21824284132257565,-0.11103975482438054,-0.12716671875000005
172,0.089469555838807724,0.042345933219759088,0.0098959607500002135,0.0086718749999999973,0.077601180943665415,0.20149759483028606,-0.026018246916190334,-0.033787851562500019
173,0.06581180115129423,0.043807022613601601,0.0046210034929154518,0.0058828124999999983,-0.60238005039802123,0.9140167084932137,-0.31844331936715936,-0.30984421875000001
174,0.084085727314181485,0.039461215751822348,0.0093711474280954183,0.0087539062499999987,0.55362745098039179,0.56956196873669274,-0.0033462487288231989,-0.006703242187499985
175,0.099420530431670567,0.035355931228796503,0.013453565832603553,0.013113281249999997,-0.23345578593891603,0.44595519952849161,-0.14267630694815558,-0.14496738281250002
176,0.068969823417880549,0.039032401817031784,0.0062868585361782409,0.0059414062499999988,-0.28726213193021988,0.45833405209591183,-0.15657519864548766,-0.15861984375000002
177,0.064992529718393671,0.039260895676046667,0.0054036431488928708,0.0068671874999999983,-0.27111403601591966,0.12840783001601463,-0.083899591866706202,-0.074604726562500043
178,0.06844689694815928,0.043518600422625189,0.0052349422703621591,0.0048281249999999973,0.28850791793070601,0.19755290186249952,0.019100553374323363,0.01675265624999998
179,0.075882963300397344,0.045528828472592833,0.0063743683138389471,0.0043828124999999978,-0.24107199282710956,0.26706293924525371,-0.10670833573519628,-0.12004101562500001
180,0.082308156594537663,0.030706091559899937,0.010836433657273922,0.0086718749999999973,-0.51141879328124429,0.4742359450088437,-0.20698749504091846,-0.22185492187500003
181,0.090492823014343055,0.034049724880159254,0.011853050608178598,0.010757812499999997,-0.49697033318700345,0.8342998420135096,-0.27956673679210775,-0.28601859374999999
182,0.094551753439879732,0.040900640700921809,0.011266733675181164,0.010019531249999996,0.52395329244334055,0.028262153446431793,0.10409513918935083,0.099840000000000012
183,0.067939513217739944,0.038124745819977809,0.0062611011535300479,0.0063046874999999961,-0.26335851172609437,0.5184090987740414,-0.16417119820502851,-0.16397460937500002
184,0.08618215725107306,0.042611898585540806,0.0091497543197617739,0.010394531249999997,-0.2212848875291869,0.73667217239465765,-0.20117098258400734,-0.19656750000000003
185,0.10087283774286426,0.024995289563385328,0.015934285117690575,0.014554687499999996,-0.58999174771588558,-0.11007831495286435,-0.10078182088023445,-0.1114824609375
186,0.076122256294064689,0.042729464933137715,0.0070124861857946644,0.0063281249999999987,-0.53720971362533676,0.43258842178040835,-0.20365760843520647,-0.20815910156249998
187,0.063751450617160449,0.033826056210931543,0.0062843328253080703,0.0073476562499999974,-0.93633495400339573,0.28282214229341129,-0.25602299022232944,-0.24836039062499998
188,0.093960193255552743,0.020761839396019208,0.015371654310502043,0.016757812499999997,0.032128945420823785,0.75555275537634392,-0.15191900009065923,-0.14312402343750003
189,0.1057123063454935,0.038644295302013423,0.014084282319130816,0.015023437499999997,0.1482058651605308,0.81883353467561526,-0.14083181059816774,-0.13655894531250001
190,0.095767337035328998,0.022826400852411347,0.015317596598412706,0.012726562499999998,0.05763626049895143,0.2715597380482716,-0.044923930285357232,-0.061463671875000021
191,0.082120230505997205,0.02844957537626297,0.011270837577244189,0.012679687499999997,-0.50742773232071336,0.077333346959625127,-0.12279982664887108,-0.113977265625
192,0.084910265068971674,0.035568036826923666,0.010361867930830082,0.010675781249999999,0.34685808241714355,0.41069618281117348,-0.013406001082746285,-0.01220882812500001
193,0.058538568685765902,0.031627831055439551,0.0056512549023685337,0.0036562499999999972,0.36929887437412945,0.56705948735593426,-0.041529728726179008,-0.052896914062500022
194,0.10903520328441435,0.039426819017391701,0.014617760696074756,0.015070312499999995,0.45293639511014433,0.12900670067386488,0.06802523583161868,0.070081171875000015
195,0.083351880164889397,0.044396525669078438,0.0081806244441203005,0.0068203124999999983,-0.04336903195215891,0.53301643508084751,-0.12104094807693135,-0.12789703124999999
196,0.082485542942814322,0.041706576829683276,0.0085635828837575187,0.008050781249999998,0.44359479351233472,0.31750497082730711,0.026478862763855797,0.024263789062499975
197,0.10250274606486889,0.042771931416129921,0.012543471076235184,0.0092578124999999969,0.16857128533740129,0.54654374943300388,-0.079374217460076543,-0.093768749999999998
198,0.090331890331890319,0.041987689555442118,0.010152282163054123,0.0080390624999999976,0.4865454545454545,0.5225565980876945,-0.007562340143870399,-0.018200507812500009
199,0.082552179923795405,0.040443317286862082,0.008842861153755998,0.0069140624999999975,-0.1048200617536692,0.38819742099194587,-0.10353367137657916,-0.11404324218750003
200,0.078901759466456056,0.050010692595541806,0.0060671240428919922,0.0057890624999999973,-0.24374552089275026,0.90282800035101129,-0.2407804394611899,-0.24236789062500003
201,0.083129508625315068,0.05722094868629872,0.0054407975871934326,0.0046640624999999981,0.013164470825510532,0.36098470917197756,-0.073042250052758079,-0.077354648437500034
202,0.097297531301852508,0.037522522522522528,0.012552751843659296,0.011414062499999995,0.14445134911521684,0.26088360360360363,-0.024450773442561226,-0.031260351562500024
203,0.10271557044612944,0.044158789339732218,0.012296924032343417,0.012656249999999996,0.84419554164462474,0.30765940531460212,0.11267258862930475,0.11405273437500001
204,0.068170422092579119,0.049222774659326077,0.0039790059609831384,0.003749999999999999,-0.093509358413061405,0.17951425801918863,-0.057334959450772507,-0.05863582031250001
205,0.088685645063597801,0.033978082241445273,0.011488588192652031,0.010347656249999997,0.37423955178679591,0.24291063088923026,0.027579073388488785,0.023367656249999966
206,0.11458333333333331,0.032624039203443783,0.0172114517672768,0.013710937499999996,-0.015903731684981715,0.019320488050697859,-0.0073970861444927101,-0.027398320312500016
207,0.059103288957273348,0.029830871189839958,0.006147207731161012,0.0065742187499999993,-0.47748971195936263,0.67871566864422461,-0.24280312992675332,-0.24024082031250005
208,0.096701871902471259,0.03335843105460988,0.01330212257805089,0.0099960937499999972,0.15161274698485028,0.49835635998248817,-0.072816158729503949,-0.094308515625000033
209,0.075237620075416595,0.036487847194103973,0.0081374523050756504,0.0062812499999999986,-1.1845339790380953,0.60128229690776858,-0.37502141794863142,-0.39048093750000007
210,0.09563243243243244,0.03126994598558018,0.013516122153838975,0.015070312499999999,0.56663759073359077,0.99348580614845372,-0.089638125237121211,-0.08250785156250004
211,0.13922634502092979,0.0484374801536058,0.019065661622138037,0.017203124999999996,0.20339769218541515,0.951936878234521,-0.15719322907031222,-0.16480335937500001
212,0.095529711585093324,0.036084124892986333,0.012483573205342468,0.013101562499999997,0.62407659100899349,0.022961693864878119,0.12623412840026421,0.12923425781249998
213,0.074383731104607304,0.039188703672154698,0.0073909557608150466,0.0057070312499999986,-0.63601427149020906,0.41311325567843848,-0.22031678070541597,-0.23089124999999999
214,0.071322939025151855,0.037506606507784132,0.0071014298286472214,0.0036562499999999993,-0.34747797332804209,0.35044865100323719,-0.14656459110956865,-0.1674965625
215,0.082555142751949667,0.03875059594235665,0.0091989548300145333,0.011214843749999997,0.35538208506729441,0.085800298385152907,0.056612175203249709,0.067700156249999976
216,0.057942695878960476,0.041583746882635969,0.0034353792892281463,0.0026835937499999985,0.030606227061180213,0.40046187369322617,-0.077669685792729648,-0.081399960937500015
217,0.06800897076226653,0.045676764490831676,0.0046897633170013189,0.005238281249999999,-0.45962242984810586,0.74573418302246541,-0.25312488870281996,-0.25030371093750003
218,0.11740387700879931,0.046749967933727724,0.014837320905765033,0.015679687499999997,0.28576672170591344,0.7180273092205034,-0.090774723378063887,-0.086730585937500035
219,0.08418259714143575,0.042578049085636865,0.0087369550917177647,0.0061523437499999981,0.068365293240784775,0.83418740106210953,-0.1608226426424782,-0.17322703125000005
220,0.077621302562721872,0.046736142729464927,0.0064858835649839585,0.0058125000000000008,-0.2393967197233221,0.81132633513768726,-0.22065184152081196,-0.22474863281249999
221,0.09226940963148153,0.027175590762888224,0.013669701962404595,0.010957031249999995,0.48205062510506819,0.33203558020732726,0.031503159428525593,0.021864843749999974
222,0.083131355769599763,0.034513937205789269,0.010209657898400204,0.010992187499999998,-0.81414800260946318,0.33660755812131338,-0.24165866775346309,-0.23646175781250003
223,0.081067031463748301,0.027336159150521594,0.011283483185777609,0.010628906249999997,-0.0042683994528045499,0.31346977930311937,-0.066725017538744019,-0.071009882812500036
224,0.067526494163214795,0.033713897240736465,0.0071006453537204488,0.0072539062499999973,0.029440015845147993,-0.28486052578092702,0.066003113741475744,0.066587226562499977
225,0.085988646470734037,0.045288489599786458,0.0085470329428989911,0.0078164062499999978,-0.13404931203250525,0.51567304251538393,-0.13644169445505672,-0.14085621093750003
226,0.06181574656417424,0.043381570082994952,0.0038711770610476504,0.0029179687499999978,0.44840991148381076,0.52141215206038749,-0.015330470521081113,-0.019276757812500024
227,0.084354734244463936,0.038053883164974669,0.0097231787266927449,0.0089179687499999997,-0.16088636191798389,0.12725882938257294,-0.060510490173116931,-0.065881054687499996
228,0.059548697935881995,0.024995591606418621,0.0072561523291873077,0.0064921874999999997,0.1790480315771158,0.77383889210771617,-0.12490608071142607,-0.12830636718749999
229,0.088167388167388144,0.030577657885922718,0.012093843359107738,0.009984374999999995,0.32732792207792205,0.53957399437652931,-0.044571675182707521,-0.056037773437500021
230,0.075794697265320482,0.038896396396396388,0.0077486431824740597,0.0065390624999999954,-0.11416886274350713,0.70128256756756746,-0.17124480036532566,-0.17694832031250002
231,0.067748468079996599,0.038238610083256228,0.0061970701793154781,0.0041718749999999985,-0.45904464349397844,-0.48409668420444019,0.0052609285491969655,-0.0087333984375000378
232,0.087557155306514395,0.038505700973948662,0.010300805409838803,0.0088359374999999966,-0.34438918911078864,0.82161638848618801,-0.24486117129536508,-0.2552049609375
233,0.061483079931460516,0.037624369930593593,0.0050103291001820536,0.0064804687500000001,0.52924955928319939,0.96751168328878834,-0.092035046041173671,-0.08633062500000005
234,0.075390624999999989,0.039344964448139216,0.007569588715890762,0.007499999999999998,0.41029296874999999,0.3136347898624724,0.020298217566380793,0.019771406249999977
235,0.063474885607652687,0.037279265435675252,0.0055010802361152612,0.0047460937499999986,-0.61348015999897998,-0.020449120840365431,-0.12453651822330905,-0.13106695312500002
236,0.077369527520490394,0.036807084875783186,0.0085181129553885127,0.0063398437499999983,-0.3686122004960295,0.13734118717095078,-0.10625021141006585,-0.11924250000000003
237,0.087176707219717625,0.039709436498404069,0.0099681268514758472,0.0086249999999999973,-0.28505131876319512,0.75336734273159767,-0.21806791891390648,-0.22592085937500003
238,0.07015961138098542,0.037067520824264552,0.0069493390169113817,0.0053437499999999978,-0.45283897052167887,0.082384452238393857,-0.11239691877961527,-0.12258597656250003
239,0.069256748990605355,0.032290755688090492,0.0077628585935281208,0.008296874999999997,0.28846956368220533,0.79116013569697918,-0.10556502012310251,-0.10288007812500004
240,0.070076771483454314,0.047472035794183437,0.0047469944947468841,0.005695312499999999,-0.11413102042083956,0.18457552572706948,-0.062728374691060892,-0.058379531250000019
241,0.080574847947395917,0.045757944784069388,0.0073115496642985707,0.0062812499999999986,0.024971480665649137,0.45444526853369305,-0.090189495452289214,-0.096251484375000015
242,0.096098136341403628,0.037400352318539887,0.012326534644801386,0.012152343749999996,0.68376552591423434,0.29666295400355569,0.08129154010124251,0.080289492187499978
243,0.091204242069166386,0.046572326515520748,0.0093727022662655844,0.0097851562499999961,-0.025192161335342744,0.74159583872539958,-0.16102548001275588,-0.15918644531250001
244,0.089156966490299833,0.025193121544501623,0.013432407438617623,0.016839843749999996,-0.11795042915931797,0.69662053673234081,-0.17105990283724834,-0.151755
245,0.078117481810537986,0.038304790743991804,0.0083606651239746983,0.0076523437499999968,-0.37376617853619176,0.14103740319134794,-0.10810875216278333,-0.11190023437499999
246,0.0956962173771225,0.030917545080479752,0.013603521182294976,0.013640624999999997,0.066640828578025446,0.88338810450676619,-0.17151692794503556,-0.1713319921875
247,0.089792185337920855,0.042758268886817649,0.0098771224547316728,0.0090820312500000007,0.37876899896789551,0.17265813537546926,0.043283281354409509,0.039240234374999988
248,0.0819520366778346,0.045167960521129258,0.0077246559929081216,0.0080976562499999964,-0.79204622935402325,0.12826593955092069,-0.19326555547003821,-0.19030664062500005
249,0.068323433496389474,0.0372463280952227,0.0065261921342450223,0.0055312499999999997,-0.42398745050081532,0.24476063386155134,-0.140437097716097,-0.14608371093750003
250,0.078359295750600078,0.041639863110315006,0.0077110808544598643,0.0072656249999999978,-0.28003678655852571,0.47780048649718643,-0.15914582734169955,-0.16171300781250003
251,0.10022703818369452,0.03662555602072029,0.013356311254224588,0.013546874999999996,0.065595229904827357,0.51878176496454498,-0.095169172362540702,-0.094202929687500006
252,0.084485557343072892,0.032511172905794361,0.010914620731828492,0.0094101562499999975,-0.19158985173268428,0.14134786816892875,-0.069916921179338731,-0.079492851562500008
253,0.050006289795049452,0.041529511425101334,0.0017801234576891047,0.00036328125000000043,-1.3119507073600278,0.21861461389697456,-0.32141871746397049,-0.33206566406250004
254,0.10720806941676142,0.032044892749530055,0.015784267100118585,0.014707031249999997,-0.14154125460235045,0.28734980532561061,-0.090067122584871817,-0.097292812500000048
255,0.06489558588050931,0.042021428335087582,0.004803573084538563,0.0059882812499999962,-0.55229283261124473,0.32760808065181046,-0.18477919178524158,-0.17657953125000003
256,0.082166636149894751,0.039924301584502594,0.0088708902587323526,0.0081210937499999972,0.083330655144991217,0.82324709675794139,-0.15538245273871953,-0.15891363281250001
257,0.075838952983771107,0.045826653088515898,0.0063025829780035941,0.0050624999999999984,-0.045278531301180647,0.68920073814440863,-0.15424064658357375,-0.16163179687500004
258,0.075625991888555816,0.043326899687286369,0.0067828093622665838,0.0071718749999999986,0.086697378475283471,0.48168738285005175,-0.082947900918701328,-0.08107113281250003
259,0.075541125541125548,0.02953076337263405,0.0096621760553832134,0.0075234374999999963,-0.17153535353535354,0.15792692063932867,-0.069187077576683256,-0.080213203125000021
260,0.089013127413127419,0.039437342954803625,0.010410914736247997,0.011953124999999995,0.037202625482625651,0.83143724481071524,-0.16678927005889882,-0.15751066406250006
261,0.097900917149545269,0.02431724302199488,0.01545257156678558,0.016171874999999995,0.35405679419778191,0.52710971436093179,-0.036341113234261473,-0.03246843750000003
262,0.071331842274579477,0.032084526321467327,0.0082419363501535503,0.0087421874999999965,0.17279190538925848,0.5170919498877492,-0.072303009344683047,-0.069502734375000041
263,0.071790933694797665,0.028034234325011953,0.0091889068676549984,0.0084023437499999992,-0.29781426126182753,0.81966826838300122,-0.23467133122541403,-0.23897859375000002
264,0.081394134773260463,0.034538680908106412,0.0098396453116823511,0.011097656249999997,-0.44462597837706974,0.76482730435980151,-0.2539851893747429,-0.24539320312500001
265,0.061764171821438868,0.044002945942492364,0.0037298574345787658,0.0045937499999999989,-0.037589105894736741,0.63193365072409891,-0.14059977888995548,-0.13589800781250003
266,0.08250020656035692,0.031568515903978328,0.010695655037839504,0.0099609374999999993,-0.27352117365164685,0.63571774468708797,-0.19094017285113429,-0.19550179687499999
267,0.11175123556096642,0.028114563937738063,0.017563701040877955,0.016066406249999995,0.10482126034465256,-0.012101845735793648,0.024553852276893703,0.016831874999999986
268,0.077486419128098283,0.040395686337102971,0.0077890538861090149,0.0072656249999999969,0.035993399404194104,0.27786404066080861,-0.050792834663889043,-0.053973281250000005
269,0.076431406849222894,0.030602502882390539,0.0096240698330347946,0.0064453124999999953,-0.12711911009441801,-0.1447045054103302,0.0036929330163415594,-0.011731875000000027
270,0.084807536919559195,0.033831749344313142,0.010704915390801671,0.0089296874999999984,-0.77766018532845083,0.1843831410925294,-0.20202909854840584,-0.21494531250000001
271,0.10309550303123322,0.033917775737106637,0.01452732273176658,0.011917968749999997,-0.20072150065229077,0.72648574255943721,-0.19471352107446288,-0.21044542968750002
272,0.091744488125687723,0.047743433219226222,0.0092402215303569145,0.0085546874999999981,0.04512376931887141,0.48174996486849575,-0.091691501065421108,-0.095069531249999992
273,0.0681460753370427,0.027413288626819257,0.0085538852091469227,0.0066210937499999976,-0.19301420478168629,0.70399612004552259,-0.18837216821371386,-0.2003569921875
274,0.09733088224815814,0.047032722135445168,0.010562613623669724,0.0064101562499999966,-0.45920004845168372,0.87586722115547233,-0.28036412661750276,-0.30980894531250003
275,0.066421818676460576,0.038704688529703699,0.0058205973308189437,0.0043710937499999982,-0.46265895848919736,0.23528965579104244,-0.14656920899885034,-0.15756597656250004
276,0.089169957374294589,0.037706883542354436,0.010807245504707432,0.0068906249999999992,0.38345177900229488,0.43784523772380773,-0.011422626331517699,-0.029876484375000009
277,0.094894409230274951,0.028771719338347282,0.01388576487730481,0.011999999999999997,-0.0049324296832593539,0.38875116117832176,-0.082673554080932035,-0.09062695312500002
278,0.07472794808741598,0.043932842759873372,0.0064669721187839476,0.0052031249999999985,-0.3771907253840398,-0.085122708702688565,-0.061334283503083759,-0.067710351562500021
279,0.089070822285386375,0.037352272257857616,0.010860895505781039,0.011109374999999999,-0.018100434250083453,0.45810120657342601,-0.10000234457293698,-0.098537460937500002
280,0.10900971641095766,0.044551367425030602,0.013536253287044683,0.011449218749999997,-0.16629498264615139,0.36305227304716259,-0.11116292369559592,-0.12203671875000001
281,0.078335757308093557,0.030657020872865273,0.010012534651397939,0.0096679687499999986,-0.032870316081232254,0.50969926973722024,-0.11393961302187502,-0.11642695312500004
282,0.083810354077664628,0.038417207641341461,0.0095325607516278648,0.010148437499999998,0.18321841379316695,0.5774678634282755,-0.082792384423372792,-0.079407304687499999
283,0.094057877860211414,0.034920337429398804,0.012418883490470647,0.011203124999999998,-0.39675407538139174,0.33202760224878591,-0.15304415230233731,-0.15970968750000003
284,0.081526266495084765,0.044441090219078827,0.0077878870179612465,0.0074414062499999992,0.20190069064244209,0.68729486516014027,-0.10193277664871661,-0.10398117187500004
285,0.065160890866352045,0.030267977690910247,0.0073275117668427769,0.0047343749999999981,-0.23495399518353322,0.72209784331328153,-0.2009808860843311,-0.2128632421875
286,0.099950537946320667,0.039049382525383883,0.012789242638396724,0.014753906249999997,0.086107559512519694,0.26533616557069761,-0.037638007272217361,-0.025685976562500025
287,0.086214088676579426,0.047028560644386763,0.0082289608867604589,0.0050859374999999958,-0.49066594900087479,-0.076318564815328616,-0.087012950678964696,-0.10737890625000002
288,0.084175002274780919,0.039453476576356408,0.0093915203966691476,0.0071367187499999981,-0.25922002491898632,0.21160371580583004,-0.098872985552211426,-0.11181539062500001
289,0.064663091382148347,0.032055993957544868,0.0068474904591667302,0.0059648437499999988,0.040071455120570976,0.55572647833268196,-0.10828755487454331,-0.11352890625000001
290,0.086911877352559203,0.03778029673856928,0.010317631928937884,0.010195312499999998,0.10231328470119239,0.43799334470606721,-0.070492812601023705,-0.07148695312500003
291,0.054054856806236395,0.035938613632147648,0.0038044110665586368,0.0056718749999999972,-0.14256167770790973,0.77777214292986985,-0.19327010233393371,-0.18303328125000001
292,0.072756437315322914,0.040362110356845116,0.0068028086612803374,0.0075468749999999972,-0.23706619593998246,0.4628777963732551,-0.14698823838577987,-0.14348988281250002
293,0.094708301159551811,0.039021390986044374,0.011694251136436561,0.013054687499999997,0.21657088931674151,1.0171437457103638,-0.16812029984266066,-0.16199929687500003
294,0.073831409806835613,0.032408723936116907,0.008698764032850928,0.0069140624999999966,-0.52156925765329265,0.24578380326637528,-0.16114414279313025,-0.17126296874999997
295,0.082901076349384428,0.036915799308727168,0.0096569081785380251,0.0084023437499999958,0.18571611069449212,0.57573693600893461,-0.081904373316032925,-0.088222734375000014
296,0.08367453354190757,0.023839767624470459,0.012565300842661793,0.011191406249999997,-0.43360366365140912,0.87786966559956858,-0.27540939914270529,-0.28374058593750001
297,0.11093159949171853,0.044769503546099307,0.013894040148580037,0.015222656249999997,0.025941898700945321,0.30820282115076647,-0.05927479371446244,-0.052577812500000015
298,0.11126867670409979,0.031155864295880881,0.016823690605725972,0.013968749999999995,-0.31336302634347935,0.44247140115706796,-0.15872522977511494,-0.1778462109375
299,0.089023460385023456,0.038259128710196363,0.010660509651713689,0.012984374999999998,0.30658214244400461,0.63703960384407055,-0.069396066894013841,-0.058807382812499996
300,0.08044991259029588,0.039134146533664552,0.0086763108718925785,0.0087187499999999956,0.34077961393131101,0.44554700382082602,-0.022001151876798151,-0.022079765625000036
301,0.10187817977797387,0.040039400890659271,0.012986143566336063,0.011753906249999996,-0.44869398960682427,0.50876896094652235,-0.20106721961620277,-0.20781070312500002
302,0.099900933203863035,0.043676231176231178,0.01180718742580269,0.0081210937499999972,0.4334837140912623,0.9183276098901102,-0.10181721811775805,-0.1200010546875
303,0.12268007961697779,0.035224378517412711,0.018365697230908664,0.018503906249999997,0.083299727600389284,0.57023033157418879,-0.1022554268344979,-0.101705390625
304,0.080650812735575811,0.029878388302035999,0.010662209131043361,0.010968749999999996,-0.8158605890033972,0.081805009724094102,-0.18850977573277317,-0.18631042968750003
305,0.073965730593183787,0.046058020032887656,0.005860619217662187,0.0053320312499999991,-0.69087819954693086,0.38545702665986992,-0.22603039750342813,-0.22976519531250003
306,0.10005129288235828,0.03609061726511105,0.013431741879621919,0.011835937499999998,-0.20604236188637159,0.60090068500547489,-0.16945803984728774,-0.18112242187500002
307,0.097280905002044449,0.044214308712716546,0.011143985220758859,0.010640624999999997,-0.59234012052415363,0.61677980843234126,-0.25391518508086391,-0.25716714843749999
308,0.07775249166526102,0.038829979239206544,0.008173727609471439,0.0090468749999999976,0.48921496298795208,0.26985629578838077,0.046065320111909974,0.050376914062499979
309,0.065333485860131907,0.03664265171280208,0.0060250751709392631,0.0043476562499999982,-0.26510348530777561,0.068497225018854691,-0.07005614916859236,-0.081282890625000007
310,0.086366023166023154,0.040048594164088985,0.0097266600904061754,0.011238281249999997,0.37052231660231649,0.42223548228133545,-0.010859764792593981,-0.0027282421875000295
311,0.068962958740396291,0.036585916128486426,0.0067991789485010714,0.005050781249999998,0.53120970201045448,0.98072195493386727,-0.09439757311391668,-0.10444289062500005
312,0.091990839567144267,0.049080417882256588,0.0090111885538264117,0.0087890624999999983,-0.059722830760301826,-0.48734601161891766,0.089800867980309326,0.088255664062500017
313,0.094937109367394218,0.052417135883212812,0.0089291944316780957,0.0084257812499999966,0.023886027765337881,0.50772784524559333,-0.10160678167085364,-0.10487730468750002
314,0.074803149606299218,0.03528996361489721,0.0082977690581944215,0.0071132812499999963,-0.28586069049061191,0.85581741558975366,-0.23975240227687677,-0.2459005078125
315,0.076889731381884457,0.034954269602061799,0.0088064469737627587,0.0091757812499999973,-0.21213594016340442,0.90979237273676772,-0.23560494570903612,-0.23320582031250001
316,0.072339867120937429,0.039985879796454529,0.0067943373381414091,0.0060703124999999976,-0.49450397567934057,0.42493505948830057,-0.19308219738520463,-0.19825125000000005
317,0.096492270086692561,0.031514226863935721,0.013645389076778936,0.011531249999999995,0.43538195759110954,0.30567479071961556,0.027238505043013735,0.01849582031249997
318,0.090004767897011007,0.05192829800509266,0.007996058677302853,0.0073476562499999966,0.11868241034970972,0.53477513026761803,-0.087379471182760737,-0.091744453125000056
319,0.083630396058692796,0.034906040268456368,0.010232114715949649,0.011203124999999996,0.4568479505208759,0.62669953020134217,-0.035668831732897914,-0.031193437500000021
320,0.084006113524344422,0.040306790188368774,0.0091768579005548859,0.0088945312499999988,0.016728094423237083,0.55441446824675289,-0.11291413850293831,-0.11483554687500003
321,0.10494602699379346,0.04131227716167267,0.013363087464745366,0.012679687499999997,-0.8894801847864654,0.37539668490048417,-0.26562414263425943,-0.27007453124999997
322,0.092825529932448164,0.043533748612882867,0.010351274077108712,0.0094453124999999971,-0.12493565105986504,0.74746888849195581,-0.18320495330588238,-0.18818695312499997
323,0.11311967615685674,0.045271219844827154,0.014248175825526212,0.011859374999999997,0.367982647149106,0.83612681675499245,-0.098310275617236154,-0.10974984375000002
324,0.07555420956995762,0.039188958601059184,0.0076367027034686709,0.0064687499999999988,-0.077182798304058164,0.11734936516212124,-0.040851754327897671,-0.046913671875000028
325,0.079345576745195351,0.035088868542720003,0.0092939087225198235,0.0082499999999999969,-0.39624180031253087,-0.10658630867914543,-0.06082765324301094,-0.068011757812500004
326,0.097477707672708719,0.039655129010825615,0.012142741518995451,0.011589843749999997,-0.038256547045394163,0.37167030561796527,-0.086084639059305482,-0.08921484375000005
327,0.065555664016601789,0.019995077964489447,0.0095677230709435915,0.0076757812499999977,0.028085373304844174,0.26421756028999699,-0.049587759266882088,-0.059322656250000029
328,0.078515625000000006,0.0468922902977148,0.0066409002874798931,0.0065742187499999959,-0.03695312499999992,0.61165409919847502,-0.13620751708167972,-0.13668550781250002
329,0.065920115951174307,0.037918051498272543,0.00588043353510937,0.0071132812499999963,0.28315422196367646,0.42208133938537928,-0.029174694658557591,-0.024710039062500008
330,0.083085850459148236,0.025139714562406767,0.012168688538315708,0.0095624999999999981,0.41961599657303728,0.65563333922398848,-0.049563641956699753,-0.059747226562500019
331,0.052980089721149176,0.038429846667318648,0.0030555510413044105,0.0038671874999999978,-0.35924086358679985,0.51417403954196006,-0.18341712965703957,-0.17882695312500005
332,0.09003151284318392,0.036586118951821928,0.011223532717186019,0.0098320312499999979,0.46623868144823055,0.58796799878114636,-0.025563156639912318,-0.03292042968750003
333,0.079379844961240287,0.040966612243617945,0.0080667788707006922,0.0074531249999999997,0.11884760601915179,0.65258463865004623,-0.11208477685248783,-0.11529949218750002
334,0.089122376146436921,0.026330882491208935,0.013186213667597877,0.013945312499999996,-0.40146386277293855,0.12320163974501208,-0.11017975552876963,-0.10587210937500004
335,0.099550259187136669,0.037443046428834198,0.013042514679243519,0.010289062499999996,0.032919024195091295,0.017760146933138765,0.0031833642250100312,-0.01339910156250001
336,0.066207253649287673,0.042865203266057153,0.0049018305804784086,0.0045585937499999984,-0.7677298346874597,0.38445472873900294,-0.24195875831955715,-0.24417117187500001
337,0.066253412834299252,0.032831536921038462,0.0070185939417847657,0.0067851562499999987,-0.43286962782464722,0.43938465384961722,-0.18317339915159553,-0.18490957031250005
338,0.086597336812617526,0.042555958805794283,0.009248689381432881,0.0099609374999999976,-0.065094654438005994,0.30732129537348696,-0.078207349460413522,-0.075259570312500024
339,0.070253052774111896,0.042715836980886809,0.005782815316577268,0.0063632812499999965,-0.043829471473917248,0.85271387105077467,-0.18827410193018529,-0.18535957031250003
340,0.082597101898117559,0.036660916066374574,0.0096465990246660267,0.010488281249999995,-0.19960952773345797,0.74217293358269287,-0.19777431687639166,-0.19375734375000001
341,0.08960982874026352,0.044467015728922282,0.0094799907323816594,0.0090468749999999959,-0.18993556645730558,0.74304072874815952,-0.19592502199314765,-0.1986186328125
342,0.087822911000344145,0.028498875824263803,0.012458047386976871,0.013710937499999996,-0.032916291995544689,0.25774090367897384,-0.061038011091648886,-0.053234062500000005
343,0.095503831904510755,0.040881552762173465,0.011470678619890831,0.01069921875,0.50007702068854942,0.279940675617805,0.046228632464856326,0.043145390624999995
344,0.091607343574372418,0.023647405457738357,0.014271587004493153,0.015433593749999997,0.067316459939657958,0.90705587524850129,-0.1763452772148571,-0.17093074218750001
345,0.096674912349580339,0.037101299634127172,0.012510458670245165,0.012386718749999996,-0.25296415370099368,0.23805105384839831,-0.10311319358537231,-0.10399816406250004
346,0.071470718665361921,0.03847108406563074,0.0069299232659435477,0.006972656249999998,-1.1872191619663339,0.49059426202499024,-0.3523408190381781,-0.35187339843750004
347,0.079033637746596608,0.035267507750904453,0.0091908872990953527,0.0084492187499999958,0.35058215998950182,0.14828082755097061,0.042483279812091553,0.037919531249999971
348,0.094457917057249541,0.039824939761921113,0.01147292523201897,0.012281249999999997,0.53741722177825579,0.16497961628897628,0.078211897152748691,0.082659140624999961
349,0.069546354530631266,0.041053604254247852,0.0059834775580405166,0.005050781249999998,0.32012564057768456,0.8087458323195128,-0.10261024026578393,-0.10788445312499999
350,0.090611916707248913,0.038367330666416136,0.010971363068574883,0.0079453124999999975,0.31016544999647022,0.28907391875150157,0.0044292215614434166,-0.0088556250000000163
351,0.078705324867690385,0.03317860063735581,0.0095606120883702603,0.0077578124999999965,-0.60251774156625271,0.39247867114131829,-0.20894924666858991,-0.21980484375000003
352,0.082838341486140221,0.034119495307359846,0.010230957697543879,0.0092812499999999978,-0.13538871418588394,0.58947289407839865,-0.15222093773549933,-0.15809707031249995
353,0.072304430386562507,0.028638468380631277,0.0091698520212455583,0.0062460937499999999,-0.93175009063704384,0.066938083565104223,-0.20972451658245109,-0.233539921875
354,0.082003467936284019,0.030950531001322931,0.010721116756341829,0.011085937499999999,0.30173198436489745,0.66774143724331936,-0.076861985104468594,-0.075282304687499996
355,0.058223761586733508,0.032418918918918932,0.0054190169602410607,0.0041835937499999989,-0.026144463055806755,0.20733306306306321,-0.049030280484962691,-0.055223554687500016
356,0.06593402630545328,0.037422876127195068,0.0059873415374342241,0.0036210937499999984,0.45103254628938172,0.33825146337604806,0.02368402741180007,0.012708632812499995
357,0.097141802579067571,0.033331550554626971,0.013400152925132526,0.012609374999999999,0.55003418399744552,0.87199090265460255,-0.067610910918002975,-0.071531484375000037
358,0.075013508749888685,0.029538262010072286,0.0095498018153614434,0.0093749999999999979,-0.19159356288246832,0.49109302261233534,-0.14336418295390876,-0.144708046875
359,0.071794565771177515,0.032783296919891097,0.0081923664587701481,0.0054023437499999983,-0.16453275222048047,0.16217571052591684,-0.068608777176743435,-0.081553359375000023
360,0.07703850771077661,0.036966474748611075,0.0084151269220547626,0.0076874999999999982,-0.778961183663749,1.0681358194246571,-0.3878903706485653,-0.39278226562499996
361,0.096695665724230523,0.036744737659473614,0.01258969489359895,0.013207031249999996,-0.1511460277037574,0.38195273886693926,-0.11195074097984629,-0.10787226562500006
362,0.077894111644977809,0.043542636996147424,0.0072138096762543805,0.0068789062499999987,0.050027793218454741,0.82696579768270939,-0.16315698093749348,-0.16497527343750004
363,0.09286114943042581,0.036793380395276146,0.011774231497381429,0.01025390625,0.59275384058205227,0.8947244224969344,-0.063413822202125242,-0.069134296875000001
364,0.091593423820774678,0.031524824198901444,0.012614405920593378,0.012597656249999995,0.26432150141702748,0.26864041391204363,-0.00090697162395339092,-0.0010908984375000053
365,0.09760164058787732,0.03761188196208716,0.012597849311415932,0.014144531249999998,0.33862830477217287,0.084690990814930811,0.053326835931020833,0.062373632812499975
366,0.09396151521130236,0.028296631434682765,0.013789625593090115,0.011226562499999997,0.043627541335697351,0.69106840721755669,-0.13596258183519044,-0.14856820312499999
367,0.078491253220948964,0.038979709081689629,0.0082974242692444595,0.0077109374999999982,-0.3582453495624861,0.67695705453077548,-0.21739250485958489,-0.22100789062500006
368,0.073195616151844167,0.032883467264528815,0.0084655512663362239,0.0077109374999999982,0.11471801136317039,0.51875204675416287,-0.084847147432108416,-0.088768945312500028
369,0.077580390932557669,0.028811597952964188,0.010241446525714631,0.0098906249999999984,-0.02359636632223383,0.37300176815594288,-0.0832856082404171,-0.085515703125000023
370,0.07945249105145652,0.031134382219524123,0.010146802854705803,0.0094921874999999972,-0.61277261264042726,0.83804248382545521,-0.3046711702578353,-0.30921503906249997
371,0.068400811330062428,0.029500753553801787,0.0081690121330147344,0.0092460937499999965,-0.51118290655209653,0.2797339716903513,-0.16609254443091404,-0.1599807421875
372,0.1001642972354552,0.028466967733064105,0.015056439195502128,0.012667968749999996,-0.41216102629506002,0.80671777015462232,-0.25596454725443329,-0.2713850390625
373,0.090382259828659883,0.035660862416150588,0.011491493456626952,0.0092578124999999969,0.39372403877181483,0.52305620866835267,-0.027159755678272945,-0.034161796874999997
374,0.076519531161440973,0.043029951164717431,0.0070328117993119438,0.0055898437499999985,-0.30639075925548076,0.53486110071860071,-0.17666289059455711,-0.18582000000000004
375,0.09059141051690095,0.036715541132083571,0.011313932570811648,0.012445312499999996,-0.50158529655531836,0.45477592670260991,-0.20083585688416494,-0.19373355468749998
376,0.081398407876518392,0.04221385634975322,0.008228755820620685,0.0086484374999999964,-0.049110461567579811,0.48445260863963074,-0.1120482447435142,-0.10962281250000001
377,0.086178516433919189,0.052208535800354186,0.0071336959330486503,0.0062578124999999978,0.020386889274904951,0.64508912036333921,-0.13118746852857119,-0.13617093750000003
378,0.097179409576683459,0.034067728830033242,0.013253452956796545,0.013535156249999996,-0.2525995450749452,-0.038168835197902706,-0.04503044907417892,-0.043619296875000026
379,0.10508150434815344,0.047824706822347754,0.012023927480419194,0.0099609374999999958,0.3252096224071076,0.1703140206230721,0.032528076374647455,0.022764023437499982
380,0.067758284600389851,0.035283056226456638,0.0068197979585259746,0.0070195312499999971,-0.076331659213392911,0.82790250720301484,-0.18988917494744562,-0.18890812499999998
381,0.090862920852164353,0.034074879233568084,0.011925488739905217,0.011355468749999997,-0.08997837748411841,0.49999612279741179,-0.12389464505912134,-0.12712570312499996
382,0.088562136641595207,0.041049170041960084,0.0099777229859233756,0.010371093749999996,-0.54739239476675094,0.32939368526019197,-0.18412507680565801,-0.18171492187499999
383,0.094943064580561704,0.042983464774539987,0.01091151595926456,0.010945312499999997,-0.33321510117169328,0.60248625429774905,-0.19649728464858288,-0.19626550781250005
384,0.083670860526138729,0.030841975218577969,0.01109406591458776,0.0078984374999999975,-0.23248110520531962,-0.28714200868126871,0.011478789729949309,-0.008071757812500014
385,0.079848153448861259,0.039226078844816117,0.0085306356668494801,0.0063046874999999978,0.48714201766570964,0.84093201248283245,-0.074295898911595784,-0.086810976562500031
386,0.036399113835665547,0.044445957489435764,-0.0016898371672917454,-0.00052734374999999884,-0.62907752583311871,0.66233756451147763,-0.27119716897236523,-0.2636015625
387,0.092147256647726411,0.041464070126090491,0.010643469169543543,0.012937499999999996,0.3907019447302878,0.58113619305562325,-0.039991192148320441,-0.029805468749999998
388,0.08684382819576858,0.037918126665760471,0.010274397321301703,0.011976562499999996,-0.37344873048188776,0.87547598146646499,-0.2622741895091541,-0.25209703124999999
389,0.069058544710405789,0.041170497118058466,0.0058564899943929372,0.0052851562499999973,-1.5301548883764227,0.93190872772912359,-0.51703335938216466,-0.52126277343750005
390,0.074636837794732513,0.043343204754268644,0.0065716629384974124,0.0036796874999999972,-0.10004971478655689,0.54705424103608546,-0.13589183072275487,-0.15142992187500004
391,0.078877677332233026,0.035937087254976477,0.0090175239162238758,0.0064101562500000001,0.27179933230803865,0.13893129118403758,0.027902288636040225,0.014623828124999978
392,0.11034617720123133,0.050131389429473011,0.012645105432069245,0.0126328125,0.44467403180992071,-0.1481136231911373,0.12448540755022218,0.12404835937499996
393,0.098967757886448154,0.044792792647536675,0.011376742700171411,0.012011718749999997,0.377371612375617,1.1677561481214744,-0.16598075250663005,-0.1631640234375
394,0.066942989544188952,0.028506713531296732,0.0080716179627073666,0.0075468749999999972,0.4990034122549114,0.35239512103559284,0.030787741156056897,0.028814531249999983
395,0.10114400083514222,0.041144577887422512,0.012599878819021137,0.010195312499999998,-0.67044955489080138,0.63299937653304306,-0.27372427559900731,-0.29213777343750003
396,0.073960141110303135,0.028822448188057542,0.0094789155136715732,0.0088359375,0.34997407892829591,-0.0079469317549449858,0.075163412243480582,0.072163124999999981
397,0.094809558367322494,0.044118829896457781,0.010645052978881589,0.0093515624999999953,-0.36321621884066668,0.015358369387350912,-0.079500663527883694,-0.090096445312500051
398,0.10271102009052996,0.037199593498467423,0.013757399584333132,0.013582031249999998,-0.36005635252775237,0.46281398087341474,-0.1728027700142451,-0.17382515625
399,0.093519138769890708,0.049128418115417682,0.0093220513374393348,0.0096328124999999973,0.48361590138414612,0.44612331890634649,0.0078734423203379224,0.008621367187499996
400,0.08248715070881843,0.037588823639825172,0.0094286486844885834,0.0075117187499999984,0.083454448239153156,0.39212787499276708,-0.064821419618258921,-0.075184453125000023
401,0.07602299457991743,0.023290175530141594,0.011073892000452926,0.0082734374999999978,-0.12458800579682217,0.090151396558971642,-0.045095274494716696,-0.061391250000000015
402,0.037859385685472646,0.041472806645229815,-0.00075881840154900539,-0.0012304687500000017,-0.21832552223856549,0.20062666958163533,-0.08797996028224217,-0.090745898437500014
403,0.072507108540052934,0.026610130709881136,0.0096383653443360764,0.0084140624999999997,-0.47111799268628385,-0.062674700099268121,-0.085773091443273303,-0.094530585937500022
404,0.093359374999999994,0.045546643488147243,0.010040673617489077,0.0099726562499999963,0.32980078125000001,0.69710518235045971,-0.077133924231096537,-0.077656289062500009
405,0.080880934759694101,0.037272838286393051,0.00915770025939322,0.0061054687499999989,-0.36974652941308417,0.45913188106313041,-0.17406446620000504,-0.19748683593750005
406,0.076352175029361785,0.036724641368900357,0.0083217820686969004,0.0083085937499999991,-0.42518539810027078,0.97359938711111316,-0.29374480489439064,-0.29381917968749999
407,0.10155411729357593,0.036892791325571078,0.013578878453281018,0.012656249999999997,0.31506093040868977,0.44121552920120383,-0.02649246574642795,-0.030286640625000007
408,0.07807308970099669,0.046366599621460863,0.0066583629167025231,0.0076640624999999973,-0.052048911037283152,0.71715733732879472,-0.16153331215687636,-0.15667710937500004
409,0.092100406053894412,0.037513366775599036,0.011463278248442029,0.012480468749999998,-0.13740550018456987,0.68410381246190854,-0.17251695565576047,-0.167187890625
410,0.079775591094634307,0.036970847635692541,0.0089889961263777702,0.010160156249999996,-0.20309060164461357,-0.017910183279756131,-0.038887887856620063,-0.031514296875000021
411,0.079504490282265916,0.037934053107674337,0.0087297918066642308,0.0086015624999999998,-0.019123852719839851,0.6287728558281519,-0.13605830879507827,-0.13684207031250001
412,0.078125,0.040352291950598182,0.0079322686903743819,0.0078632812499999979,-0.17605468750000008,0.034504566721532792,-0.0442174433865219,-0.044813085937500004
413,0.070993766645940565,0.022677100636746911,0.010146499861930667,0.0096796874999999973,0.43732157514766218,0.19361140464266435,0.05117913580604954,0.04943917968749998
414,0.077195295108816037,0.042862913632903038,0.007209800109941729,0.0059882812499999979,-0.22845093745574185,0.20713748170505974,-0.091473568023768326,-0.098378203125000036
415,0.088914702953866581,0.032517416127023732,0.011843430233636997,0.010195312499999998,-0.010162688953926802,0.86734764113854068,-0.18427716931941818,-0.19380375
416,0.060637514478032256,0.038156670216440494,0.00472097729493427,0.0060937499999999976,-0.87905360849920622,0.541779425475168,-0.2983749371346186,-0.28848351562500002
417,0.09441194307357656,0.032327269551053209,0.013037781439729904,0.011812499999999998,0.31864801560065803,0.3245480980161074,-0.0012390173072443678,-0.007766835937500001
418,0.089714929967360052,0.039233137427147111,0.010601176433444718,0.0073710937499999974,0.11258098359754376,0.39061947059095492,-0.058388082268616338,-0.075639374999999995
419,0.072666180333718577,0.032638458892328859,0.0084058215026918404,0.0080156249999999967,-0.16754923512168285,0.46386880927809726,-0.13259778932395383,-0.13508332031250003
420,0.081780890493849345,0.036137848852542301,0.0095850387446744789,0.008847656249999997,-0.62719624691982057,0.90893649051099934,-0.32258787486047213,-0.32768917968750005
421,0.083127689115002151,0.032676490941855221,0.010594751616360854,0.011179687499999997,-0.4551513018137574,0.41383392263642238,-0.18248689713453775,-0.17798753906250003
422,0.08485180118559052,0.044507379427075972,0.0084723285692880554,0.0078632812499999979,-0.11538960328317371,0.50894157351981395,-0.13110954712862741,-0.13408136718750002
423,0.073928458226716176,0.036070348191239457,0.0079502031074501107,0.0052265624999999968,-0.33350439058268522,0.64266187466219438,-0.2049949157014247,-0.21915890625000001
424,0.10809748427672955,0.047542147967600881,0.012716620624917021,0.011835937499999996,-0.26960429769392047,0.6878475767467831,-0.20106489363254773,-0.20593078124999997
425,0.10658339156766827,0.025308049006549857,0.017067821937834866,0.016148437499999998,0.44104588865595162,1.1525997184275261,-0.14942630425203063,-0.15328417968750002
426,0.079240874625286561,0.043322977529566209,0.0075427583901012734,0.0079101562499999962,-0.18908511138541106,0.711409796059565,-0.18910393056344496,-0.18726574218750003
427,0.084519487638211571,0.050665103969175035,0.0071094205704976725,0.005847656249999997,-0.28433122254183762,0.45282724892919396,-0.15480327900891661,-0.1630123828125
428,0.085149310057866107,0.039273678457806382,0.0096338826360125411,0.0082851562499999965,0.16529298349170729,0.91759411636758537,-0.1579832379039344,-0.16438781249999998
429,0.077190827190827205,0.046697899025061079,0.0064035149148108858,0.003351562499999996,-1.071680460364671,0.35062732556424792,-0.29868463504507292,-0.32235281250000009
430,0.068444579698588304,0.021463546408578268,0.0098660169909021069,0.0084843749999999989,-0.11902608243733348,0.012196234340637657,-0.027556686523373938,-0.035736914062500021
431,0.089399891131808629,0.032433833290413341,0.01196287214669301,0.0095624999999999981,0.15061728024186505,0.77029433333565034,-0.13013218114969491,-0.1432463671875
432,0.066492528551235885,0.039805101779379973,0.0056043596220897414,0.0039257812499999987,0.025873047397903859,-0.013020223261487107,0.0081675868384721018,-0.00041343750000003785
433,0.083783561124452149,0.025311619412558883,0.012279107759497586,0.012691406249999999,-0.12108046400847261,0.362281362218002,-0.10150598350755967,-0.099114023437500004
434,0.080963364586765701,0.038167055524138724,0.0089872249031516648,0.0061289062499999981,0.30475757121888375,1.0479955383394,-0.15607997309530841,-0.16707773437500001
435,0.095111760658684846,0.039026400652569529,0.011777925601284217,0.010687499999999996,0.33089575761211282,-0.68858454843939654,0.21409086427081697,0.20878124999999997
436,0.067482321084325086,0.028571274446605191,0.0081713197939211786,0.0075937499999999989,-0.23902783222265767,0.2092426710756643,-0.09413680569264761,-0.097691601562500022
437,0.090091146527370602,0.037903944569029957,0.010959312411251535,0.010617187499999996,0.023042238077470856,0.63240496161807846,-0.12796617194352761,-0.129129140625
438,0.077481035612224552,0.039359562584382349,0.0080055093358468617,0.0084257812499999966,-0.61708224827950753,0.66717663568679519,-0.26969436563292354,-0.267231328125
439,0.086123928978322078,0.027868562887405843,0.012233626879092409,0.012539062499999996,-0.36772102316213018,0.51144764366687545,-0.18462542003409119,-0.18291726562499999
440,0.083523081412457539,0.033935123042505594,0.010413471257689908,0.011332031249999999,-0.15153317882894202,-0.5629048098434003,0.086388042513036237,0.092100351562499988
441,0.085813638951303617,0.039499514645860545,0.009725966104143044,0.0082968749999999987,-0.40990563859837004,0.38796863302014262,-0.16755359703988765,-0.17628539062500004
442,0.067334930503795881,0.034724309860604444,0.0068482303350702019,0.0049453124999999983,-0.062117454416897644,0.70447082542287653,-0.16098353876635257,-0.16956597656249997
443,0.087557155306514395,0.034251490931837672,0.011194189518682111,0.0097148437499999969,0.35923053818754069,0.29918917540515444,0.012608686184301113,0.0045383203125000018
444,0.11175154174127358,0.035438351417805866,0.016025769967928219,0.014988281249999997,0.53823104964485702,-0.48701669149345717,0.21530202563904594,0.21081691406249994
445,0.080041732792570403,0.040484904203258759,0.0083069340037554441,0.0086718749999999973,-0.42249500382060778,0.59339841238899815,-0.21333761740401727,-0.21085722656250003
446,0.071424555854743554,0.048728239546269606,0.0047662264247795294,0.0040781249999999993,-0.17853520114964339,0.90208210654120513,-0.22692963461507817,-0.23158910156249998
447,0.075886887652613283,0.03510485133443085,0.0085642276268183097,0.0075117187499999984,-0.21674548630768886,-0.02067299146254431,-0.041175223917480352,-0.047348554687500016
448,0.08725146198830408,0.029926623315904982,0.01203821612120381,0.012246093749999997,0.66018511638573552,1.0623243992554472,-0.084449249402639454,-0.083723085937500025
449,0.083769766399025336,0.039397231015890599,0.009318232430458295,0.0079218749999999984,0.014158718609151411,0.23635134004235059,-0.046660450500971826,-0.05505281250000002
450,0.078955223880597003,0.030029956486761641,0.010274306152705425,0.0069726562499999971,-0.4082653731343282,0.47721398890777234,-0.18595066602884111,-0.20563160156249999
451,0.086799310021773907,0.041083481442312692,0.0096003240016868541,0.010476562499999998,-0.225233316407638,-0.21502613715839625,-0.0021435076423407672,0.0018311718749999884
452,0.076315491169602595,0.034957524933760878,0.0086851729095267609,0.0072773437499999982,-0.057786392799655473,0.69480295725267505,-0.15804376351098939,-0.16471921875000001
453,0.08771929824561403,0.032268205761470048,0.011644729421670236,0.011835937499999996,0.55901855291824321,0.48088641424740508,0.016407749120876006,0.016960898437499976
454,0.067959670591857146,0.029406220324631402,0.0080962245561174064,0.0081328124999999977,-0.026256317504297133,0.18866748224883279,-0.045133997948157284,-0.04521316406250004
455,0.079897507570463544,0.036241837281489497,0.0091676907606845492,0.0082031249999999986,-0.19122903563941296,0.26015892670536311,-0.094791472092402976,-0.10119574218749999
456,0.074396088510357644,0.037544844765297555,0.0077387611864626182,0.0044765624999999962,0.25539648998290165,0.23484061028379477,0.0043167347368124453,-0.013533398437500002
457,0.079269789960161707,0.035765775735133079,0.0091358429872560112,0.009175781249999999,0.089211022052167244,0.056798962454746804,0.0068065325154582921,0.0067498828124999835
458,0.077566559257434581,0.02770865386759426,0.010470160131866467,0.012503906249999999,0.095321354925141599,-0.06534600976653937,0.033740146585253004,0.044683476562499977
459,0.088861948289721437,0.029511181059817135,0.012463661118279902,0.012445312499999996,-0.030139251214845841,0.29744306588948211,-0.068792286591908863,-0.069033867187500028
460,0.078584477119698737,0.042480301473107218,0.007581876885784219,0.0041249999999999976,-0.22799598844500335,0.42754362376677035,-0.13766331856447248,-0.15748148437500001
461,0.048991731215478646,0.034364330063497928,0.0030717542419159507,0.0017929687499999986,-0.097423821507555131,0.84900882521607435,-0.1987508558119622,-0.20803535156250003
462,0.073031321529977211,0.023814867222418809,0.010335455404587263,0.0072304687499999973,-0.0075063745062824427,0.31644138708462088,-0.068029029934089699,-0.086006132812500038
463,0.10338792493240298,0.030631906193671288,0.015278763935133655,0.014484374999999999,0.33284376741526234,0.93175167231110134,-0.12577066002812617,-0.12959601562500001
464,0.099638249973632492,0.027048905260370085,0.015243762389785104,0.014203124999999997,0.81181609060237925,0.41222636517943989,0.083913842338817268,0.078223124999999977
465,0.060382099644399112,0.04123720602610545,0.0040204276598416692,0.0036796874999999985,-0.97172602739726022,0.44838768975332088,-0.29822388060162203,-0.30093035156249998
466,0.095854826254826275,0.043168046517841605,0.011064223744766781,0.012574218749999999,0.10254866409266405,0.62328903674145097,-0.10935547825624525,-0.10060242187500001
467,0.081643958893770213,0.04385666483633395,0.0079353317520616147,0.0065976562499999976,0.44263269048402376,0.52509514997883766,-0.01731711649391092,-0.023244140624999989
468,0.076839289738547034,0.042076607293998591,0.0073001633133551727,0.0084140624999999962,0.23850821204400274,0.75570346222520146,-0.10861100253805173,-0.10400261718750002
469,0.071607394720164169,0.042428701185631107,0.0061275256422519426,0.0064453124999999988,0.018254983259333168,0.30576126564754236,-0.060376319301523929,-0.0585966796875
470,0.061085607511130569,0.040953126361161371,0.0042278210414935314,0.0033984374999999987,-0.35554408466898424,0.96002084051436032,-0.27626863428850235,-0.28107832031249996
471,0.06554415859780649,0.044812315033655875,0.0043536871484716293,0.0033398437499999982,-0.36142274806365549,0.55917687103198366,-0.19332592001008422,-0.19932421875
472,0.058157718687130544,0.045932421664169373,0.0025673123748218458,0.0017695312499999983,0.039048038502678906,0.33181743997364421,-0.061481574308902713,-0.065192460937500016
473,0.083495341525994471,0.046712172119493356,0.0077244655753652336,0.0066445312499999951,0.10312584469208441,0.045753247931619834,0.012048245319697561,0.005018906250000006
474,0.086926231603428133,0.040964821507547974,0.0096518961201348327,0.008343749999999997,0.36612572605409238,0.12018966069232295,0.051646573725971576,0.046573593749999989
475,0.075147868513704391,0.025286112242633996,0.010470968816924782,0.011636718749999997,-0.33581057067456122,0.53266165874861504,-0.18237916817886701,-0.17670421874999998
476,0.077652806576536615,0.050037631925557213,0.0057991866767056737,0.0047929687499999995,-0.33508348464998783,0.38438453796007943,-0.15108828474811412,-0.15723574218750003
477,0.10434379461416565,0.032183300613559465,0.015153703740127299,0.015714843749999995,-0.8854403648120257,0.96305225348168677,-0.38818344984167963,-0.38341406249999999
478,0.090260724426367872,0.03405637241799335,0.011802913921758649,0.0091757812499999973,0.13727778950195668,0.70918953412903663,-0.12010146637168678,-0.13195910156250001
479,0.082902462058071558,0.025508197905905361,0.0120527954719549,0.010992187499999998,0.45610416194375192,0.71500233129276958,-0.054368615563293705,-0.058753242187500013
480,0.10294925053100154,0.036601604364911819,0.01393300569487884,0.012304687499999996,-0.083266870485128597,0.78324335393819988,-0.18196714712889897,-0.19255230468750006
481,0.098104118022210862,0.032793720873191087,0.013715183401294153,0.015761718749999997,-0.39949893019660765,0.60462648560661825,-0.2108663373186774,-0.19785738281250004
482,0.076590037800104677,0.042409781584843001,0.0071778538052049519,0.0069960937499999988,-0.0028399173496258534,0.98382291489347007,-0.20719919477105014,-0.2081424609375
483,0.1019523333076785,0.030255099571264113,0.01505641908464702,0.01509375,0.22090896929848669,0.24808443877864372,-0.0057068485908329768,-0.0056349609375000217
484,0.077531835412952887,0.054996646545942315,0.00473238966207222,0.0047226562499999986,0.23059119791397964,0.41638481945537387,-0.039016660523692785,-0.039114609374999991
485,0.11206787924572334,0.062535710340087841,0.010401755470183455,0.0082617187499999974,-0.34712973268667557,0.66549086142885649,-0.21265032476426171,-0.22967964843750002
486,0.092166588926466703,0.040330237358101137,0.010885633829356768,0.010499999999999995,0.15628935064808547,0.70321051648729671,-0.11485344482623436,-0.11681589843750001
487,0.079910452534513066,0.023142358116267039,0.011921299827831666,0.011578124999999996,-0.3863701142948518,0.43079983899718255,-0.17160569019132721,-0.17389066406250003
488,0.08785036036727617,0.047717082053032892,0.0084279884459910887,0.0042187499999999977,-0.51592756672581652,0.41584025264595414,-0.19567124206807182,-0.22213945312500002
489,0.12083565500011481,0.038183352564346421,0.01735698351151136,0.015960937499999994,0.037629277054115895,0.64219021092124318,-0.12695779611209673,-0.13498312500000001
490,0.085366535278078831,0.030924684995383506,0.011432788559366018,0.010757812499999995,0.24041428717235891,0.35865042427231286,-0.024829588790990328,-0.02876601562500003
491,0.085315780140812231,0.040372990930124433,0.0094379857342444372,0.0098554687499999988,0.43648269217282004,0.20931753527951891,0.047704682947593238,0.049201640624999994
492,0.11036001375761202,0.03698828461062173,0.015408063120867961,0.012374999999999999,-0.28246357773812791,0.1745605074523221,-0.095975057889994497,-0.11787550781250002
493,0.09056203021636941,0.0359956371120871,0.011458942551899285,0.0086835937499999977,-0.1892678893696299,0.50954346400255113,-0.146750384208158,-0.16388355468749999
494,0.089455027769246659,0.042542350072032095,0.009851662316415058,0.010101562499999996,0.90291287712398938,0.10618252788143701,0.16731337334093599,0.16802800781249999
495,0.0710559899959744,0.028814914296568683,0.0088706258968752009,0.009128906249999999,-0.2823281934633679,0.69701646248650118,-0.20566237774947249,-0.20426742187499999
496,0.1038406827880512,0.047039312476751083,0.011928287765373023,0.009023437499999995,0.28536305444200161,0.22750580632137396,0.012150022105331806,-0.0036466406250000106
497,0.097294269826241175,0.028497711562497405,0.014447277235386191,0.013394531249999998,0.20961193702349068,0.55267482993381045,-0.072043207511167148,-0.078209765624999997
498,0.090850934650050258,0.036710003102174357,0.011369595625053939,0.0095624999999999964,-0.2131152407813075,0.21008980512704811,-0.088873059640754676,-0.099724921875000025
499,0.088493686731635601,0.040116331096196861,0.010159244683442136,0.011097656249999997,-0.23649616757566394,0.91305447427293063,-0.24140563478820484,-0.23590148437500003
500,0.082016380986627502,0.034786208699252169,0.009918336180348819,0.011027343749999998,-0.51003762750311243,1.0705629779542822,-0.33192612714605285,-0.32607808593749998
501,0.10690121704630359,0.031397629887217879,0.015855753303408,0.01409765625,0.53966967565223223,0.46811994735088847,0.01502544294328219,0.0051255468749999804
502,0.063975748110066288,0.03875056143202002,0.0052972892023897163,0.0033632812499999982,-0.27636756725488698,-0.70501227151148738,0.090015387893886079,0.077464218749999966
503,0.098283258692406894,0.031752829735666219,0.013971390080915542,0.012457031249999995,-0.20624269895792557,0.88642971956580063,-0.2294612078899825,-0.23801085937500002
504,0.084634945923588334,0.048307484580283541,0.0076287668820940058,0.0081210937499999972,-0.64861659364563873,1.2001612874587351,-0.38824335503191848,-0.38474730468750001
505,0.095559681780603811,0.030509885599364489,0.013660457198060257,0.011496093749999999,-0.16151141577787698,0.37553886538825243,-0.11278055904488717,-0.12491414062500002
506,0.072711007327046828,0.047648072339248948,0.0052632163474375547,0.0028710937499999965,0.16102900278108856,0.17352261471947983,-0.0026236585070621666,-0.014799375000000019
507,0.098489974561681515,0.035007887014834246,0.013331238384837926,0.013570312499999997,-0.56640079606397387,0.32440898561997922,-0.18707005415363015,-0.18556535156250004
508,0.098378977525896943,0.034465657347325179,0.013421797237500069,0.014109374999999997,-0.49531435389255307,0.5652280988011591,-0.22271391506567956,-0.21799171875000006
509,0.054963280858902258,0.032423958717912954,0.0047332576496077533,0.0039609374999999957,0.018888292158968922,0.60630844830173314,-0.12335823278998048,-0.12745875000000001
510,0.091611741528594387,0.046100961742351051,0.0095572637551111003,0.0095390624999999972,0.5159672925115073,0.28051193971007937,0.049445624088299861,0.049175039062499953
511,0.061557493286666876,0.036166522835198223,0.0053321037948084165,0.0035976562499999997,-0.10551670035905025,0.37391809721315461,-0.10068130749016302,-0.11185089843750003
512,0.088143090583890471,0.031997011529383793,0.011790676601446401,0.0090234374999999985,0.17440002168002866,-0.14729564917166149,0.067556090878854932,0.053212851562499983
513,0.10290799018324931,0.041399467089126382,0.012916789849765815,0.014367187499999998,-0.39947076948906468,0.81242784892396158,-0.25449870986673551,-0.244329140625
514,0.079392164309161739,0.035737278204131542,0.0091675260820563414,0.0094921874999999972,-0.27847005515346612,1.1119549351682236,-0.29198924796755488,-0.29002898437500002
515,0.081286931164147036,0.04485028192544846,0.0076516963401267006,0.0050859374999999993,0.0032063924487759632,0.76699366375574063,-0.16039532697446257,-0.17215593749999999
516,0.084565845666042139,0.033470872535830962,0.010729944357344347,0.0098671874999999975,-0.63717646077174583,0.13425668532096935,-0.16200096067947017,-0.16772800781250005
517,0.092058404558404555,0.05092310318757165,0.008638413287874909,0.010218749999999999,0.048300688509021694,0.31313321495536039,-0.055614830553731127,-0.046988203125000003
518,0.086695680493365179,0.036875528240682048,0.010462231973063457,0.0102890625,-0.16431795755020195,0.48258245549757306,-0.13584908674003274,-0.13675488281250001
519,0.083610081841462208,0.031682538320750395,0.010904784139349481,0.012304687499999996,0.22470302584196089,0.47988300017158558,-0.053587794609221182,-0.04754015625
520,0.08609276304784963,0.034450752881559785,0.010844822134920867,0.008636718749999996,0.33458011381481811,0.26941411780903257,0.013684859161214964,0.0036741796874999811
521,0.094789648346583072,0.026157518200367769,0.014412747330705213,0.013628906249999994,0.49038962174688916,0.77347532559135457,-0.059447997807337734,-0.063778710937500024
522,0.085728020005907402,0.053086616015496677,0.0068546948379862522,0.0066328124999999972,0.2012517317552629,0.24417833195130501,-0.0090145860411688424,-0.010266914062500021
523,0.087802916863739144,0.045268458676597415,0.0089322362192997638,0.0072773437499999974,-0.0014286378320589321,0.7876087844933044,-0.16569785868832629,-0.17317195312499997
524,0.066464858739941179,0.032165113001545176,0.0072029466050631602,0.0043593749999999995,-0.41719608657518159,0.64801934581925424,-0.22369524080283151,-0.240076875
525,0.077646614123017904,0.037393351476800285,0.0084531851557057003,0.010945312499999997,-0.18332311230356457,0.16177378547298238,-0.072470348533074852,-0.060211054687500008
526,0.093861933265098729,0.049468369184357611,0.0093226484569556341,0.007746093749999996,0.20974574104631971,0.43496392795152994,-0.047295819250094143,-0.055777968750000004
527,0.099478547975225373,0.034945788361566865,0.013551879518868286,0.015316406249999996,0.15062988039787595,0.68594446568552936,-0.11241606291040722,-0.10441300781250001
528,0.074412635066381849,0.04610174709458939,0.0059452864740764163,0.0059296874999999983,0.17715285424996785,0.158836775532194,0.003846376530732509,0.0034942968749999536
529,0.079503357215199355,0.035971463826799985,0.009141697611563868,0.0066562499999999972,0.26132488090325956,0.1448143755586192,0.024467206122374473,0.0088460156250000036
530,0.065393074799223905,0.032713777771494423,0.0068626523758231906,0.0042890624999999986,0.057390072606975595,0.46717968996303016,-0.08605581964477145,-0.098772421875000016
531,0.078988499536894102,0.038500738924495778,0.0085024297286036485,0.0067148437499999995,-0.85943057270762591,0.30669043173307398,-0.24488541093254695,-0.25898542968750005
532,0.095383293913524389,0.026805257068256774,0.014401387737506198,0.014636718749999998,-1.215792124032298,0.20639866117762062,-0.29866006489408287,-0.29635546875000002
533,0.079878627773973115,0.029033444834983227,0.010677488417187877,0.0078164062499999996,-0.37770646259491392,0.24148000611278075,-0.13002915842861587,-0.14919574218749998
534,0.073855205204397256,0.040592446289747272,0.0069851793720764966,0.0092226562499999973,-0.12592788075284467,0.42394278751457526,-0.11547284033615818,-0.10519406250000002
535,0.089062500000000003,0.025100880028551251,0.013431940194004238,0.013359375,0.25944921874999982,0.19173663788820539,0.014219641980976831,0.013681640624999965
536,0.079269671018197541,0.034430024540161655,0.0094163257603875356,0.0085078124999999963,0.11785240193884616,0.50610036199382114,-0.081532071611544743,-0.085831406249999992
537,0.07995649376512759,0.03757813900740585,0.0088994544991215646,0.0093867187499999966,-0.54149407150954387,0.11907744846198842,-0.13872001919402177,-0.13580824218750004
538,0.079794656269892739,0.044588696552744486,0.0073932515406011324,0.0057304687499999986,0.098734388766461678,0.5981532211793491,-0.10487795480670635,-0.11317582031250004
539,0.093029897367246761,0.040029442366329382,0.01113009555019265,0.0071367187499999972,-0.24522186523873279,0.11435467840529856,-0.075511074165246578,-0.098282226562500033
540,0.1035049968715424,0.05143308432123124,0.010935101635565343,0.010324218749999997,0.51462419156188588,0.51290537540120185,0.00036095139374364704,-0.0021319921875000204
541,0.096678352426713021,0.028293184905062177,0.014360885179546676,0.014132812499999998,-0.10137143128867598,0.3864608578365496,-0.10244478071629737,-0.1037989453125
542,0.077544738710420946,0.049897696041958373,0.0058058789603771402,0.0068437499999999991,-0.48571618404058003,0.56970902916015043,-0.22163929477215338,-0.21506554687499999
543,0.099245692906496097,0.035080046822345279,0.013474785677671672,0.011800781249999998,-0.23232577014754241,0.9160151961146723,-0.2411516029150651,-0.24905121093750002
544,0.092712842712842719,0.042188402711373182,0.010610132400308602,0.0083789062499999983,-0.099843073593073539,0.42323455662531639,-0.10984630234586189,-0.12086027343750003
545,0.10170143253803081,0.047130241625719299,0.011459950091585416,0.0087773437499999978,0.64739815687866908,0.69758334420431656,-0.010538889338385969,-0.025140000000000037
546,0.082500146030880656,0.044051887060376535,0.0080741343838058657,0.0075585937499999985,-0.18177437255398277,0.57636232579491276,-0.15920870665326806,-0.16250859374999999
547,0.073450524853349825,0.038097894337379312,0.0074240524083538069,0.0056367187499999968,0.26073595245446135,0.053490984850369849,0.043521443196859216,0.034647070312499979
548,0.066203935769153149,0.042475145435741019,0.0049830459700165473,0.004546874999999998,-0.22247434116999343,0.58493152931824111,-0.16955523280252924,-0.17230242187500003
549,0.078312697983583063,0.041044990939614265,0.0078262184792334474,0.0067734374999999956,-0.17840254146365708,0.91132668708074349,-0.2288431379943241,-0.23440066406249996
550,0.07417122200670076,0.033784682169910235,0.0084811733657260101,0.008847656249999997,-0.30384118027390816,0.84495554430332065,-0.24124731216121803,-0.23921296875
551,0.08464698482585109,0.03660902783268484,0.010087970968564912,0.0108984375,0.46525119899363149,0.39935681167220094,0.013837821337500415,0.016657734374999976
552,0.076980150030572847,0.029842578345297188,0.0098988900539078873,0.012281249999999997,-0.069752844764588984,0.23372248671907081,-0.063729819611568553,-0.051611132812500016
553,0.090532553173569008,0.038586603670679648,0.010908649395606766,0.012691406249999997,-0.36165556458365344,0.98947028089354672,-0.283736427550212,-0.27423867187500001
554,0.085692007797270958,0.040306611077114474,0.0095309333112328608,0.0097382812499999978,-0.43661713106295152,0.60567128801721948,-0.21888056800683592,-0.2173691015625
555,0.077371532643803531,0.036832552080514142,0.0085131859182907711,0.0068554687499999987,-0.35439238243337989,0.47518745105893145,-0.17421176503338537,-0.18388031250000003
556,0.087245300011257465,0.030777736210349974,0.011858188398190573,0.010605468749999998,-0.75729190951908865,0.66370252023446152,-0.29840883024824555,-0.30742593749999997
557,0.10628830093750458,0.038273428504264503,0.014283123210980415,0.013992187499999998,-0.25675621224752465,0.39790200046700458,-0.13747822467005114,-0.13920398437500001
558,0.086155257424607251,0.040641170905583057,0.0095579581689950802,0.0097499999999999983,-0.22138007109276459,0.13349114190068101,-0.074522954728623567,-0.07373648437500005
559,0.086399711399711393,0.032957800694491238,0.011222801248096232,0.0089179687499999979,0.048389249639249732,0.49985670956173656,-0.094808166583722236,-0.10706285156250002
560,0.095403373576924411,0.028992229822467963,0.013946340188435854,0.014378906249999997,0.23523255703557422,0.082955972728749772,0.031978082704433135,0.033973359374999991
561,0.08323715393756817,0.026855056313646347,0.011840240501023582,0.011976562499999999,0.2783521290694887,1.0038894668601024,-0.15236284093602886,-0.1515633984375
562,0.074129996145911259,0.038397495940910839,0.0075038250430500882,0.006082031249999998,0.27634546237729268,0.5611152217871892,-0.059801649476078265,-0.065532304687500001
563,0.086602513457458563,0.042031285746968641,0.009359957819202883,0.010781249999999996,0.50374078631847941,0.8905954730038893,-0.081239484203936077,-0.074531132812500026
564,0.056488737096588498,0.046578536640403151,0.0020811420957989228,0.0028828124999999982,-0.099756613837829633,0.68791410456508528,-0.16541085086461213,-0.16243523437500001
565,0.061887824897400828,0.047650806462807754,0.0029897738712645456,0.0023554687499999973,-0.68779461924304619,-0.0468078844649501,-0.13460721430340017,-0.13935843750000004
566,0.08256065737604798,0.03806965814520985,0.0093431098384760061,0.009972656249999998,0.3845409726591269,0.35372997755484159,0.0064703089718999149,0.00992648437499998
567,0.076557008508484986,0.053906562778406011,0.0047565936033165841,0.0056367187499999994,0.18032124116407067,0.8277286803524837,-0.13595556222956673,-0.13220003906250002
568,0.10707668208535434,0.042577322056774461,0.013544865606001774,0.012093749999999999,0.56313102298782514,0.10964293714628681,0.095232498026723039,0.087060703124999958
569,0.097783242851796598,0.02850441599302514,0.014548553640342006,0.013874999999999997,0.46100509839563375,0.53621308239444598,-0.015793676639750568,-0.019388320312500013
570,0.06972280885324364,0.041821861411214828,0.0058591989628260501,0.0054257812499999983,0.41727798640842106,0.24233653350757234,0.036737705109178231,0.034657148437499986
571,0.063020345286045776,0.036191591900009576,0.0056340382110676018,0.006175781249999999,-0.90696321952990466,0.22520701087297645,-0.23775574838460503,-0.23387003906250001
572,0.077813051639454595,0.042392764596437371,0.0074382602790336169,0.0068085937499999978,-0.14051446186123029,0.54056918095816253,-0.14302756499207248,-0.14717203125
573,0.084726048436739254,0.022098751205695488,0.013151732418519191,0.012339843749999998,0.1160625753523119,0.78619627010075965,-0.14072807589717401,-0.14401722656250004
574,0.094107899673034928,0.037537610085241507,0.011879760813436618,0.0097382812499999978,0.58044984432809954,0.33694340139555801,0.051136353015833719,0.040056914062499976
575,0.083950635807794743,0.040233254086288819,0.0091806501615162434,0.0067617187499999995,-0.72748947822498977,1.081420358529551,-0.37987106571845353,-0.39597644531249998
576,0.08395802098950525,0.033318293459126666,0.010634342781379503,0.010136718749999997,-0.21057304951420397,0.90999099180638676,-0.23531844867732407,-0.23919562499999997
577,0.090676418791178853,0.036818177291783397,0.011310230714873045,0.0086601562499999986,-0.094516102062887297,0.21034270041307923,-0.064020348519952974,-0.08139480468750003
578,0.10084599448033035,0.048342961146020338,0.011025637000205103,0.0088359374999999966,-0.65984609642911585,0.86633333627036402,-0.32049768086689073,-0.33588656249999999
579,0.088336661253685639,0.041873639464095627,0.0097572345758139018,0.010312499999999997,0.44756831639937,0.21413524916050397,0.049020944120161863,0.05206992187499998
580,0.095039188714329426,0.041641346142592586,0.011213546940064736,0.010242187499999998,0.21138319137511746,0.48267370104586127,-0.056971007030856197,-0.061547578125000016
581,0.083703027519201834,0.036908966520244862,0.0098267528097809639,0.010148437499999998,-0.084002330626407828,0.36020805929679878,-0.093284181883873385,-0.091741875000000028
582,0.072158753582216878,0.035278293183672579,0.0077448966836943028,0.0053554687499999983,-0.67455309338673886,0.47651153395118739,-0.24172357174096454,-0.25732792968749996
583,0.079687499999999994,0.038667372031563674,0.0086142268733716276,0.0085429687499999976,0.43161718750000011,0.26636493465696431,0.034702973097037515,0.034066171874999968
584,0.082127131451967927,0.033183911004346839,0.010278076294000429,0.011578124999999995,0.16255054818570724,0.27902535889956526,-0.024459710249910182,-0.018632578124999997
585,0.06116172889886623,0.029287510428685146,0.0066935858787380278,0.0053906249999999978,0.34976717262942836,0.85451588708654469,-0.10599723003599443,-0.11320628906250002
586,0.072839249620849783,0.047361428065678321,0.0053503425265860067,0.0030937499999999988,-0.09697688168437435,0.73163744772932504,-0.17400900917687687,-0.18831117187500002
587,0.082634766807995141,0.041522680888107025,0.0086335380431765037,0.0075351562499999967,0.49625124167171397,0.26770584301481293,0.04799453371794922,0.040811132812499977
588,0.070743274053807564,0.028054237660775944,0.0089646976425366409,0.0083554687499999992,0.41083812129502972,0.76817290579683317,-0.075040304745378719,-0.078685312500000007
589,0.077805268080741036,0.02557363548036129,0.010968642846079747,0.0092578124999999969,-1.0311126331352023,0.45243947700949427,-0.31154594313038625,-0.32465015625000004
590,0.095793510282725342,0.049714423348516237,0.0096766082561839124,0.010734374999999997,-0.2583299630494611,0.75680501127255673,-0.21317834460762375,-0.20802386718749999
591,0.10091149221584006,0.02919016822709615,0.01506147803763622,0.014624999999999997,0.54162103727321109,0.51962562837160264,0.0046190358693377741,0.0023242968749999805
592,0.077845028501296598,0.029959244084450359,0.010056014727537709,0.0090937499999999977,-0.087985608217153732,0.094154724382156885,-0.038249469845855227,-0.042890976562500037
593,0.08399310297228621,0.031296746172963893,0.011066234927857686,0.0092109374999999952,0.51624654191698449,0.36069832970874161,0.032665124563731003,0.022883437499999958
594,0.074804578516722564,0.044984410460993662,0.0062622352917030694,0.007640624999999999,-0.47595234332949798,0.85516458131347284,-0.27953455417502387,-0.27073804687500003
595,0.077693556469065672,0.040717475226635325,0.0077649770609103724,0.005460937499999997,-0.2977496488219763,0.18465666526463287,-0.10130532595818792,-0.11494851562500001
596,0.069002241540880555,0.044145314866905844,0.005219954601534689,0.0041367187499999972,-1.8521104610494388,0.73698563985558985,-0.54371018119005599,-0.55427414062500002
597,0.096525307797537596,0.026488088028995604,0.014707816151393818,0.014085937499999996,0.53891108071135418,0.61140510041999474,-0.015223744138814516,-0.017997539062500022
598,0.088830773737150759,0.040004279027860898,0.01025356388895087,0.0080507812499999998,0.019260212697044587,0.44893744214896664,-0.090232218184903623,-0.10223800781250002
599,0.077417027417027412,0.033336517552741154,0.0092569070715001131,0.0070429687499999945,0.27685533910533905,0.48383541374336569,-0.043465815673985594,-0.051811875000000021
600,0.080908476751024305,0.032921730187062348,0.010077216778432012,0.009351562499999997,-0.77943451064636393,-0.15229174625303832,-0.13169998052259838,-0.13723429687499999
601,0.069762828425321832,0.030608911063897057,0.0082223226458992028,0.0086132812499999951,0.25851988185505204,0.22746993764161438,0.006520488284821907,0.0079839843749999594
602,0.075397772183135703,0.045789398151202559,0.0062177585467059595,0.0029179687499999983,-0.55076030827400202,0.30570153232130792,-0.17985698652501508,-0.20295328125000001
603,0.067152436341374772,0.051197076880589734,0.0033506254867648579,0.00023437499999999888,-0.36563424269671518,0.90794696747604775,-0.2674520541362802,-0.28727320312500004
604,0.073976885302640238,0.039926618732128785,0.0071505559798074048,0.0074648437499999984,-0.65512163721608885,0.43539525146802893,-0.22900854662366474,-0.22733074218749999
605,0.078711952945612368,0.045488316760566555,0.0069769635988596208,0.0068554687499999987,0.4111169651494061,0.45115745998967471,-0.0084085039164564085,-0.0091787109375000321
606,0.097490696149612671,0.03180955447493139,0.013793039751683068,0.013558593749999997,0.82067259926520242,0.0029899683379668307,0.17171335249471947,0.17029078124999997
607,0.10401764456163456,0.040072399003951584,0.013428501567113426,0.012796874999999996,0.31556883381614997,0.61727863498648161,-0.063359058245769637,-0.066868945312500025
608,0.080622268952965592,0.02847266311314442,0.010951417226362446,0.010101562499999996,-0.029711958389132764,0.42789690601286279,-0.096097861524419056,-0.10149433593750003
609,0.089046100753966767,0.028796259105268299,0.012652466746226677,0.010171874999999997,0.48743766832964475,0.29016483113866054,0.041427295810106679,0.0296630859375
610,0.096464536597636819,0.02597296561734555,0.014803229905861165,0.011343749999999994,0.011342577299376044,0.43623641476911912,-0.089227705868646048,-0.10868882812500003
611,0.087962989693259219,0.033332771229265395,0.011472345877438703,0.010839843749999998,0.69237469835986176,0.85525131110773844,-0.034204088677054101,-0.036892148437500015
612,0.099578459459816832,0.033574944071588356,0.01386073823152798,0.014765624999999996,-0.39143699538670007,0.7390032214765101,-0.23739244554127412,-0.23121914062500001
613,0.080985736553581017,0.03596838421840054,0.0094536439903878996,0.010699218749999994,-0.52364761516691172,0.18872745450659478,-0.14959876463143637,-0.14065957031250004
614,0.082810459753813348,0.03606260030977762,0.0098170504832475018,0.0099609374999999976,0.23057910592285757,0.71898569556289116,-0.10256538382440705,-0.102008671875
615,0.076798532278408438,0.040474675816683625,0.0076280098569622102,0.0078164062499999961,-0.25480752207315682,0.68987435058506474,-0.19838319325822651,-0.19724109375000001
616,0.077135443381709579,0.031960361727825071,0.0094867671473157465,0.0077109374999999982,-0.27762019129227877,0.25644761029696839,-0.1121542383337419,-0.12195796875000001
617,0.09823540063621794,0.029956191943359925,0.014338633825500182,0.011976562499999996,-0.49027432506574331,-0.17994785514154021,-0.065168558684082653,-0.081559335937500047
618,0.068394952145723997,0.035467980906937924,0.0069146639601450751,0.0051328124999999994,-0.26431508567459105,0.81035489699877128,-0.22568069636140609,-0.23543191406250003
619,0.068591200973054905,0.021231298053377104,0.0099455796131323378,0.0071367187499999964,-0.33005188906958349,0.39137651849350596,-0.15149996558824877,-0.16968972656250003
620,0.090975166565717747,0.030250116548187503,0.012752260503681351,0.011613281249999998,-0.081180799515445212,0.41817233132235987,-0.10486415747593907,-0.11159578125
621,0.055908178840058553,0.045151083689289676,0.0022589899816614642,-0.0001289062499999999,-0.82941710524615508,0.66441322575541861,-0.31370436951033048,-0.33011531250000004
622,0.10127153776532564,0.051041968527892209,0.010548209539861022,0.0088359374999999966,-0.087834989124311869,0.53354526812498926,-0.13048985402235322,-0.14100210937500005
623,0.068701956673654807,0.049637485988182975,0.0040035388439490843,0.0030937499999999988,-0.12315164220824582,0.33446186324466576,-0.09609883614511143,-0.10117406250000002
624,0.065917567113193548,0.044921085491992432,0.0044092611404522343,0.0034218749999999987,-0.30970569125459968,0.12842060023821555,-0.092006521213491191,-0.098572382812500012
625,0.11226458783575177,0.044886228982594867,0.014149455359162949,0.012351562499999998,-0.35268504939796252,0.11683158190993681,-0.098598492574658858,-0.11139527343750004
626,0.088385384648344056,0.040706452392595974,0.010012575773707098,0.0093749999999999979,-0.095124021540319514,-0.048604171936392326,-0.0097691684168247084,-0.014189414062500037
627,0.069614221578907454,0.038108810620658948,0.0066161363012321858,0.0050507812499999997,0.10840547617659591,0.4015539357956418,-0.061561176519999636,-0.07028636718749999
628,0.059673677587308294,0.041971613637904082,0.0037174334293748842,0.0012773437499999985,-0.048342559282225195,0.34379866396835057,-0.082349656882620914,-0.092252109375000016
629,0.076557193578264904,0.040606068709005794,0.0075497362225444131,0.005765624999999999,0.3882148232479159,0.48282062855376662,-0.019867219114228649,-0.030088945312500018
630,0.095463510848126237,0.042431117189352344,0.011136802668342518,0.0097499999999999965,-0.27367045274207091,0.65364556466189894,-0.19473636365483366,-0.20350546875000003
631,0.079491524854534507,0.035716249094881539,0.0091928079095271228,0.0091757812499999973,-0.35897204381962078,0.77728927036064932,-0.23861487597785669,-0.23871082031249999
632,0.08008370964879416,0.039780606350177633,0.0084636516927094705,0.009761718749999997,0.034531585849223889,0.6270625503813263,-0.1244315025517415,-0.11725863281250003
633,0.096442306162827257,0.033668918906421388,0.013182411323845232,0.013441406249999996,0.55920389320066421,0.92388008172699487,-0.076581999590529429,-0.075203437500000025
634,0.095549551459829365,0.035502600213185173,0.012609859761795281,0.012691406249999995,0.39182520606021898,0.4279094393660432,-0.0075776889942230858,-0.0073103906250000161
635,0.10396895779810006,0.048417971839898738,0.011665707051222277,0.0095039062499999976,0.065712434100382966,0.10749129884511943,-0.0087735615963946568,-0.02050031250000002
636,0.07912639671163027,0.032865763249076974,0.0097147330271361923,0.0083906249999999988,-0.18089233148330264,0.56738460742970764,-0.15713815717173216,-0.16726335937500003
637,0.088898091641624821,0.052569404428118902,0.0076290243148362429,0.0050156249999999984,0.096061400086543181,0.45230659530129724,-0.074811490995098345,-0.093570000000000028
638,0.055434488682456623,0.039862340021223741,0.0032701512188589052,0.0035273437499999988,-0.38061286892597435,0.80424778762549987,-0.24882073787580955,-0.24719437500000002
639,0.11657970676982568,0.034125097477343616,0.017315467951421235,0.017085937499999995,0.034231777362342841,0.48975538210781888,-0.095659956996549972,-0.097175507812500006
640,0.071074947218153356,0.02758503341966495,0.0091328818976825644,0.0067265624999999982,-0.49362273326451966,0.41667808072675638,-0.19116317093816795,-0.207908203125
641,0.083784239128305377,0.021687515967612508,0.013040311863745501,0.011179687499999997,-1.222386216674086,0.1508795773446322,-0.28838581674393082,-0.30238804687499998
642,0.082860310747629173,0.042731795114806445,0.0084269882828927733,0.0089882812499999989,0.65983886160593808,0.29479304288073771,0.076659621932292074,0.079281328124999995
643,0.089423303718845826,0.051644858565312465,0.0079334734822420049,0.0087187499999999991,0.27897530269675297,1.0066416044307487,-0.15280992336413909,-0.14724996093750001
644,0.10339008517121787,0.039847442138484526,0.013343955036874001,0.015468749999999996,0.14964158923358339,0.78021533634310325,-0.13242048689299918,-0.12032132812500002
645,0.09873093331748703,0.037586841629751247,0.012840259254424514,0.0096093749999999981,0.19232647792264723,0.024687061795940379,0.035204277386608439,0.015783984374999976
646,0.069941653814632632,0.042564022161634948,0.0057493026471295136,0.0032343749999999981,0.055461775107046973,0.44150800745055907,-0.08106970879213754,-0.095851289062500011
647,0.088787254651716385,0.043167768259628078,0.0095800921423385439,0.0067148437499999969,0.036022979618059781,0.6258383702222029,-0.12386123202687005,-0.13885207031250002
648,0.089416215492337997,0.029652100638016141,0.012550464119407589,0.0093281249999999961,0.2128090384725756,0.13702690997670275,0.015914246984133296,-0.0007766015625000122
649,0.074800515789887945,0.036287625418060188,0.0080877069780838293,0.0079687499999999984,-0.56485184768274344,0.34982048663329657,-0.19208119020636841,-0.19286320312499999
650,0.077126645585234022,0.031442241968557744,0.0095937247595020182,0.0063164062499999974,-0.40967184731660256,0.84986928933808903,-0.26450363869748522,-0.28953316406250001
651,0.069370350346844134,0.032543772641021221,0.0077335813182228116,0.0073945312499999992,-0.37738058434289978,0.13339435627623475,-0.10726273753001825,-0.10963113281250003
652,0.10757895214128638,0.039818064456803262,0.014229786413741454,0.012855468749999996,-0.53757274025709023,0.43195446833369544,-0.20360071380406497,-0.21325828125000001
653,0.086788586226367315,0.045752117591253749,0.0086176584133738476,0.0081093749999999985,0.24752000623065096,0.73956382229891404,-0.10332920137433524,-0.10581855468750004
654,0.055952299984130233,0.033869391537802038,0.004637410773728921,0.0031757812499999994,-0.72680382688340273,-0.14638445591977933,-0.12188806790236091,-0.13396921875000001
655,0.080909572616480047,0.037930154075666453,0.0090256778935708538,0.0079804687499999988,0.23294411376292534,0.8509338865824958,-0.12977785229210978,-0.13533562500000001
656,0.10462946507908299,0.042177328299627281,0.013114948723685699,0.010722656249999997,0.29792797996147913,0.64066903111333939,-0.07197562074189065,-0.082450546875000003
657,0.084510188565342065,0.040745646058671384,0.0091905539264008421,0.0064570312499999975,-0.50903733187122924,0.17902722451451514,-0.14449355684100632,-0.16354207031250007
658,0.096515437691485378,0.052266059375064122,0.0092923694464484632,0.007839843749999997,-0.18553825841659832,0.85513371304840502,-0.21854111400765067,-0.22913226562500003
659,0.086789195171554923,0.035933261051744478,0.010679746165160193,0.0091171874999999986,-0.069445096720232247,-0.21055603953708213,0.029633297991538476,0.019286601562499967
660,0.057241468243432875,0.029574415953377509,0.0058100809809116267,0.0048515625000000008,-0.22267747343189381,0.40758628486882043,-0.13235538924314999,-0.13795113281249999
661,0.070490620490620493,0.027011313318772559,0.0091306545060880658,0.0068671874999999983,-0.21341161616161641,0.97817573829309312,-0.250233344435489,-0.26643808593750001
662,0.084227457949079321,0.04779178099440444,0.0076514921604817245,0.0081445312499999981,-0.089032537761573605,0.42654813829997285,-0.10827194197292475,-0.10544496093750004
663,0.090643782491111546,0.035226340909568762,0.011637662732123985,0.011777343749999997,0.37023526865839518,0.045923318124794221,0.068105509612056192,0.068572968749999977
664,0.082719126226691225,0.042331092418780372,0.0084814870996612786,0.0068437499999999974,-0.0074904975100201776,0.39355222846502769,-0.084218972454760052,-0.093677460937500012
665,0.080654910594943452,0.033630890432659072,0.0098750442340797186,0.0096445312499999995,0.49856432192465405,-0.094195891906747709,0.12447964490459437,0.12291164062499997
666,0.075267074374407328,0.039460317186689048,0.0075194190094208385,0.0061171874999999985,0.014933013682723484,0.48110418807054611,-0.097895946621442742,-0.10582664062500001
667,0.080209123687384559,0.044961781480257354,0.0074019418634967129,0.006972656249999998,-0.36422029204637907,0.67896606765258827,-0.21906913553678314,-0.22213582031249998
668,0.068547305022501753,0.02818943324270369,0.0084751530737575929,0.008460937499999998,0.13665292126224871,0.8467847600827445,-0.14912768615230412,-0.14923406249999999
669,0.083982837036955194,0.028556196337183676,0.011639594546952018,0.0082734374999999978,0.1868537812656863,0.36526388882276273,-0.037466122586986048,-0.052915546875000018
670,0.099233926128590971,0.033063421163864931,0.013895806042592468,0.013289062499999997,0.41077108983128136,0.42199024026939547,-0.0023560215920039635,-0.0056001562500000192
671,0.081422569473689421,0.038219621594630826,0.0090726190546023041,0.010957031249999997,0.18168127814743429,0.40459971039648512,-0.046812870772300674,-0.037535039062500018
672,0.098678870300852067,0.047488643551262144,0.010749947617413883,0.010417968749999998,-0.18629447105317276,0.33926461603703062,-0.1103674082889427,-0.11210296875
673,0.094497721553424452,0.031511694053310432,0.013227065775023944,0.011707031249999998,0.31817406878414833,-0.074496127525267353,0.082460741224977291,0.074435742187499987
674,0.10705739066113902,0.027864196286873047,0.016630570818595855,0.015902343749999995,-0.35422083393683645,0.33763275562385064,-0.1452892538077443,-0.15099457031250008
675,0.089557747852507613,0.037794779103386619,0.010870223437315408,0.0084374999999999971,-0.45469581004538828,0.10980510293069323,-0.11854519172497711,-0.13426675781250003
676,0.097088639350173811,0.037315887667479702,0.012552277853365762,0.012316406249999997,-0.076538836583571745,0.92173787761313974,-0.20963810998130941,-0.21106406249999998
677,0.076231707257801928,0.045565653971020512,0.0064398711902240975,0.0057304687499999977,0.25264053394637198,0.02772907705557448,0.04723140594706747,0.043037343749999978
678,0.063727603201287425,0.035255651649362119,0.0059791098259043144,0.0029179687499999996,0.25241964452490773,0.20481084839969022,0.0099978471862956775,-0.0040858593750000248
679,0.092760970949255173,0.044022866393484086,0.010235001956711927,0.0095742187499999985,0.21125107308070856,0.057271417570248895,0.032335727657196528,0.028192031249999978
680,0.094495763782440206,0.056802346606122933,0.0079156176070266267,0.0089296874999999967,-0.16280345556933906,0.29228241036131453,-0.095568031845437246,-0.089670703125000029
681,0.091873567851604915,0.04448419349281596,0.0099517686153456804,0.0087070312499999969,0.49718530865408006,0.091246468497224287,0.085247156432939702,0.078925312499999969
682,0.073504280140072403,0.048738210362434239,0.0052008746533040145,0.0018398437499999982,-0.044978898657116684,0.56650735848410672,-0.12841211399965691,-0.14848417968750002
683,0.070024227740763167,0.037433346850164542,0.0068440849870257114,0.0057070312499999994,0.10896674742580259,0.087901663673654151,0.0044236675879511722,-0.00076476562500003679
684,0.098546335554209552,0.037140941930037988,0.012895132661076027,0.011730468749999995,-0.2347250757116901,0.30307325846663946,-0.11293765017744921,-0.11969179687500001
685,0.081652007284357064,0.033722037655440074,0.010065293622072568,0.0098906249999999966,-0.1751782484121881,0.44360057435992756,-0.12994355278214428,-0.13083304687500003
686,0.073318266478830108,0.022354730077578391,0.01070234264426286,0.0093749999999999997,-0.47811120814856467,0.49519595564156121,-0.20439450439592641,-0.21297808593750001
687,0.072518975770210048,0.027101115300232459,0.0095377506986952937,0.0092929687499999965,0.44486098863297929,0.26718163669427786,0.0373126639071273,0.035870742187499971
688,0.088924565812671136,0.03737683236174287,0.010825024024694936,0.0083437499999999987,-0.45781210097903147,0.26583696548954039,-0.15196630395840008,-0.16762089843750005
689,0.071928864569083428,0.038729930037223526,0.0069717762516905797,0.0063515624999999978,0.046267761057911638,-0.012238300229428956,0.012286272870341524,0.0088512890625000035
690,0.087605190776448849,0.033963478400772268,0.011264759598892081,0.0093164062499999974,-0.60972466148680871,0.29622233606701975,-0.19024886948630396,-0.20177425781250002
691,0.073768688699926421,0.039143211541503284,0.0072713502032688586,0.0063749999999999961,0.370913214646024,0.77518439770406489,-0.084896948442188577,-0.089164570312500011
692,0.088104575163398674,0.035619409941404945,0.011021884696618682,0.011214843749999997,0.65735603715170277,0.39625977359807218,0.054830215346262423,0.055241484374999976
693,0.10570766259562091,0.036012683441540974,0.014635945622356785,0.014718749999999996,-0.093565018235836739,0.59876658106958658,-0.14538963585413889,-0.1450850390625
694,0.094670253987780173,0.03121928903282857,0.013324702640539835,0.015023437499999999,-0.17636789306350864,0.035837091525830256,-0.044563046763761167,-0.034509726562500009
695,0.081443015798281115,0.03282208368774471,0.010210395743212645,0.010300781249999997,-0.049182132576992332,0.22713914191170403,-0.058027467642626236,-0.057446601562500026
696,0.079452751084776591,0.034381988095538801,0.0094648602277399348,0.007042968749999998,0.46609558531072504,0.49248905512118502,-0.0055426286601965953,-0.01976660156250002
697,0.084196089444882216,0.030427765816154348,0.011291347962032851,0.010183593749999997,-0.058029744067955469,0.29848664387116197,-0.074868441467214664,-0.081355546875000004
698,0.1119114042571273,0.031651773419721405,0.016854522475855237,0.013992187499999998,0.51281124030509018,0.028937189271064367,0.10161355071714541,0.085356328124999992
699,0.097184217816681323,0.03574442161726929,0.012902357201876527,0.012199218749999994,-0.12333009317087151,0.67881376797429216,-0.16845021084048437,-0.1723285546875
700,0.084920607919281077,0.045148389475422282,0.008352165873210346,0.0076054687499999994,-0.29821136956807026,0.62229198912323802,-0.19330570532517474,-0.19846207031249996
701,0.071220487847297703,0.031351559539043269,0.0083724749447334317,0.0067851562499999969,0.19810038842268518,0.10316832867580661,0.019935732546844498,0.012769101562499979
702,0.092798303286348693,0.02824716278676688,0.01355573950491218,0.01299609375,-0.57540410231738037,0.5489430565932224,-0.23611290337122656,-0.2399260546875
703,0.10672370720554132,0.036210181953086798,0.014807840303015449,0.014179687499999996,-0.0057726105132583916,0.72510215117226795,-0.15348369995396052,-0.15666292968750001
704,0.074783102406598939,0.035868019106420776,0.008172167493037414,0.011789062499999997,0.42384489004454418,0.1836018025628442,0.050451048371156992,0.07084230468750001
705,0.080312491660253033,0.034224332002926391,0.0096785135280385935,0.010289062499999996,-0.28522850829956281,0.45302300880675206,-0.15503281859232612,-0.15149238281249999
706,0.08767593687723052,0.04117927471215628,0.0097642990546655904,0.0087890624999999983,-0.96171234868208233,0.15233495969872868,-0.23394993475997028,-0.24219656249999999
707,0.09569814072183741,0.041861610647530731,0.011305671315604402,0.011988281249999996,0.50910226950511317,0.41918730435050311,0.018882142682468111,0.021320390624999987
708,0.073314955741997506,0.046087048147266746,0.0057178605948934591,0.004617187499999998,0.31228480176832085,0.10371958444847373,0.043798695637167893,0.038933789062499981
709,0.10780824708249571,0.039186361297781205,0.014410596014790047,0.015210937499999995,-0.16884151506520784,0.17305060916155879,-0.071797346087620992,-0.06752074218750001
710,0.081291299994492583,0.042777231729879753,0.008087954335568694,0.0060117187499999988,0.059898266246658283,0.5755790356151711,-0.10829296156738769,-0.11968441406250001
711,0.068946483496929639,0.044317554599298231,0.0051720750685025959,0.0039023437500000004,0.13964687896053707,0.38862958009870974,-0.052286367239016258,-0.059836875000000005
712,0.061513305219722425,0.030023230719209856,0.0066129156451076388,0.0065976562499999994,-0.35783390967965678,0.56784140439828679,-0.19439181595636815,-0.19459640624999999
713,0.096495182387586004,0.042645763952341376,0.011308377871401371,0.01134375,0.30185334227587757,0.59654964210499384,-0.061886222964114418,-0.061812187500000011
714,0.092578125000000011,0.029781075988928943,0.013187380292324923,0.013113281249999997,0.024507812499999893,0.79625372859576338,-0.16206664238011032,-0.16245164062500003
715,0.082021020962893931,0.041334500312072087,0.0085441693366725864,0.0094218749999999945,0.091780320522215075,-0.14621924176667922,0.049979908080667802,0.054111210937499994
716,0.071259945466825958,0.047035115033548291,0.0050872143909883099,0.0062460937499999973,0.1507713459678065,0.51317091650353819,-0.076103909812503645,-0.070031601562500032
717,0.10524377779762492,0.035831807039654884,0.014576513859173707,0.014355468749999998,-0.059388824893747749,0.2307132299068686,-0.060921431508129432,-0.062206054687500033
718,0.092755669826163706,0.05076722014328966,0.0088175744334035491,0.0095507812499999959,0.40196848689512266,0.5539209869810765,-0.031910025018050306,-0.028183828125000029
719,0.082447397563676611,0.034811520845068195,0.010003534110907767,0.010992187499999998,-0.3987757475083058,0.37916702096112842,-0.16336798137858119,-0.15639796875
720,0.082891119691119675,0.037092157020046243,0.0096177821609254206,0.011132812499999999,-0.42131592277992291,0.65335325747655015,-0.22568052785385931,-0.21672914062500001
721,0.089786681953957115,0.044157078513033576,0.0095822167225939423,0.0079335937499999971,-0.2870475816914585,0.11629604672399518,-0.084702161967245268,-0.094166367187500016
722,0.091425610354460146,0.035677118845988731,0.011707183216778997,0.011953124999999998,0.45354104085425773,0.11714606197703292,0.070642945564217199,0.071668007812499948
723,0.089995133473394329,0.046981400897094336,0.009032883841022998,0.0086015624999999964,-0.2456538721756113,0.17694469341262764,-0.088745698773530168,-0.091628085937500034
724,0.085069690226763917,0.027015735721428194,0.012191330446120502,0.014167968749999997,-0.22100788055776976,0.59821944580692654,-0.17203773853658622,-0.15948597656250002
725,0.079902841535845537,0.039640288074381108,0.0084551362269075295,0.0064335937499999975,0.12744766352439085,0.19977541432214585,-0.015188827667528548,-0.025640625000000021
726,0.0888769719701617,0.023469633563581574,0.013735541065381825,0.014144531249999998,-0.014987944073240334,0.90424183907273259,-0.19303825446065431,-0.19118414062499997
727,0.093540051679586567,0.02797445322108047,0.013768775676286279,0.014730468749999996,0.42848154300479874,0.28065396671770038,0.031043791020290656,0.034111874999999993
728,0.08436924341413532,0.041162780670285268,0.0090733571762085102,0.0067851562499999987,-0.15879021123553383,0.28868152517566525,-0.09396906464635181,-0.10934027343750002
729,0.080570021883185405,0.042618564357694802,0.0079698060803530257,0.0091289062499999973,-0.6030127493876527,0.31005968962490704,-0.19174521219263754,-0.18230765625000003
730,0.07667366971398229,0.037630076147309774,0.0081991546490012279,0.0071484374999999977,-0.17107628512787931,0.37950173421731659,-0.11562138406249113,-0.12235417968750005
731,0.10187098486005805,0.042587133963338963,0.012449608688311008,0.0088593749999999975,0.42129533294561061,0.1874693490378383,0.049103456620632181,0.032532421874999981
732,0.09990058254762052,0.024382993274514153,0.015858693747352336,0.016464843749999996,0.18518442535577562,0.1942724358091531,-0.001908482195209271,0.0012792187499999664
733,0.10331562111019522,0.046884951309678485,0.011850440658108514,0.0097734374999999957,-0.05839271273689195,0.85485764212009319,-0.19178257451996686,-0.20424398437500002
734,0.083484485952454474,0.045878024345442414,0.0078973569374725314,0.0060703124999999993,0.48800835520222274,0.5429773328980515,-0.011543485316124039,-0.021622265624999998
735,0.084746517304007257,0.047763930077560704,0.007766343317553776,0.0075937499999999981,-0.49649975787929068,0.87050058653342177,-0.28707007232666965,-0.28850039062500005
736,0.080721384022113402,0.044121632145226825,0.007685947894146181,0.0067148437499999995,0.24850960700318453,0.56113231808159991,-0.065650769326467226,-0.070437890625000027
737,0.075751085496212928,0.029815300569105016,0.0096465148346926606,0.0091523437499999964,-0.36348196031854207,0.81530602660737461,-0.24754547725444251,-0.2503880859375
738,0.085968379446640319,0.031339288719010025,0.011472109052802361,0.010968749999999998,0.0068627212367841084,0.21498797062881647,-0.043706302372326797,-0.0470053125
739,0.095504443330530264,0.024195550658328291,0.014974867461162413,0.014531249999999997,0.67021993413297754,0.75893121385451967,-0.018629368741523846,-0.021051796874999997
740,0.088586182336182318,0.032036557463479665,0.011875421223267556,0.013453125,0.23541755698005695,-0.0048788035881281999,0.050462235719318883,0.060841640624999978
741,0.063583480659587771,0.038883290479495541,0.0051870399378193682,0.0031640624999999989,0.16104654063493096,0.21953318087927465,-0.012282194451312175,-0.021029765625000012
742,0.0867436264848713,0.032543190148791382,0.011382091630576782,0.011519531249999998,-0.00013399909037103974,0.40371210866045693,-0.084807682627673867,-0.084310429687500008
743,0.069058544710405789,0.048732503139972169,0.0042684687297910601,0.0037031249999999981,-0.054760517711760048,0.070140318771234611,-0.026229175661428877,-0.029316445312500026
744,0.10081635014118012,0.041251871933850354,0.012508540423539251,0.010628906249999997,-0.44170141035513755,0.50386453657613561,-0.19856884885556736,-0.212473359375
745,0.095912829801295035,0.039504504504504503,0.011845748312326012,0.010664062499999995,-0.18055714103641907,0.19031072072072075,-0.077882250968999353,-0.086075976562500003
746,0.099362535731324308,0.041595271463169034,0.012131125496312607,0.012445312499999996,-0.34422356876556681,0.59941572496729489,-0.19816425168390095,-0.19615242187500001
747,0.081389063605629364,0.048156099528451249,0.0069789224562074037,0.0077343749999999991,0.11230943863511278,0.32231453713202263,-0.044101070684351068,-0.040366289062500033
748,0.068782489740082081,0.036532869443862609,0.0067724202622060888,0.0061523437499999981,-0.058010487916096753,0.9525294449000774,-0.21221338589139657,-0.2152290234375
749,0.075209828290732167,0.044438302439496757,0.0064620204287594357,0.0067617187499999986,-0.053256162955342079,0.10388204526074807,-0.032999023725378933,-0.031451601562500021
750,0.097912131878390679,0.041700693236542616,0.011804402114788093,0.008050781249999998,0.07870703164071613,0.17547146221743593,-0.020320530421111156,-0.036286289062500032
751,0.070028652046496942,0.032031385554249475,0.0079794259633719673,0.0067148437499999969,-0.045767504439433004,0.43704103670003414,-0.1013897936392881,-0.10843839843750003
752,0.08396326528028894,0.034045883809044067,0.010482650108961423,0.0086132812499999951,0.71487599726457707,0.20892638061732705,0.1062494194959225,0.097903593749999962
753,0.084086092766265691,0.02976043210857425,0.011408388738115203,0.012691406249999997,0.003004477255388438,0.66129030819784673,-0.13824002449791623,-0.13174113281249999
754,0.096711488015835845,0.048675445575655008,0.010087568912437976,0.0096445312499999995,-0.26675116892508222,0.58162384501294317,-0.17815875292698533,-0.18139757812499999
755,0.074712375197825392,0.050807475957176551,0.0050200288405362562,0.0032460937499999985,0.073801903644749478,0.37409491284279028,-0.06306153193158856,-0.073114804687500035
756,0.077592153804624919,0.044148859883296684,0.0070230917234789291,0.0059414062499999962,0.29595644819873251,0.36462057012477034,-0.014419465604467942,-0.0188424609375
757,0.079119478726551395,0.037457439457888986,0.0087490282464191063,0.0078749999999999983,-0.57291640054311954,-0.13900612232821719,-0.091121158425129495,-0.097516992187500054
758,0.086973737312205396,0.040044060146052565,0.0098552322048920948,0.0095039062499999976,0.070347544678550533,0.88117332600195497,-0.17027341407791494,-0.17255121093750003
759,0.092505241090146739,0.04837251953918878,0.0092678715257011705,0.0083789062499999983,-0.25427323549965042,1.169077187707013,-0.2989035888733993,-0.30455824218750005
760,0.087377941296548023,0.049417704270730209,0.0079716497754217415,0.0055195312499999984,0.080718447254789938,0.87733709973757978,-0.16728991702138585,-0.17897226562500002
761,0.067175963270031613,0.036489516105233322,0.0064441539046076407,0.0076406249999999972,0.21933352552073093,0.89615686583995013,-0.14213290146703603,-0.13781671875000001
762,0.063216174650211926,0.044048601235385426,0.0040251904171135647,0.0014765624999999998,-0.22284288232866944,0.31513101544774569,-0.11297451853304717,-0.12447785156249999
763,0.078528184329630296,0.039816960743515609,0.0081293569530840847,0.0084843749999999971,0.096853802974196324,0.90985449971505516,-0.17073014631558034,-0.16938492187499996
764,0.079413638282359256,0.045392291443364235,0.0071444828361889538,0.0078867187499999988,-0.75194584596492597,0.51013996753104307,-0.26503802083415351,-0.2597490234375
765,0.066248451599885266,0.046268648298034357,0.004195758693388691,0.0023906249999999974,-0.091914514741130993,0.094691085479003956,-0.039187176046228338,-0.049179843750000014
766,0.0767975138038198,0.040090660349699117,0.0077084392253653428,0.0060703124999999976,-0.035849953232960141,0.51789922424620127,-0.11628732727062389,-0.12394957031250002
767,0.065975216829299355,0.027367595971502845,0.0081076003801372667,0.0067617187499999978,-0.27073362129962364,0.39072182497652919,-0.13890564371799208,-0.14743511718750002
768,0.072099277023452674,0.035797141296124088,0.0076234485027390029,0.0080156249999999967,-0.083119820137541822,0.7661159970301421,-0.17833952160521363,-0.17669742187499998
769,0.087514819881440969,0.023845579343572704,0.013370540512952335,0.012761718749999998,0.55724268125854992,0.37395415436546708,0.038490590647547396,0.035240273437499976
770,0.11082570059907007,0.045467171059588127,0.013725291203291207,0.012234374999999997,0.042928490067301261,0.46555593695404129,-0.088751763846215401,-0.096488203125000033
771,0.080132347904859735,0.039165303446509758,0.0086030793362534951,0.0092695312499999974,-0.74291167231925526,0.33346007245940756,-0.22603806640351917,-0.22179597656250002
772,0.087297839958227541,0.044027425908798698,0.0090867869503800571,0.0088593749999999975,-0.20197235227003585,0.59124159247386221,-0.1665749283962186,-0.16782023437500002
773,0.091230335079487246,0.037327421829077723,0.011319611782586,0.011835937499999998,-0.46494294885764376,0.42516658363320958,-0.18692300182307919,-0.18381996093750005
774,0.090181803451945625,0.040013322007760907,0.01053538110327879,0.011226562499999999,-0.81868837849880516,0.25380160563778409,-0.2252228966686837,-0.22024359374999999
775,0.074633294286070434,0.035083754632486405,0.0083054033272526463,0.0067499999999999982,-0.20751612321951862,0.31506367751760056,-0.10974175815479502,-0.11922140625000001
776,0.099741113069707343,0.051758973418827861,0.01007624932668469,0.0077343749999999991,0.26042721146595305,0.58704890135425136,-0.068590554876542642,-0.08170007812500002
777,0.06095991070541934,0.032779239243790587,0.0059179410069420384,0.0041718749999999976,-0.14257342490173075,0.47670002327519967,-0.13004742411715539,-0.14242324218749999
778,0.071254656730271843,0.031483395602068684,0.008351964836922663,0.0084492187499999975,0.16991562965653939,0.37923959466103896,-0.04395803265094491,-0.043508906250000014
779,0.071094532902794799,0.051245614751932178,0.00416827281168115,0.0044179687499999974,0.17234252775395187,0.42348217688223289,-0.052739326316939013,-0.051713554687499989
780,0.068460570799591169,0.042104992800951216,0.0055346713797143898,0.0062929687499999991,-0.60322214796760765,0.14131670045583633,-0.15635315816892323,-0.15050261718750002
781,0.085715770805823044,0.040714844616279416,0.0094501944998041619,0.011249999999999996,-0.27057931564506832,-0.3223086362412777,0.01086315732520397,0.022494023437499972
782,0.062461611267091183,0.030041752459391433,0.006808170349616947,0.0082265624999999978,-0.29823756266753365,-0.25888723261267454,-0.008263569311520412,0.0015373828124999455
783,0.10039606101108578,0.047972786918507759,0.011008887559441384,0.011789062499999997,0.44629673126818148,0.73874965915661295,-0.061415114856570606,-0.058652226562499986
784,0.087731722870325213,0.034025116608950218,0.011278387314888748,0.0087656249999999974,-0.88325353539142537,0.22818736860007749,-0.2334025898382156,-0.25513851562500001
785,0.090062492416153439,0.036445030033148404,0.011259667100431057,0.010699218749999996,-0.14910816397469895,0.23120233063704798,-0.07986520386846685,-0.083093671874999997
786,0.10995478884414958,0.035384045098066919,0.015659856186677357,0.015644531249999996,-0.075043603776989154,0.45285573707663629,-0.11085886157926134,-0.11098769531250001
787,0.07815020732302369,0.026191630060658153,0.010911301225096762,0.009632812499999999,-0.35289341082750436,0.72189485407050491,-0.22570553562858192,-0.23101851562499998
788,0.11468283510495414,0.027857174197834997,0.01823338879049502,0.018960937499999997,-0.18372483978663812,0.47174859123588875,-0.13764942051473064,-0.13393722656250001
789,0.095085645446673944,0.049722631804359652,0.0095262328648860004,0.0075234374999999963,-0.10041013439747015,0.13516604162588708,-0.049470996964905013,-0.060199101562500024
790,0.087250372625066908,0.03383049963038659,0.011218173328882867,0.0081562499999999968,-0.23899790563915413,0.20016753996898151,-0.092224743577708476,-0.1063217578125
791,0.064804125298237508,0.031092256600351642,0.0070794924265560315,0.0071249999999999994,0.12599286062458515,0.18205693845628279,-0.011773456344656505,-0.011638593750000039
792,0.090209752590730607,0.03036773827295472,0.012566823006732937,0.012714843749999996,0.016350358716543001,0.69963642199841602,-0.14349007328919333,-0.14285707031250003
793,0.082297465619359939,0.033984310038672735,0.010145762671944312,0.0089179687499999979,-0.059303199660097561,0.40091287139875686,-0.096645374922359431,-0.10322613281250004
794,0.097267555836473091,0.033162150248967417,0.01346213517337619,0.014894531249999995,-0.27450237271061795,0.52272551080305274,-0.16741785553787084,-0.15803249999999999
795,0.061669865206210983,0.038298581791501543,0.0049079695170889826,0.0040078124999999984,-0.35886292298473044,0.39982803324790306,-0.15932510080885304,-0.16526050781250004
796,0.087578298478772409,0.050193462980351447,0.0078508154546684025,0.008507812499999998,-0.58898002997529053,0.5913509523416367,-0.24786950628655471,-0.24275718750000003
797,0.078795552871944952,0.045744934370526791,0.0069406298852978136,0.005437499999999997,-0.22468172079582405,0.68121957031909641,-0.1902392711341333,-0.19973917968749999
798,0.089863566871116629,0.036304865039109457,0.011247327384721506,0.01001953125,-0.6910959498571031,-0.28349953108524939,-0.085595247942089281,-0.096183984375000017
799,0.084657886827930073,0.032948323485153766,0.010859008301983024,0.012105468749999999,0.075941618439202552,0.9706946123428879,-0.1878981287197739,-0.18055500000000002
800,0.064801859745405782,0.032676232375379866,0.0067463817477054419,0.004710937499999999,0.26495437405322553,0.54077812404082526,-0.057922987497395939,-0.068780859375000031
801,0.079440605859457503,0.030091031982467972,0.0103634105141678,0.0086367187499999994,0.61600141809733588,0.66863909151521794,-0.011053911417755231,-0.017886914062500026
802,0.07429102130958129,0.039251847315013175,0.0073582265388593042,0.0070546874999999976,-0.18421606482090891,0.67738803330969499,-0.18093686060742681,-0.18271429687500004
803,0.099932392614525828,0.031990860657016687,0.014267721711076918,0.012398437499999996,-0.56007384389563153,0.40970781438316728,-0.20365414823854774,-0.21770542968750001
804,0.084422130940949802,0.053290424661488964,0.0065376583186867758,0.0074179687499999992,0.013127979158034764,0.64258100460596401,-0.13218513534406515,-0.12778535156250004
805,0.076552667578659361,0.039411028375313212,0.0077997442327026913,0.0071953124999999977,-0.24628974008207938,0.46177251191865876,-0.14869307292015499,-0.152418515625
806,0.10481532147742817,0.050703862500301372,0.011363406385196628,0.010828124999999999,-0.29370852713178286,0.45866014260745847,-0.15799742064524067,-0.16184472656250004
807,0.078028566390407339,0.041987090610079852,0.0075687099138687722,0.0079453124999999975,-0.050475077881619979,0.15914159263920835,-0.044019500809373946,-0.042304101562500002
808,0.10704644486719908,0.030707512457685923,0.016031175805997763,0.016171874999999995,-0.26476627184209633,0.71739059032961194,-0.20625294105605874,-0.20539066406250001
809,0.066063525671143569,0.049049603466239489,0.0035729236630298567,0.001195312499999998,0.28189350143415204,0.23706049016714159,0.0094149323660721942,-0.001579335937500046
810,0.091769751372825253,0.042129589366728989,0.010424434021280215,0.0074648437499999984,0.28809953585324932,0.84434317519676461,-0.11681116426213821,-0.13239269531250003
811,0.099588192916528734,0.043942444867793209,0.011685607090234459,0.011203124999999998,0.32339580209895052,0.18272435551161392,0.029541003783340684,0.02738964843749998
812,0.11375990632667843,0.030175762699199374,0.0175526701617706,0.016605468749999998,0.44506063025142584,0.47451392921416813,-0.0061851927821758813,-0.010814765625000007
813,0.064090667734972268,0.045125562332621438,0.0039826721344936736,0.0046406249999999981,0.67575289625032731,1.0581647740670745,-0.080306494341516918,-0.077208750000000034
814,0.0901864725584344,0.031378179976513682,0.012349741442203349,0.014871093749999995,1.1523658653308753,0.43080324356213018,0.15152815057143645,0.16065374999999996
815,0.065930311967819288,0.040589952885659808,0.0053214754072534905,0.0019218749999999967,-0.65341475956294115,0.55581451174276353,-0.25393814697419798,-0.27978785156249997
816,0.088054792867272136,0.044595988655670063,0.009126348884436435,0.0074179687499999983,-0.077739884741875986,0.82033561822633738,-0.18859585562332479,-0.19930171875
817,0.096268315018315037,0.036831685796983107,0.012481692136479705,0.0091054687499999981,0.40661000457875457,0.77034789017185779,-0.076384955974551666,-0.0920190234375
818,0.086950893571009769,0.0422344891035593,0.0093904449381645976,0.0090468749999999959,-0.068828329284914891,-0.0065324557242251169,-0.013082133447744853,-0.015051445312500017
819,0.072436647173489271,0.048844838013172062,0.0049542799236666135,0.0051562499999999976,-0.35812966402935453,0.45523737266489234,-0.17080707770579184,-0.16966839843749998
820,0.082244203660921861,0.044478846900598973,0.0079307249196678056,0.0060234374999999958,0.34218547200439631,0.61582608623516821,-0.057464528988462098,-0.066281835937500019
821,0.073575698392600503,0.033963670771745211,0.0083185258003796118,0.008847656249999997,-0.11630162946779543,0.53787874008974779,-0.13737787760708406,-0.13481156250000001
822,0.082277776702599142,0.0364367472446845,0.0096266161861620746,0.0082265624999999978,-0.36339573938959946,0.6996611056437736,-0.22324193745700832,-0.23340011718750006
823,0.090620224076700645,0.031585543219058917,0.012397282980104762,0.012433593749999996,-0.11546387615309328,0.66533290452825911,-0.163967323943084,-0.163752421875
824,0.083105566331628772,0.03361485274062731,0.010393049854110306,0.010769531249999997,0.0034785899018398014,0.53491934670972152,-0.11160255892965516,-0.10984148437500001
825,0.065649908800764684,0.032072385892900318,0.0070512798106515161,0.0081445312499999981,0.023506832941526778,0.39176755051292866,-0.077334750689994389,-0.071141601562500045
826,0.10624365283004056,0.044892358467170282,0.012883771816202757,0.013453124999999996,0.14272873115473117,0.28735561682359123,-0.030371645990460612,-0.028071679687500028
827,0.11762515455307754,0.039615212527964197,0.016382087825273801,0.017273437499999999,-0.3698704875190606,0.77271595078299771,-0.23994315204343222,-0.23353382812500001
828,0.10801842129625527,0.043540112191392907,0.013540444912021096,0.013628906249999996,0.41245292398205791,0.36605286651521196,0.0097440120680376482,0.010045078125000001
829,0.087312031252530203,0.036175981854136827,0.010738570373662609,0.010828124999999997,0.069580583394007522,0.19136921681363517,-0.025575613018121803,-0.025216171875000006
830,0.07856916507513681,0.029510330302778262,0.010302355302195294,0.0094804687499999984,-0.56020736227752477,0.036739892193065726,-0.12535892343882399,-0.13062597656250005
831,0.10155651577955896,0.042988400445085312,0.012299304220239466,0.012339843749999994,-0.40839607774149456,0.89465715289995074,-0.27364117843470348,-0.27339175781249997
832,0.050623083575752792,0.04290533476066484,0.0016207272511684699,0.00242578125,0.69857418036009122,0.11463265937971046,0.12262771940587995,0.12596367187499996
833,0.11779488890306186,0.032004009579135864,0.018016084658024459,0.018539062499999995,-0.14820968105930887,-0.35907521662046937,0.044281762467843704,0.048111210937499982
834,0.075692415770372029,0.052873793924101437,0.0047919105877168239,0.0052851562499999973,-0.47981681475412685,0.81838509483735,-0.27262240101421015,-0.26943
835,0.06779699028908473,0.041166246136327966,0.0055924562720789201,0.0024609374999999987,0.65737850142411813,0.61226399684086807,0.0094740459624825125,-0.0049093359375000211
836,0.084579460475743828,0.020880865116055594,0.013376705025534529,0.013136718749999996,0.30559582897314563,0.2329000938342225,0.015266104379173858,0.013914023437499977
837,0.10893070103596419,0.035412347460053187,0.015438854250941311,0.012515624999999996,-0.24999766512924404,0.27333233681288971,-0.10989930040784808,-0.12815039062500003
838,0.081307632379726963,0.035212498942440565,0.0096799780218301424,0.0079921874999999958,-0.35393395423160012,0.86039922163625571,-0.2550099669322497,-0.26590347656250002
839,0.066814961679967727,0.031970121381886069,0.0073174164625971483,0.0069257812499999979,-0.090300690162474995,0.5702813700918965,-0.13872223265341802,-0.14102402343750003
840,0.089139567988220675,0.040197340554968708,0.010277867760982913,0.0069960937499999988,-0.10312312443099048,0.48435519950204409,-0.12337044802593726,-0.14294027343749999
841,0.077933298509335475,0.034374082119571436,0.0091474354418504475,0.0091289062499999973,-0.031532679248693074,0.39869198799353489,-0.09034718012086787,-0.090613476562500031
842,0.071904772889801377,0.039128562021380861,0.0068830042823683083,0.0060468749999999984,-0.081087544057958039,1.0775824570301127,-0.24332070022849486,-0.247610625
843,0.061703554661301119,0.047663770456321239,0.0029483546830457747,0.0029882812499999966,0.30264057935958188,0.86931535070379007,-0.11900170198228371,-0.11891953125
844,0.070841299868619256,0.026244017815494666,0.0093654292311561634,0.010007812499999998,0.044776077602668218,0.48574551606285543,-0.09260358207663931,-0.089657695312500008
845,0.075996336865902098,0.045139510685210119,0.0064799334979453154,0.006035156249999998,0.28250479120044325,0.48165441623370919,-0.041821421256985847,-0.043877695312500034
846,0.08200833590614387,0.038672854711541332,0.0091004510508665322,0.0073710937499999983,0.34585780719357839,0.11445597167033938,0.048594385459880193,0.042149296874999978
847,0.081585019178722323,0.030357848440653826,0.010757705854994384,0.010277343749999996,-0.21592632255300925,0.13467269227962297,-0.073625793114852761,-0.076221445312500025
848,0.083548808197656949,0.056542563333620441,0.0056713114214476668,0.0028359374999999977,0.54519350261022725,0.48728452003899969,0.012160886339957789,-0.0022155468750000252
849,0.10156788716689735,0.036732056376723221,0.013615524465936567,0.013757812499999997,0.13017202255488347,0.1065787066433983,0.0049545963414118852,0.0054821484374999721
850,0.09226940963148153,0.036652284790124487,0.011679596216684979,0.0090234374999999985,0.13336899583143424,0.77250698196954481,-0.13421897708900321,-0.14853644531250004
851,0.076478915806384912,0.045889181822609745,0.0064238441365927846,0.0066914062499999986,-0.46070560438336838,0.098087351120438981,-0.11734652065579954,-0.11537683593750003
852,0.074772497092914197,0.034703601579151144,0.0084144680578902408,0.0059531249999999966,-0.59702865073708689,0.94414756957637225,-0.32364700626582643,-0.34166566406249999
853,0.085685364675487041,0.030978247215851781,0.011488494666523404,0.011589843749999997,-0.62400962923062386,0.44944101697226813,-0.22542463570260729,-0.22477488281250005
854,0.089935977983018195,0.028649695618127968,0.012870119296626946,0.011167968749999996,0.13075796864487688,0.36434243050819315,-0.049052736991296413,-0.058801406250000007
855,0.084789505088793155,0.03056306306306307,0.011387552825403317,0.010230468749999997,-0.2614799595185211,0.31899747747747753,-0.1219002617691597,-0.12838792968749999
856,0.079607982947865058,0.035194443713211981,0.0093268432392771463,0.0084140624999999962,0.4627598819700981,0.48893718960587917,-0.0054972346035140262,-0.0089082421875000331
857,0.068209894509446284,0.032390884238521461,0.0075219921568942128,0.0087656249999999974,-0.36617053674798583,0.39592296011854367,-0.16003963434197119,-0.15081046875000001
858,0.07621248995269958,0.026491777900468763,0.010441349530968471,0.0087539062499999969,-0.74373410655163963,0.50072724172647864,-0.26133688313840481,-0.27251402343750003
859,0.061067872516196331,0.037286276970805776,0.0049941350645320163,0.0035039062499999992,-0.52515381103526249,0.30397484005425213,-0.17411701672879806,-0.18450515625000005
860,0.10426692769753865,0.03563364245430449,0.014412989901079172,0.013277343749999995,-0.93961920576449254,0.14110767172221916,-0.22695264427220943,-0.23721269531250003
861,0.098718369687657515,0.032221989095027131,0.013964239924452381,0.014249999999999999,0.0082040895516266588,0.49176208742090488,-0.10154717955254842,-0.100382109375
862,0.086542615812951695,0.035269351857603673,0.010767385430623085,0.0097734374999999974,0.19203935031414943,0.11809204111783012,0.015528934931227055,0.010047539062499986
863,0.083602928656563935,0.042317719078152058,0.0086698940114664936,0.0062929687499999991,0.01782512024807259,0.80812613677238376,-0.16596321347010534,-0.17467078125000002
864,0.088426317741367999,0.047136960254176907,0.0086707650723101288,0.009304687499999997,0.077191455436533496,0.65606675077722776,-0.12156381202154579,-0.11815593750000002
865,0.10876922185022536,0.042085509111702904,0.014003579675089715,0.012492187499999998,0.11093985970404519,0.42565517901538386,-0.066090217055381123,-0.075543515625000002
866,0.07236780410931043,0.032333775615509375,0.0084071459836982214,0.0080039062499999963,0.18463205340081901,0.46900134650351366,-0.059717551551565877,-0.061726640625000009
867,0.097316749840297034,0.025186846178289091,0.015147279769021667,0.01276171875,-0.28872648283613278,0.29508021543339336,-0.12259940663660049,-0.13728750000000003
868,0.090573654015674437,0.041080095460274038,0.010393647296634084,0.0084140624999999962,-0.093084010520282034,0.38746782731908214,-0.10091588594626648,-0.11100550781250003
869,0.083009586756721765,0.028971522626645971,0.011347993467315916,0.011003906249999997,0.0063010652797977906,0.50397657193375878,-0.10451185639733181,-0.10659890625000001
870,0.10803348502163151,0.03210010600415529,0.015946009593670006,0.015703124999999995,-0.335431775167643,0.35395855801117238,-0.14477196996755123,-0.14647242187500001
871,0.075821423505750551,0.023721895822475303,0.010940900813487801,0.0099023437499999971,-0.2530503685995158,0.95586512516017275,-0.25387225368953459,-0.2607183984375
872,0.094011544011544018,0.035689827051693213,0.012247560561568669,0.010113281249999996,0.4182698412698414,0.53931590426078491,-0.025419673228098134,-0.035448515625000017
873,0.072551347576653297,0.042913272963356425,0.0062239956687923431,0.0055546874999999989,-0.16319833205652545,0.52242189845027909,-0.14398024840642895,-0.14805878906250006
874,0.09836087873223151,0.032536946501159805,0.013823025768525057,0.0123984375,-0.55912643678160934,0.48725238203849663,-0.21973955195222225,-0.2288232421875
875,0.096424864494338763,0.036133280468518922,0.012661232645422167,0.012082031249999998,-0.33955551284441277,0.37780565392786469,-0.15064584502217826,-0.15511453125000002
876,0.073256023056996078,0.044981472433192268,0.0059376556309988001,0.0051796874999999977,0.11897009006031567,0.49710276878211679,-0.079407862531578235,-0.083476054687500037
877,0.10390797537039476,0.041285208999117487,0.013150780937968226,0.012867187499999995,0.090072945460927589,0.87432019149992279,-0.164691921668189,-0.16625027343750001
878,0.099474533783864949,0.036032324038063418,0.013322864046618321,0.014472656249999999,-0.31346963854909604,0.64536791329939303,-0.20135588588818271,-0.19306769531250001
879,0.08966227819814801,0.037132812057493192,0.011031187889537511,0.0104765625,0.23438697126334185,0.39882781264637868,-0.03453257669043773,-0.037248164062500012
880,0.100390625,0.018072478767938716,0.017286810708732867,0.017214843749999997,0.2743671875,0.19143142954943659,0.017416509169618313,0.016918124999999975
881,0.089514652014652002,0.03160693126525356,0.012160621357373672,0.0086367187499999994,-1.0030111034798534,0.68374809692915561,-0.35421943208589191,-0.38081273437500002
882,0.081605461570201432,0.039079829636947228,0.0089303827059833817,0.006515624999999998,0.23926739937732089,0.58591440324080613,-0.072795870811331903,-0.085156992187500002
883,0.083251439000421174,0.030992669668544609,0.010974341559694078,0.0083320312499999983,-0.19288134861067618,0.39143223507955927,-0.12270585257494944,-0.137936484375
884,0.076629898731318008,0.031626815096072514,0.0094506475634015541,0.0074648437499999975,-0.45483495087151316,0.3081664439457964,-0.16023029291163501,-0.17283808593750002
885,0.062811478689443284,0.040029255632042668,0.0047842668420541292,0.005050781249999998,0.21327353472715904,-0.16215221930222645,0.078839408346170953,0.080200781249999964
886,0.089953337622254617,0.023447361741729886,0.013966254934910194,0.012339843749999998,-0.0041988720317995831,0.86420135931639364,-0.18236404858312058,-0.19036371093750001
887,0.087285753596980903,0.046968316631237975,0.0084666617628060149,0.0092109374999999986,0.47822234452394041,0.41981265574367466,0.012266034643855808,0.015635156249999976
888,0.070017398568048062,0.022215840961742186,0.010038327097324233,0.0091874999999999978,-0.11520016245138909,0.64598537356609353,-0.15984896256367134,-0.1647291796875
889,0.080469636142723761,0.049237807159334512,0.0065586840865117417,0.0068085937499999978,-0.018215934494188568,0.37625131527315403,-0.082838122451141943,-0.081423750000000017
890,0.09905181686709677,0.035988098070076455,0.013243380947374267,0.014074218749999999,-0.091259312924399039,0.71012996252225835,-0.16829174784379805,-0.16216417968750002
891,0.081839089295895562,0.037602971874929864,0.0092895846584027959,0.0091640624999999969,0.63073926528311242,-0.24091720724562871,0.18304785923103564,0.18220687499999996
892,0.066522498574660555,0.040886618029584904,0.0053835349144658864,0.004113281249999998,-0.21456622472065157,0.41075561981080166,-0.13131758735160518,-0.13886015624999998
893,0.098273209343732459,0.040293234061584915,0.012175794809250984,0.010863281249999997,-0.076616549902266406,0.86962404154703188,-0.19871052420435265,-0.20515125000000001
894,0.081529389863054386,0.031441764370457606,0.010518401353445323,0.0072656249999999978,-0.27195872955445244,-0.37005569184074771,0.020600362080122007,0.0017690624999999781
895,0.10037222295350506,0.04160483591652106,0.012341151277766639,0.012058593749999997,0.097787723224079803,0.51392816989981305,-0.087389493801903972,-0.08859832031250002
896,0.088657072236116602,0.048149355656725512,0.0085066204816721287,0.008226562499999996,-0.28148483319438944,0.41266864783328816,-0.1457722310158123,-0.147368671875
897,0.06077556017795227,0.052009053002430486,0.0018409665068595746,0.0040078124999999992,-0.13854734930282198,0.39171849845028639,-0.11135582802815275,-0.095746640625000018
898,0.078513201654788367,0.023029516631968963,0.011651573854792074,0.012749999999999997,-0.23808847202890071,0.382030936520109,-0.13022507579529202,-0.12364417968750001
899,0.0736221632773357,0.025990115746020462,0.010002729981576199,0.0085664062499999985,-0.026857466730145663,0.54081425869447408,-0.11921106233917014,-0.12665390625
900,0.085293960876285935,0.036541889483065956,0.010237934992576195,0.0099140624999999993,-0.69256763651039011,0.57403265338393428,-0.26598606087780813,-0.26829351562500003
901,0.060417973461451724,0.041445057521574097,0.0039843123473743015,0.0035273437499999992,-0.03051057442361782,0.56095499901024382,-0.12420777042111093,-0.12690562499999999
902,0.093593411153897799,0.033096554835685257,0.012704339826824633,0.013757812499999996,0.34982708342825886,0.37912567651698093,-0.0061527045486316342,-0.00091499999999999915
903,0.069130570865467839,0.033718663050258252,0.0074365006411940132,0.0075820312499999976,-0.10560385174027653,0.29578558622961393,-0.084291781973676996,-0.083444179687500009
904,0.099667653842430093,0.058823429876759065,0.0085772870327909152,0.0069257812499999962,-0.28441630405375451,0.49499286499901274,-0.16367592550108112,-0.17304281250000003
905,0.086320109439124493,0.03960177412656965,0.009810850415636516,0.0092109374999999986,0.0013207478340172552,0.53178248925903049,-0.11139696569925278,-0.11452312500000003
906,0.093960388602025269,0.03912069129460434,0.011516336434558395,0.012574218749999998,-0.40087689753817257,0.26917466004422519,-0.14071082709230354,-0.13424238281250003
907,0.07307010249732615,0.038490745135263404,0.007261665046033176,0.0049687499999999983,-0.24879911311429059,-0.076335864578389256,-0.03621728219253928,-0.050148046874999998
908,0.081838316722037646,0.030611377009811411,0.01075765733956751,0.011707031249999998,-0.41561461794019949,0.28731243078955782,-0.14761468023324903,-0.14062933593750004
909,0.075883149956910673,0.030056171464557871,0.0096236654833940886,0.0081328124999999977,0.4531270524843749,0.15110523520303865,0.063424581629080615,0.054903867187499976
910,0.072437925191666169,0.036913898057064173,0.0074600456982664189,0.0077695312499999995,-0.60268816151338955,0.49581674319515157,-0.23068602998879362,-0.22860937500000003
911,0.081679513705428336,0.049674535459325264,0.0067210454316816446,0.0082148437499999956,0.29474871735362496,0.0062543495933531368,0.060583817229657083,0.068766210937500002
912,0.08890818858560795,0.03831778883617562,0.010623983947380788,0.012714843749999996,-0.097916129032258103,0.12525997481066331,-0.046866981807013493,-0.037416796875000033
913,0.089947063989285231,0.027650966606568891,0.013082180450370431,0.013628906249999994,0.094596871918402936,0.30329843149461488,-0.043827327511004509,-0.04128902343750001
914,0.068766447514732404,0.04778156155869677,0.0044068260507674831,0.0050624999999999967,-0.071594501334513172,0.47941431975583748,-0.11571185242897364,-0.11208210937500004
915,0.084131728893157232,0.031613165590166387,0.011028898293628077,0.010171874999999999,0.23939984653321694,0.33448379080166024,-0.01996762829637309,-0.023373046875000004
916,0.085525270979137535,0.038074386501384325,0.0099646857403281747,0.0089296874999999967,-0.33772160522937322,0.40450951710527316,-0.15586853569027573,-0.16227738281250001
917,0.079018995910107886,0.049281187508083538,0.0062449397644251132,0.0021679687499999993,0.28006063585709595,0.36390454966024322,-0.017607221898660926,-0.036145312500000006
918,0.076969087450928786,0.046940491655245595,0.0063060051170934703,0.0071953124999999977,0.026747119045833379,-0.005982303892719365,0.0068731788170960763,0.011745351562499983
919,0.089072366647597878,0.037891613697375245,0.010747958119546753,0.010570312499999996,-0.1156903245637253,0.55108479413858336,-0.1400227749274848,-0.14119218750000001
920,0.077761607124462534,0.033458612975391488,0.0093036287713049188,0.010289062499999996,-0.54774632170594006,0.53757823266219229,-0.22791815641730775,-0.22212527343750005
921,0.076014035104831984,0.042172521594333032,0.0071067178372047797,0.0068671874999999983,-0.3262467677712001,-0.31538629656599082,-0.0022806989530939482,-0.0040719140625000263
922,0.075816883910788585,0.039563503871940284,0.007613209808158143,0.0088124999999999957,-0.28865371911419624,0.54033838927843481,-0.17408834276245252,-0.16615335937500003
923,0.11076909072979801,0.023738730863927526,0.018276375571832801,0.017402343749999997,0.46415929485477603,0.61960308701598854,-0.032643196353854625,-0.037521328125000017
924,0.078567865228903633,0.035842782552009886,0.0089722673621476859,0.0097265624999999974,0.27616246210522277,0.23423006888684117,0.0088058025758601371,0.012943476562499985
925,0.076597063923412562,0.026701655920282202,0.010478035680657374,0.0080859374999999976,-0.44508666797244412,0.058269087003472442,-0.10570470854494247,-0.12318527343750002
926,0.079200047842303112,0.033009017560512582,0.0097001163591760101,0.0074062499999999988,-0.016436833284299013,0.46494320518905241,-0.10108980807940379,-0.11131171875
927,0.07098610776302211,0.040984909805735437,0.0063002515710302012,0.0042656249999999986,0.2247779923564257,1.0337363407724331,-0.16988125316736155,-0.1818748828125
928,0.08885281385281385,0.029120580928160222,0.012543768914177262,0.010312499999999997,0.12860606060606083,-0.036389469728044022,0.034649061370162021,0.019734843749999974
929,0.088864782735019104,0.045712975785117502,0.0090618794594793366,0.0054257812499999992,-0.19210147844020742,0.96332552631120316,-0.24263967099779621,-0.26786542968750005
930,0.11839426246814695,0.035179610676299419,0.017475076876287982,0.019335937499999997,0.021724276274361909,0.53081814837112862,-0.10690971314032101,-0.096004218750000023
931,0.09286710635671272,0.045383838641087276,0.0099714862202813434,0.0092929687499999965,-0.25737449635724752,0.51311757970401217,-0.16180333597286453,-0.1650819140625
932,0.08167182616971902,0.032850462598305596,0.010252486349996818,0.010816406249999997,0.036402742958627443,0.72668248033747918,-0.14495874484955887,-0.14205386718750002
933,0.099767918054832927,0.036490883909453709,0.013288177170529636,0.015515624999999998,0.35193047103073416,0.71053724488650305,-0.075307422509711466,-0.061151953125000033
934,0.062251178015397673,0.038550705516395348,0.0049770992247904879,0.004136718749999998,0.25254658943143221,0.067107631636977416,0.038942181136835508,0.035062617187499985
935,0.088472877676864764,0.043633638940530295,0.0094162401346302386,0.006925781249999997,-0.37400720670129628,0.50903626994281348,-0.18543913009526306,-0.20209207031250004
936,0.075254924375237148,0.036656215864382308,0.0081057287872795154,0.0056484374999999972,0.10007489229054878,0.41428148289348909,-0.065983384026617464,-0.078406289062499995
937,0.070764446516123514,0.039207184192982747,0.0066270250878595607,0.007066406249999998,-0.68688430628577313,0.64280456911088313,-0.27923466383329781,-0.27655523437499996
938,0.080305606565553495,0.031824070376176808,0.010181122599769103,0.0087656249999999974,-0.20236028928336625,0.63909916167751035,-0.17670648470178407,-0.18415511718749999
939,0.07928517962383605,0.038168860741591232,0.008634426965271412,0.0065507812499999984,-0.69083636498146439,0.51154128369480256,-0.25249930622201605,-0.26778808593750003
940,0.090443756449948398,0.0386332513452467,0.010880206071987357,0.01107421875,0.90200880632954938,0.20345209571909162,0.14669690922819612,0.14727585937499998
941,0.071120910300849771,0.034920854861925157,0.0076020116421741685,0.0073124999999999996,-0.43340865546341412,0.99547874559600658,-0.30006635422247835,-0.30187980468750003
942,0.075922103951011066,0.047242547407322075,0.0060227068741746884,0.007546874999999998,-0.16679524399141077,0.36670494886626992,-0.11203504050011294,-0.1030753125
943,0.067818498861620252,0.031469222586395271,0.0076333480177972462,0.0072773437499999982,-0.047146877641307428,0.91824201454775456,-0.20273166735970302,-0.20459003906250001
944,0.0900046332046332,0.036071358009928167,0.011325987790888056,0.012902343749999998,0.14679644787644797,0.52342471061590234,-0.079091935175285413,-0.070488750000000017
945,0.066092111263109904,0.04849095326172706,0.0036962431802903973,0.003082031249999998,-0.65830953032375739,0.45677940692233987,-0.23416867682168041,-0.2391577734375
946,0.094862211254244155,0.040970214961803406,0.011317319221412558,0.0096679687499999986,-0.29755341481443709,0.62975113579364839,-0.19473395562769794,-0.20405109375000005
947,0.069963661307837266,0.040337687357081403,0.0062214545296587313,0.0044414062499999983,0.070336689722060308,0.2783562838140996,-0.043684114759328249,-0.051674765625000008
948,0.069476282842532183,0.036635306400922177,0.0068966050527381013,0.0072656249999999978,-0.0034190031152649958,0.16116056254723754,-0.034561708789125532,-0.032869101562500024
949,0.089503891473542319,0.034128994218337996,0.011628728423592907,0.010078124999999999,0.23686192877951218,0.74879289998670129,-0.1075055039535097,-0.11685808593750002
950,0.083174321929944117,0.030511056273905726,0.011059285787768061,0.010570312499999996,0.34878366011799289,0.87511310328112524,-0.11052918306425778,-0.113075859375
951,0.067607786406843312,0.036346831543706243,0.0065648005212587844,0.006374999999999997,-0.17731650360619577,0.74862064659381544,-0.19444680154200236,-0.19536820312499997
952,0.049999999999999989,0.022925649591304109,0.0056856135858261349,0.0056132812499999993,-0.078007812499999996,0.59452432838427738,-0.14123174958569823,-0.14159800781250001
953,0.089435852649117686,0.042569232467657023,0.0098419902381067393,0.0096679687499999969,0.10251574394484764,0.89044089937032878,-0.16546428263935103,-0.1663451953125
954,0.07904228704122529,0.031170501850138768,0.010053074890128169,0.0080273437499999989,0.17024210972041265,0.33457482944033301,-0.034509871141183278,-0.046856484375000014
955,0.076630115830115836,0.026612177158007344,0.010503767121142782,0.012035156249999996,-0.23920466409266405,0.08284705282178495,-0.067630860552034294,-0.057454101562500012
956,0.065805264960584281,0.032706849617655118,0.0069506672220151239,0.0042539062499999973,-0.20459372890208594,0.71887750977475717,-0.19392896012213703,-0.20825624999999998
957,0.083778522807093664,0.03315855019721424,0.010630194248074678,0.010722656249999997,-0.51881110655185503,0.2818864914528536,-0.16814649558098882,-0.16744347656250005
958,0.093540340033423708,0.032550878815911177,0.012807786855677631,0.010781249999999996,-0.20342463910610098,0.46541960568917662,-0.1404572914070083,-0.15175816406250001
959,0.098599663817055122,0.040093663965077908,0.012286259968915214,0.011847656249999998,0.61655896395026832,0.56077516109658254,0.011714598599274014,0.0093199218749999702
960,0.082033789561121145,0.036902636574507861,0.0094775421271887893,0.009304687499999997,0.013022495880288476,0.55824404504832625,-0.11449652532528792,-0.11550082031250003
961,0.10314304531877275,0.034083180089175505,0.01450257169821542,0.013781249999999998,0.17710214555680348,0.7066105121293802,-0.1111967569802411,-0.11479816406250003
962,0.082904150489620076,0.037214608164723453,0.0095948038882282902,0.0079804687499999971,-0.15008090661285167,0.62788342733627056,-0.16337251012931567,-0.17400445312500004
963,0.093280691610847011,0.033438621699216478,0.012566834681442412,0.011636718749999999,0.31891945810395805,0.47363772879625543,-0.032490836845382447,-0.037301835937500007
964,0.081512267708822722,0.052758388628176445,0.0060383146069357182,0.0047343749999999973,0.39773521641789022,0.60081365485789162,-0.042646472072400292,-0.04865718749999999
965,0.11392137738245095,0.04299394176275162,0.014894761480136859,0.016347656249999995,-0.21643055428195124,0.82812464334571034,-0.21935659150180895,-0.2105947265625
966,0.10200097911988001,0.035826677724633896,0.013896603293001684,0.016101562499999996,0.024816523813594227,0.10032813470760416,-0.015857438287742085,-0.0031483593750000162
967,0.090370313519321538,0.026183581238208062,0.013479213779033829,0.014226562499999994,-0.70827175256149522,0.4050273604242276,-0.23379281372700178,-0.22843945312500005
968,0.069898443484220446,0.02857955159545271,0.0086769672966412244,0.0087187499999999991,-0.10938362414926717,0.01971907172824916,-0.027111566134278429,-0.027121875000000007
969,0.079430432498080239,0.045677297848296675,0.0070881582764545483,0.0089648437499999963,-0.1594414856357147,0.66613853591860017,-0.1733718045264061,-0.16526296874999999
970,0.061565405438333304,0.048122951526651719,0.0028229153214531328,0.0024843749999999996,-0.14493172005756627,0.42070753191305843,-0.11878424291383119,-0.12045996093749999
971,0.071616300874776662,0.041339037927844574,0.0063582252188557386,0.0042421874999999986,0.32583844123810363,0.84581174838112849,-0.10919439450003521,-0.1177583203125
972,0.092047876879723128,0.02285526480069025,0.014530448536596904,0.013289062499999997,0.21817109883685037,-0.21732671737317177,0.091454541404104653,0.084474609374999968
973,0.07353344011885693,0.042313582829663951,0.0065561700307305249,0.0083906249999999953,0.0098198110360517843,0.6559218890011459,-0.13568143637266974,-0.12614601562500005
974,0.051714589779771281,0.043302013422818794,0.0017666410349600221,0.0028007812499999995,0.11160315781802566,0.5808710290827741,-0.098546252965597173,-0.094588242187499991
975,0.077762038119250448,0.035728263671982313,0.0088270926339263072,0.0073828124999999979,-0.43448147763162204,0.42367076505619267,-0.18021197096444108,-0.18979734375000007
976,0.062188377219262597,0.051724453494542633,0.0021974239821911925,0.00096093749999999869,-0.4241895538052024,0.8965385587701139,-0.27735290364081644,-0.28409062499999999
977,0.087871491242537209,0.046650667989725489,0.0086563728830904609,0.0086953124999999964,0.34233794387454053,0.66755661424442392,-0.068295920777675503,-0.068243554687500013
978,0.10031919744642043,0.028849479964923902,0.01500864067111427,0.014414062499999996,0.025521751025991857,0.36600496006394301,-0.071501473897969736,-0.074804296875000023
979,0.086757185681537646,0.043329252981918448,0.0091198658669200319,0.0094687499999999997,-0.73265789396343994,0.34987590685189174,-0.22733209817121963,-0.22496636718750004
980,0.072818987946689312,0.025740732865929539,0.0098864335669595522,0.009023437499999995,-0.47052209267926348,0.035006469719888633,-0.10616099810382194,-0.11235515625000002
981,0.078069397085419573,0.041748311282782558,0.0076274280185537726,0.0050156249999999966,-0.041320503389908225,-0.083880211426467954,0.0089375386876775435,-0.0078780468750000131
982,0.094685859833281871,0.03365712651029347,0.012816033997827565,0.011097656249999997,0.16301945044766897,0.10166030639317913,0.012885420251442865,0.0047944921874999704
983,0.091409091965822836,0.024963972739508358,0.013953475037526039,0.014203124999999997,-0.12999454281382783,0.89658659705758836,-0.21558203937299739,-0.2142861328125
984,0.082812500000000011,0.023442666575550469,0.012467665019134403,0.012398437499999995,0.13703515624999996,0.60740469536702846,-0.098777603214575987,-0.099177304687500009
985,0.085414167251951001,0.047490994281683768,0.0079638663237561191,0.0071953124999999977,0.1559468534475299,0.50169285462377522,-0.072606660247011512,-0.076315546875000029
986,0.090234375000000006,0.052248171069951374,0.0079771028253102123,0.0079101562499999979,-0.15858593749999983,0.55754672158772889,-0.15038785840842303,-0.1508588671875
987,0.05206979867069722,0.037189538892434537,0.0031248545534351634,0.0016523437499999989,0.12918934043713004,0.46910659616704076,-0.071382623703281245,-0.077232304687500003
988,0.09042475406187539,0.044584446570131164,0.0096264645732662864,0.0096093749999999981,0.27369790863676868,0.84161898007875491,-0.1192634250028171,-0.11960496093749999
989,0.087839700971230728,0.023029775090615004,0.013610084434929301,0.014085937499999996,0.076247250222126861,0.43979630744581988,-0.076345302016975536,-0.074216015625000006
990,0.08142185529182433,0.03143326372306339,0.010497604229439798,0.01069921875,-0.39875601421855311,0.50797557332051313,-0.19041363338320391,-0.1892893359375
991,0.070228684359119165,0.05176284236430867,0.0038778268189102036,0.0033984374999999978,0.26592464319788162,1.0302427419966043,-0.16050680074773174,-0.16259484375000002
992,0.087606681922849511,0.043075345062100021,0.0093515807407573929,0.011367187499999997,0.68602736315554336,0.40603263317501748,0.058798893295910433,0.067908515624999971
993,0.10581764187911227,0.027961598549147371,0.01634976909929263,0.017472656249999999,0.040906921241049998,0.2713528615081392,-0.048393647456088727,-0.040599140624999988
994,0.083539513024255635,0.049588672678373677,0.0071296764726352111,0.0047460937499999977,-0.30218667874344252,0.3382543110267362,-0.13449260785173753,-0.146298984375
995,0.075970771622945521,0.041963303300617844,0.0071415683476888118,0.0067031249999999999,-0.0038010311923357687,1.0343489583742922,-0.21801149780899187,-0.22069875000000003
996,0.0990250812533012,0.037624878309248766,0.012894042618251011,0.011390624999999996,0.35436484635904231,0.64873231134235299,-0.061817167646495239,-0.070690898437500024
997,0.11242796367257039,0.030241884434164298,0.01725907664006528,0.015691406249999998,0.19632534773557009,-0.11259910935584627,0.064874135989197432,0.055691718749999987
998,0.095140946927787656,0.046776189818463487,0.010156598992958074,0.0083554687499999974,0.052279036067741758,0.14476347169974824,-0.019421731482721361,-0.027766406250000007
999,0.077739454874781733,0.028437988475484427,0.010353307943852435,0.0083789062499999983,-0.030138522832857784,0.32470333280268049,-0.074516789683463036,-0.084942656250000012
1000,0.089425441538117573,0.048502778361863272,0.0085937592670134021,0.008636718749999996,-0.2344447009928422,1.3098598219086677,-0.32430394980931709,-0.32413359375
1001,0.085693316957732968,0.030575068223364157,0.011574832234217449,0.0088124999999999992,0.87708576221430057,0.81690588064658942,0.01263777512921934,0.0015496874999999743
1002,0.083135334223624652,0.018409395973154358,0.013592447032598761,0.014519531249999997,0.17960599535256849,-0.20735999999999999,0.081262859024039374,0.086404687499999952
1003,0.078324835978632601,0.034769140984489674,0.0091466959487700138,0.0090234374999999985,-0.45966286962577796,0.52757647415321773,-0.20732026219358909,-0.20817164062500002
1004,0.078774455518641567,0.025984737760680443,0.011085840729171835,0.012117187499999998,-0.039351052048726687,0.51560733936704772,-0.11654126219731262,-0.11055632812500002
1005,0.10502692135889222,0.031650040184739561,0.015409145046572058,0.013019531249999999,-0.20949668346149575,0.013870964842465527,-0.046907206143831863,-0.064379882812500011
1006,0.092695233351049705,0.042778181405687468,0.010482580908526069,0.0095039062499999976,-0.49304345822402096,0.98735415378133329,-0.3108834985211244,-0.31916730468750004
1007,0.081493074774620033,0.040997798275770075,0.0085040080647584906,0.0074296874999999997,0.80141702862886988,0.20950192490452024,0.12430217178211342,0.11930964843750001
1008,0.083022935570987777,0.033160793307277378,0.010471049875379184,0.010558593749999998,0.3381073654937089,0.17750239115532729,0.033727044611060138,0.033987890624999968
1009,0.097445471853054799,0.042684440538645715,0.011499816576025907,0.012140624999999999,0.33069193576302569,0.84097922634399058,-0.10716033102200262,-0.10399394531250002
1010,0.091050173748254609,0.037794183445190144,0.011183757963643537,0.0121640625,0.70706404962426028,0.47176279642058161,0.049413263172772517,0.052907578124999972
1011,0.084765624999999983,0.036826645691991747,0.01006718565468173,0.0099960937499999989,-0.35121093749999965,0.78222056241909854,-0.23802061498301061,-0.23852109375000005
1012,0.093867605102188084,0.050375094877728316,0.0091334271471365507,0.010499999999999995,0.025434729515203203,0.57780879722329981,-0.11599855421870028,-0.10758058593750004
1013,0.086915303033965274,0.043565726208836072,0.0091034111332771329,0.005718749999999999,-0.58926394718961406,0.25508656899210735,-0.17731360839816149,-0.20235023437499999
1014,0.084331391890641538,0.035479937266182857,0.010258805471136322,0.0079453124999999975,-0.59547595587113189,0.091642601241577304,-0.14429489699366893,-0.1585228125
1015,0.076222946714877782,0.044354022310678656,0.0066924741248818162,0.0062929687499999991,-0.89813858296868543,0.58002073811980936,-0.31041345742858389,-0.31394765625000004
1016,0.094833175282073134,0.044321318091940384,0.010607490009927877,0.0092812499999999961,-0.038924735344777583,0.48617974239123257,-0.11027194032456211,-0.11605300781250001
1017,0.10212827522139392,0.038682005060088551,0.013323716733874127,0.012984374999999998,0.30731869303342041,0.37759121097119208,-0.01475722876693205,-0.016348476562500006
1018,0.07164079597663664,0.040479075348993171,0.0065439613318051286,0.0049335937499999979,-0.14789309680131024,0.50742797529758554,-0.13761742514076811,-0.14591847656250001
1019,0.068284792731388627,0.028382443482346656,0.0083794933422988143,0.0094101562499999975,-0.092497117230177506,0.72585567437530185,-0.17185408623715065,-0.16642277343750003
1020,0.086600221483942419,0.049029973171665825,0.0078897521455780842,0.0089062499999999975,0.21751255075673692,0.62286781454903517,-0.085124605396382627,-0.079683281250000029
1021,0.085275244849712939,0.047617612903200379,0.0079081027087676368,0.0066445312499999977,0.34847357947220681,0.3245426567691011,0.0050254937676521977,-0.00048503906250000559
1022,0.085032365901001605,0.047958523085420493,0.0077855069912720334,0.0080742187499999972,0.28023523230218805,0.32748668933380332,-0.0099228059766392051,-0.0082456640625000327
1023,0.077422640266003651,0.034167394837156639,0.0090836015400578719,0.0062343749999999969,-0.23182332324835997,0.048896442696873099,-0.058951150848498945,-0.07903218749999999
1024,0.081041941526832445,0.026044378398096896,0.011549488257034465,0.012175781249999997,-0.29058905684095448,0.06367770405040718,-0.074396019787185949,-0.070356445312500016
1025,0.086322522874384994,0.038914474220164946,0.0099556902173862094,0.0061054687499999981,0.52690894542059818,0.58707036669103796,-0.012633898466792352,-0.025635585937500007
1026,0.096445533866643507,0.032388956259341781,0.013451881297533361,0.011671874999999996,-1.011386561199016,0.68668104571476918,-0.35659419745189486,-0.37191433593750006
1027,0.065049504859086643,0.040921695036474512,0.0050668400627485472,0.0061171874999999976,-0.32619480846006377,0.68467859963112876,-0.21228341569915044,-0.2069237109375
1028,0.068765940629806593,0.036875528240682048,0.0066969866017161546,0.006515624999999998,-0.68163386957683181,0.44429681066243165,-0.23644544285024532,-0.23799714843750003
1029,0.087343362075829212,0.043882882882882876,0.0091267006305187307,0.0079453124999999975,0.68448145592855969,0.46068333333333344,0.046997605744997513,0.041916328124999985
1030,0.084690490892250697,0.044995218723850858,0.0083360071553639659,0.0065742187499999985,0.18662241432540916,0.59568226816451975,-0.08590256930621322,-0.094911679687500014
1031,0.08862330111446648,0.036141312865905328,0.011021217532197841,0.010007812499999998,0.082060144578780525,0.15703352632554335,-0.015744410166820193,-0.021720585937500037
1032,0.063656540368198872,0.030147912706381244,0.0070368118089817015,0.0062226562499999982,-0.064318608697341295,0.67245837478856185,-0.15472316653203966,-0.15978679687500003
1033,0.10252359639379177,0.031984908233550435,0.01481312451365068,0.013371093749999998,-0.31608824428809545,0.19893120651008511,-0.10815408466761792,-0.1153831640625
1034,0.10259430398947966,0.033842919958128506,0.014437790646583742,0.013019531249999999,0.29334825847796153,0.11246937478778984,0.037984565574936055,0.030034101562499967
1035,0.098029335952629248,0.027314588061985126,0.014850097057035265,0.014039062499999999,0.07831652766833691,0.62184243318136989,-0.11414044015773693,-0.11745046874999999
1036,0.0758824056484875,0.040392891386268878,0.0074527979950659105,0.0094687499999999963,-0.066652785007808468,0.82922857716235199,-0.1881350860557337,-0.17828296875000002
1037,0.086880210221368076,0.037510058855581896,0.010367731786815097,0.0086835937499999995,0.33622205205490119,0.60090610892793361,-0.055583651943336809,-0.063412968750000021
1038,0.067507272584322653,0.026398358781387452,0.0086328718986163917,0.0094335937499999984,0.31418856631810677,0.12924417961479839,0.038838321207694759,0.042764999999999984
1039,0.098838739454339269,0.03622845133623015,0.013148160504802915,0.0092226562499999991,-0.09775135838250848,0.31794010394478989,-0.08729520708873266,-0.11026195312500001
1040,0.092787749525694657,0.042137956829899958,0.010636456466116887,0.0091289062499999973,-0.6076214081243122,0.67712574944802417,-0.26979690309019061,-0.28090980468749999
1041,0.096676893035882255,0.033539252690224078,0.013258904472588217,0.013242187499999995,0.56616499553200572,0.30601260176201628,0.054632002691697781,0.054445781249999971
1042,0.072311461659888637,0.023703984353307631,0.010207570234382011,0.0079804687499999988,0.27233521963647911,0.080353003983743232,0.040316265287074535,0.029007539062499994
1043,0.10827677368514704,0.027647357861219357,0.016932177323024815,0.015749999999999997,0.19652395114989485,0.41579576379041006,-0.046047080654508195,-0.052216757812500007
1044,0.088750691812996968,0.038065159574468072,0.010643961770091068,0.0086718750000000008,0.42715214107658295,0.61501503237742838,-0.039451207173177537,-0.049555078125000041
1045,0.083613202189874614,0.032926809505932436,0.010644142463627857,0.0096093749999999981,-0.29025038573240358,0.46445807776484382,-0.15848877733442196,-0.16512304687500001
1046,0.077066067125139609,0.037129890489434297,0.0083865970934981146,0.0087187499999999991,-0.063328704520072776,0.15985329953479277,-0.046868220851521765,-0.045030468750000011
1047,0.08141218810085124,0.045173205550564033,0.0076101863355603136,0.0099140624999999975,-0.0147223385987999,0.30776030747728844,-0.067721355675978548,-0.05455511718750003
1048,0.086869141032343,0.042459239130434784,0.0093260793994007253,0.007312499999999997,0.33573351137643037,0.22959492079093424,0.022289104022954188,0.013448203124999969
1049,0.080382364655779887,0.023697719617780028,0.01190377545797997,0.012386718749999996,0.21648806642360363,0.65766942475945178,-0.092648085250528103,-0.090223593750000025
1050,0.073767119261741038,0.039314140123791155,0.0072351256189694749,0.0076054687499999985,-1.0565696085346499,0.46200256744444368,-0.31890015695560964,-0.31579406249999997
1051,0.081185895116571399,0.034102310108886091,0.0098875528516139139,0.0061406249999999976,0.13148158273008537,0.50502395271574985,-0.078443897696989534,-0.098388515625000006
1052,0.088013739915232897,0.047788951464220214,0.0084472055747126639,0.0090820312499999955,-0.5958954978710066,1.0310961827554987,-0.34166825293156611,-0.33751359375000001
1053,0.077612916987530589,0.041804514604738038,0.0075197645003864354,0.0056835937499999968,-0.26865501071956677,0.46031459154413246,-0.15308361647537683,-0.16273605468750002
1054,0.093181046706779291,0.03399119265264812,0.012429869351367546,0.012515624999999999,0.078407840508458504,0.70877374556312822,-0.13237684006148065,-0.1321060546875
1055,0.080133175451721439,0.040590560049784619,0.0083039492344067316,0.010218749999999997,0.3744444334345689,0.38062844509303961,-0.0012986424482788494,0.008508281249999982
1056,0.096222181117233602,0.035658996780275856,0.012718268710761127,0.012187499999999995,0.25915272883038998,0.77948538685483526,-0.1092698581851335,-0.11204707031250002
1057,0.096766178518992579,0.042178117544692625,0.011463492804602991,0.0095976562499999977,0.29832812558822441,0.71470509183030961,-0.087439162910837892,-0.097262460937500031
1058,0.071286758631523922,0.038542148473635518,0.0068763681331565647,0.004757812499999999,-0.90506656301885968,0.65969277578630903,-0.32859946114908545,-0.34512503906250003
1059,0.091232267078862062,0.031001426843913327,0.012648476449339233,0.014355468749999998,0.19017447350411071,1.1380295578457584,-0.19904956771174603,-0.19218621093749999
1060,0.080069895033329425,0.031711711711711721,0.010155218497539717,0.0089179687499999962,0.035429994620431504,0.027373288288288222,0.0016919083297500892,-0.0058294921875000228
1061,0.081112463662955214,0.031467528390330513,0.010425436407251187,0.0087656249999999974,0.21742196005588743,0.25277522021225562,-0.0074241846328373202,-0.015505898437500023
1062,0.067024629292457144,0.025418041106888528,0.0087373835189694087,0.0081796874999999977,-0.10082839477300776,0.60942759003875868,-0.14915375681047094,-0.15182320312500003
1063,0.10354364017820902,0.034390081509359904,0.014522247320458315,0.014660156249999994,0.027328442040502887,0.14150630138138398,-0.023977350461585029,-0.023422148437500009
1064,0.087310782962956884,0.040658869799538977,0.0097969017643177603,0.0093632812499999957,-0.10368216194303148,0.6299299688513279,-0.15405854746681547,-0.15678281250000003
1065,0.094264082374318589,0.035811721181268574,0.012274995850540503,0.011191406249999996,-0.0035397334948515935,0.62908720011254848,-0.132851656057554,-0.13979976562500002
1066,0.080660194613433794,0.048959643889881041,0.0066571156519460778,0.0066445312499999977,0.0067909390847679107,0.74140790881118102,-0.15426956364254674,-0.15439335937499998
1067,0.091745448774626481,0.04460084796874253,0.0099003661692356297,0.0085078124999999963,-0.28248003808746514,0.14862064442378964,-0.090531143327363506,-0.10000839843750001
1068,0.080687261479472749,0.041678916379191772,0.0081917524710590044,0.007640624999999999,0.38547783479242237,0.30218400461757977,0.017491704336716946,0.014880351562499979
1069,0.077290444581660983,0.040785179696835899,0.007666105625813267,0.0058945312499999987,-0.029315857517752453,0.64955969554855308,-0.14256386614392416,-0.15337113281250006
1070,0.08324527095975276,0.045700449046483682,0.0078844126017865064,0.0066210937499999976,-0.30823337800002193,0.39146404967201875,-0.14693645981112854,-0.15674355468749998
1071,0.084782544906811946,0.030368298956427883,0.011426991649580652,0.011566406249999996,-0.30073914680725161,0.59761615889769626,-0.18865461419803903,-0.18815554687499997
1072,0.078086979481941543,0.043243186426683414,0.0073171965416042066,0.0084140624999999962,-0.41360207282459754,0.33463213625737687,-0.15712918390721464,-0.15188648437500002
1073,0.090644046427930058,0.025890901153045556,0.013598160507725745,0.013628906249999996,0.20959219799672346,-0.037400587602795854,0.051868484975899055,0.051907734374999979
1074,0.066602299128021014,0.049472893337053056,0.0035971752161032709,0.0020039062499999987,-0.065379114745194866,0.61386196543882932,-0.14264062683864506,-0.15185121093750001
1075,0.083582722942045135,0.038533574037986282,0.0094603212698523582,0.010031249999999999,0.27553402083098266,0.42156300850803707,-0.030666087412181426,-0.027679804687500011
1076,0.080615221426677264,0.029666734928758529,0.010699182164562934,0.011871093749999995,0.52804975066457105,0.39110509917826158,0.028758376812124987,0.03307605468749996
1077,0.076562500000000006,0.038674048648072126,0.0079565747839048552,0.007886718749999997,-0.60378515624999984,0.73270043160678811,-0.28066197344992544,-0.28118636718750006
1078,0.068445190143039153,0.037308563157717911,0.0065386916669174606,0.0054960937499999984,-0.58952819140746715,-0.065118709652947748,-0.11012599116844907,-0.11734769531250006
1079,0.085917115795787175,0.043516728397488352,0.0089040813536427517,0.0080859374999999994,-0.14125235087071775,0.47236577433812094,-0.1288598062938561,-0.1335615234375
1080,0.093083085087665163,0.047474185370679545,0.00957786894056698,0.0089531249999999975,0.19373406256732872,0.35891926499272087,-0.034688892509332346,-0.037471523437500008
1081,0.08786925112652888,0.040957085585204583,0.0098515547636781019,0.0088242187499999996,0.66950584873660268,0.50511973896724494,0.034521083051565128,0.029569570312499974
1082,0.082449447292032185,0.035058714141642799,0.0099520539615817714,0.010839843749999998,-0.33449537043298228,-0.050899405656607777,-0.05955515260303864,-0.053103046874999997
1083,0.096268853936712029,0.032606487088128688,0.013369097038202502,0.012820312499999997,-0.34811509139086283,0.42876066174520427,-0.16314390815857407,-0.16673789062500005
1084,0.082759393630444295,0.033746360320651272,0.010292736995056534,0.0084023437499999975,0.34865200996395479,0.53413245568884204,-0.038950893602226325,-0.04788046875000003
1085,0.1054439297143475,0.040943650134109527,0.013545058711849975,0.012515624999999996,-0.32092903177723664,-0.17726961766909011,-0.030168476962710772,-0.037550156250000043
1086,0.086871092786723031,0.032000074546451096,0.011522913830457105,0.011308593749999998,0.86794895555153861,-0.1182736647372159,0.20710675026063843,0.20587628906249994
1087,0.082084288485275964,0.052697326696519511,0.0061712619756388544,0.006515624999999998,-0.33029506847704693,0.60281813307645815,-0.19595377232623606,-0.1938641015625
1088,0.084522879957910829,0.038643736564393183,0.0096346201126387056,0.011109374999999994,0.16804128886925218,0.11163509869063892,0.011845299937508784,0.019156289062499963
1089,0.072420781650363975,0.047313199105145406,0.0052725923344958993,0.006222656249999999,0.2891202197705558,0.42856892617449649,-0.029284228344827544,-0.024914648437500003
1090,0.098509993943064811,0.03132831043156524,0.014108153537414909,0.012960937499999999,-0.24049830405814665,0.056069581336842256,-0.062279255932947669,-0.069573046875000044
1091,0.08763657386217974,0.02776841255413473,0.012572313874689451,0.012035156249999996,-0.60285527603072653,0.4397072498518797,-0.21893813043534727,-0.22193085937500001
1092,0.073042993846503423,0.028751795280051909,0.0093011516989548182,0.0093398437499999983,-0.44129555108428342,0.43340328786328158,-0.18368675617898864,-0.18347214843749998
1093,0.11563480411165934,0.038524669032539233,0.016193128366615222,0.013605468749999999,-0.26142276085581029,0.65025844044849701,-0.19145305227390452,-0.20722734374999999
1094,0.09396170163972023,0.048510278184703493,0.0095447989255535142,0.0097382812499999978,0.058350097465886708,0.35745955514754613,-0.062812986113148478,-0.061819453125000028
1095,0.10977705944226379,0.045825850137001314,0.01342975395410512,0.013464843749999997,0.072482838744671985,0.44357148766326338,-0.077928616272904191,-0.077987929687500027
1096,0.088704771918492631,0.02649687189823921,0.013063659004253218,0.012246093749999997,-0.047258474972408648,0.33179685253512536,-0.079601618776582145,-0.083701406250000013
1097,0.064609476056488285,0.041656051335376323,0.004820219191433512,0.0037617187499999981,0.56128626137894178,0.98724732711726548,-0.089451823805047972,-0.093213749999999998
1098,0.063957437174552878,0.033521177249293307,0.0063916145843045096,0.0044179687499999983,-0.9963947562367832,0.0060377296712942341,-0.21051082204069627,-0.22704187500000003
1099,0.095625460221353292,0.047455778228461379,0.010115633218507301,0.012210937499999996,0.14840761859586082,0.48710419265558857,-0.071126280552542831,-0.060762539062500023
1100,0.083905677655677635,0.054740194416304899,0.0061247514802682743,0.0024257812499999991,0.4824416208791209,0.014626316222709712,0.098241213977846339,0.083944687499999962
1101,0.086352516424031078,0.042121621621621613,0.0092884879085059872,0.0080507812499999963,-0.038185487032576404,0.34169756756756775,-0.079775441466030272,-0.087108281250000003
1102,0.091569898040768455,0.038906618365821405,0.01105928873173888,0.010734374999999997,-0.12177256771265615,-0.052901087487781107,-0.01446301084722376,-0.016193789062499998
1103,0.0860515765511847,0.037347880586611815,0.010227776152560306,0.0095859374999999972,0.16422608887493728,0.41808777255020985,-0.053310953571807235,-0.056123554687500035
1104,0.050771236720404872,0.039014636622578189,0.0024688860205436033,0.00070312499999999889,-0.79515997947832606,0.78219873656899519,-0.33124533036993747,-0.34309675781249999
1105,0.083219641954749402,0.047898726951787443,0.0074173921506220106,0.0076640624999999973,0.41980410414660502,0.58411578529002639,-0.03450545304011849,-0.033604921874999999
1106,0.077358732070925723,0.034127881288986028,0.0090784786642073359,0.0071015624999999985,-0.037728178293114589,0.77087582922039122,-0.16980684157783621,-0.18056999999999995
1107,0.086380827064558047,0.037122227638313438,0.010344305879511368,0.010886718749999998,-0.039751529378878825,0.79859692871786803,-0.17605317620031682,-0.17275839843750007
1108,0.070344326162967014,0.030122364735367835,0.0084466118997958278,0.008050781249999998,0.054996991880512769,0.430150513538749,-0.078782239548229605,-0.08117695312500002
1109,0.090824323595367074,0.036649799717550668,0.011376650014341445,0.012644531249999997,0.18364070988772185,0.36758333741206417,-0.038627951780111885,-0.033338554687500015
1110,0.10152604746543051,0.042405106823031558,0.012415397534903779,0.011613281249999998,0.20884210890556576,-0.061556905705797416,0.056783793068386268,0.05179968749999999
1111,0.089466040028338217,0.02831254202666604,0.012842234580351157,0.013089843749999996,-0.42881802364209665,0.43355115540297368,-0.18109752759946474,-0.17979140625000001
1112,0.087014856046357558,0.036363995744925534,0.010636680663300724,0.010277343749999996,0.59509389539089441,0.33496736817894301,0.054626570714509791,0.053024062499999997
1113,0.078957956115194794,0.044450450450450457,0.0072465761895963102,0.0060820312499999972,-0.19644628196748704,0.36274972972972963,-0.11743116245641549,-0.12407531249999999
1114,0.072822035872350338,0.042213930383245168,0.0064277021527120856,0.0054609374999999979,-0.059729647099930228,0.65315429243312673,-0.14970562730194195,-0.15436558593749999
1115,0.079074758181847754,0.039263911665100223,0.008360277768516982,0.0089882812499999971,0.019181789152178497,0.45804484821693903,-0.092161242403599714,-0.089258085937500023
1116,0.078974887748087697,0.03389196273328679,0.0094674142531081893,0.0091640624999999969,0.070434857326722389,0.28924935621254944,-0.045951044766023678,-0.048194648437500043
1117,0.087714711615640401,0.03880041914157599,0.010272001419553527,0.010464843749999998,-0.47350491916064696,0.43494468438921874,-0.1907744167454718,-0.18964593750000003
1118,0.075479619392251895,0.038354243755781697,0.0077963288836587416,0.0057304687499999995,0.1251739305902777,0.41340837476873271,-0.060529233277475551,-0.071764804687500072
1119,0.10685772159495857,0.038799389182597482,0.014292249806595828,0.011753906249999996,-0.44921938557335228,0.35726125018545252,-0.169360933509349,-0.184246171875
1120,0.09011268910157455,0.021007885452910213,0.01451200876621951,0.012749999999999999,-0.37399747221364632,0.45890738179281232,-0.1749100193413563,-0.18774937500000008
1121,0.082107478916212895,0.027655966348449704,0.011434817639230269,0.010371093749999998,-0.10619396629684275,0.27272964609630168,-0.079573958602560321,-0.085034062499999993
1122,0.065078586966512475,0.037586148740519881,0.0057734120274584447,0.0062695312499999982,-0.29701700419743238,0.79672116925971981,-0.22968501642600198,-0.22728304687500001
1123,0.085015450769456047,0.048826208293300297,0.0075997409199927077,0.0089296874999999984,-0.66686171368683878,0.32223910146340384,-0.20771117118155094,-0.19846371093750004
1124,0.054586138957700786,0.032221623668828886,0.004696548210663099,0.0033984374999999978,0.71158382568833134,0.52928667230373272,0.038282402210765711,0.032506406249999974
1125,0.080405669811730945,0.034330982292867379,0.0096756843789613488,0.0080390624999999959,-0.67592116323898155,0.077557413404871545,-0.15823050109520914,-0.17058058593750006
1126,0.082568300577779252,0.040157177301649707,0.0089063358879872042,0.0096328124999999955,0.120975541046631,0.79019697540046474,-0.14053650121430508,-0.13622718750000001
1127,0.10229859613739653,0.031560949190115123,0.014854905858929094,0.014144531249999997,0.58131818790497347,0.55008253142554842,0.0065594878606792615,0.0033158203124999731
1128,0.066016556242961405,0.027670326253575586,0.0080527082977710218,0.0077578124999999973,0.01702704283854739,0.62897540287560938,-0.128509155607783,-0.1303904296875
1129,0.11206765862425336,0.038477996517142093,0.015453829042493365,0.013570312499999997,-0.18059539155340154,0.33638322856773983,-0.10856551022543968,-0.12131496093749999
1130,0.094791045809274416,0.036089653467990673,0.012327292391669586,0.0096210937499999968,-0.24830288940849876,-0.27657740458125835,0.0059376481862795129,-0.012395625000000039
1131,0.090900002090428311,0.033124478359768367,0.012132859983438589,0.011097656249999999,0.14465990095005432,-0.56519694613486959,0.14906993788783401,0.14156835937499998
1132,0.063445669001150479,0.05017628625315021,0.0027865703770800563,0.0017226562499999981,-0.71807056550112203,0.6085854126298158,-0.27859775540749693,-0.28617316406250004
1133,0.086184914906170279,0.031080907195689539,0.011571841619200956,0.0091874999999999995,0.075227097124605957,0.68176424535222335,-0.12737280112779964,-0.14240660156250001
1134,0.078648595716831693,0.035998776159149551,0.0089564621071132489,0.0090585937499999981,-0.10832072340832499,0.1674409658293583,-0.057909954739913491,-0.05742667968750003
1135,0.094385187250001612,0.04744691034586998,0.0098570381498676429,0.0090820312499999972,-0.55338963905490957,0.6367990339320353,-0.24993962132725842,-0.25658449218750001
1136,0.10413049263493405,0.026624370583316279,0.016276285630839733,0.016359374999999999,0.28490921190081991,0.27381559751068618,0.0023296590219280839,0.0024547265624999958
1137,0.093680933268314628,0.039978596060806712,0.011277490813576662,0.008964843749999998,0.17278179976743308,0.59359610603905932,-0.088371004317041507,-0.097786875000000037
1138,0.09042887618022627,0.030404480258580072,0.012605123143545701,0.012480468749999996,-0.27268685715017837,0.39855278220466434,-0.14096032426451696,-0.14155312500000003
1139,0.11547535157327121,0.041942715396986741,0.015441853597019738,0.015937499999999997,0.27850246637458298,0.95548259958296744,-0.14216582797376073,-0.13889531250000006
1140,0.074206455442866887,0.037145996566311859,0.0077826963640765558,0.0067617187499999978,0.29736441608345698,0.0022579718012637473,0.061972353299260576,0.056185898437499979
1141,0.095809168139522283,0.035029663367002223,0.012763696002229211,0.013195312499999999,0.078590940399038356,0.13500328285799124,-0.011846591916380104,-0.0095387109375000279
1142,0.089672925499697131,0.02354332499072935,0.013887216106883234,0.012691406249999999,0.074369109630526786,0.14098873452904104,-0.013990121228687992,-0.021484687500000037
1143,0.071718178475353694,0.032206982970018783,0.008297351056120332,0.0068906249999999983,0.15312561688374526,0.23336841442879042,-0.016850987484459481,-0.023824101562500023
1144,0.086442981334232061,0.030502707760675249,0.011747457450446931,0.010675781249999999,-0.19275077920519246,0.36671325875560123,-0.11748744797176668,-0.12467320312500003
1145,0.076462397417747602,0.038691744812374335,0.0079318370471283851,0.0082031249999999986,0.42054127700603594,0.53229326355386453,-0.023467917175044001,-0.022169062500000006
1146,0.08564814814814814,0.033365916228672854,0.010979268703089809,0.010031249999999999,-0.73819488120195653,0.49246149475321621,-0.25843783895058625,-0.26500500000000005
1147,0.074575209378514251,0.038136429131689784,0.007652143851833138,0.0061171874999999985,-0.15899020156580423,0.25374678244346494,-0.086674766641946524,-0.099057656250000042
1148,0.083974665565169498,0.04175391719030136,0.0088663571587223097,0.0072773437499999982,0.21483325361972261,0.64300729293643255,-0.089916548256509091,-0.09865464843750002
1149,0.11199548989760404,0.036900646461132613,0.015769917121658997,0.013066406249999996,0.27102967504939668,0.36523925222130427,-0.019784011206100592,-0.032302617187500014
1150,0.09565921131844668,0.027767280888671447,0.014257305390252798,0.011941406249999998,0.12987684436054348,-0.059961113193535587,0.039865971086356602,0.026420156249999972
1151,0.082437772185893043,0.043180574748300851,0.0082440114618943603,0.0065507812499999976,0.20704886022369356,0.66494341633999832,-0.096157856784423998,-0.10287351562499999
1152,0.10392173063557406,0.044203500715314592,0.012540828283254486,0.011835937499999999,0.1162319016675496,0.47527735017818079,-0.075399544187232548,-0.07900207031250002
1153,0.084203254459752575,0.026879821597360187,0.012037920901102402,0.0092226562499999956,-0.23297940487123903,0.59763550846450353,-0.17442913180050593,-0.19395644531250003
1154,0.06595830280040807,0.028710714455341402,0.0078219935524639992,0.0048632812499999969,0.05991633978476063,0.41124419587225414,-0.073778849778373637,-0.089976445312500014
1155,0.093148154173761821,0.033400316732590071,0.012547045862646067,0.0105234375,-0.30247781067762869,0.20014319331077213,-0.10555041083756417,-0.12091265625000006
1156,0.079283818457447586,0.037356199715430083,0.0088047999358236758,0.0093749999999999979,-0.88374445005911761,0.96312054477597608,-0.38784164891536965,-0.38329722656249998
1157,0.10410299451473609,0.047391980791799918,0.011909312881816595,0.011999999999999997,-0.097354751109931081,0.12641269277287892,-0.046991163215390097,-0.046596328125000044
1158,0.065527792561090786,0.033155794907241007,0.0067981195073084531,0.0058007812500000004,-0.061396356314077694,0.12428930687641038,-0.038993989270002492,-0.044575078125000028
1159,0.070891971623428252,0.034045804883948483,0.0077376950152907515,0.0077226562499999978,-0.13899585989273755,0.36904403784141226,-0.10668837852417146,-0.10687582031250002
1160,0.088878404321088095,0.038058474255897659,0.010672185313689991,0.0088359374999999966,0.58073160591040396,0.27734628810972894,0.063710916738141748,0.055420078124999994
1161,0.07711482444442791,0.044703722768286325,0.0068063313519897322,0.0032695312499999977,-0.49643314882553224,0.78422360848973116,-0.26893791903620529,-0.28972699218750003
1162,0.093989690464506087,0.035342509096661937,0.012315908087247271,0.010066406249999998,-0.68801653083800074,0.47581727574750821,-0.24440509938295688,-0.26185101562500002
1163,0.10144421150710459,0.042420960693776572,0.012394882670798883,0.011496093749999997,0.18489517819706502,0.065416287040774734,0.025090567142820961,0.020422499999999975
1164,0.08328133592387027,0.038416223500835206,0.0094216736088373627,0.0097499999999999965,-0.30375643362748717,0.68481689203789942,-0.20760039838973118,-0.20565234375000002
1165,0.061817023310147073,0.044151703962897484,0.0037097170629224133,0.0028593749999999978,-0.0014073017727240789,0.14362658117771621,-0.030457115419592458,-0.034730156250000019
1166,0.098285280621487392,0.041709102928242106,0.01188099731558151,0.012281249999999995,-0.078548305937861773,0.49313050200836961,-0.12005254966870858,-0.11743171875000001
1167,0.06827829888914308,0.04830753959616621,0.0041938594515251422,0.0028945312499999987,-0.063648850831417692,0.74753966937694682,-0.17034958924375654,-0.1770755859375
1168,0.091908333917779583,0.052089320627664526,0.0083619927909241616,0.0087890624999999948,-0.27320626706059858,0.2799127689730706,-0.11615499756707053,-0.11360847656250003
1169,0.068253968253968261,0.039994499791673174,0.005934488377081968,0.0069492187499999979,0.17902288667404953,0.71542066164777296,-0.11264353274448191,-0.10858664062500001
1170,0.11364349152065793,0.031724622209473363,0.017202962555348759,0.014988281249999996,-0.34723385872850132,0.6218117766223572,-0.20349958342368027,-0.21957199218749998
1171,0.077437034765576923,0.043117993594143228,0.0072069986460010756,0.008683593749999996,0.20821524899961807,0.95000589824982817,-0.15577603634254411,-0.14636531250000001
1172,0.088063138790370116,0.040499345637895395,0.0099883965620196913,0.0079804687499999954,0.1283146418797021,0.93632500129371343,-0.16968217547694237,-0.17825167968750003
1173,0.09349732092615845,0.040024091450933122,0.011229378189797318,0.012398437499999995,0.17684008807357082,0.66217911376727145,-0.10192119539567712,-0.097294101562500013
1174,0.060855592153515853,0.036367998376508531,0.0051423946931715373,0.004066406249999998,-0.089178618924715014,-0.022260393330876482,-0.014052827374706091,-0.019603359375000028
1175,0.07497754552135219,0.033009543317408116,0.0088132804628282546,0.0063867187499999974,0.3542009567769297,0.44753674471443639,-0.019600515466876405,-0.027938203125000012
1176,0.073659783971117165,0.034363560970029725,0.0082522068302283615,0.0096093749999999981,-0.36208554899242995,0.37824796957218054,-0.1554700388985682,-0.14633707031250004
1177,0.081640625000000022,0.049228096167291097,0.0068066310548688738,0.0067382812499999986,0.37520312500000019,0.49111318329348952,-0.024341112241632757,-0.02482757812500001
1178,0.092393178481346233,0.043515232956096314,0.010264368560302483,0.0083320312499999966,0.20164704287919277,0.17163210485784353,0.0063031369844833412,-0.0064864453125000219
1179,0.076151321437857827,0.034337480712355428,0.0087809065523555031,0.009351562499999997,-0.57144896998003236,0.57732646943197019,-0.24124284227652051,-0.23690554687500004
1180,0.065577392591610606,0.027446974350936931,0.0080073878305414719,0.0086953124999999964,-0.24788040816476831,0.51316559171684584,-0.15981965997513897,-0.15470050781250003
1181,0.065808502408320646,0.035391898620450266,0.0063874867954527795,0.0063749999999999961,-0.53933936576157859,-0.16703131356444678,-0.078184690961397671,-0.078228750000000027
1182,0.089267990813058917,0.046451228840647313,0.0089915200142064357,0.0089765624999999984,0.15395949771623985,0.30437591199028668,-0.031587446997549833,-0.031834804687500017
1183,0.087236485127384938,0.04772646705784811,0.0082971037946027344,0.0088359374999999966,0.58975606016749182,0.52263331495068321,0.014095776495529807,0.016813593749999977
1184,0.1016836264707225,0.038365236324049701,0.013296861930801289,0.010171874999999997,-0.14238333364665801,0.56311367141431545,-0.14815437106280441,-0.16596187499999998
1185,0.094290448614766292,0.042767715444492024,0.010819773965757597,0.010066406249999998,0.50471788383039229,0.046992782829936797,0.096122271210095644,0.091514882812499976
1186,0.080001543686322923,0.036184424858258332,0.0092015949538935635,0.0074531250000000005,0.084779638777400357,0.43495505611702356,-0.073536837641320865,-0.083305195312500052
1187,0.090779361235508282,0.033658229484606797,0.011995437667689311,0.011343749999999996,0.37971736003760836,0.47764152937274817,-0.020564075560379359,-0.023413007812500011
1188,0.090066052777145106,0.03447874024332867,0.011673335632101451,0.0098203124999999974,0.062554781866759335,-0.072326649346052596,0.028325100554690504,0.016092890624999984
1189,0.079874867035755887,0.03978460116098731,0.0084189558337014001,0.0053671874999999978,-0.15085015154035109,0.37252572756229541,-0.10990893461155576,-0.1295232421875
1190,0.10427578418582917,0.023609905776901641,0.016939834465874781,0.016441406249999995,0.41279503105590065,0.1768226448256458,0.04955420110835352,0.047462460937499971
1191,0.10423438698042095,0.02635356655615799,0.016354972289095222,0.013710937499999996,-0.04125789695353077,-0.023771228625757201,-0.0036722003488324495,-0.018132304687500024
1192,0.087110489267779478,0.056501491424162928,0.0064278895471594757,0.0046757812499999976,0.50109596271832313,0.25924087280409458,0.050789568881987997,0.044690156249999981
1193,0.078273910615316494,0.036286766133043727,0.0088173003412772809,0.0070078124999999984,0.071069361783823948,0.52270399950889723,-0.094843273922265381,-0.10617023437500003
1194,0.08746308989927698,0.036771681435912196,0.010645195777306604,0.0085898437499999994,0.6151500488923356,0.56377410181394283,0.010788948886462481,0.0010918359374999919
1195,0.095031761009700039,0.042775490791329793,0.010973816745857751,0.0090820312499999972,-0.02070644294768198,-0.092695940268768484,0.015117794437428165,0.0026899218749999675
1196,0.079595351050625263,0.042721156358860021,0.0077435808852707004,0.0083320312499999983,0.45264920448803181,0.01674528931284891,0.091539822186788411,0.094297617187499988
1197,0.056265315507069064,0.024317746939382129,0.0067089893992142557,0.0065273437500000002,0.052936198448719773,0.63416169161391067,-0.12205735356469008,-0.12306914062500002
1198,0.083373198134050808,0.049364565754336065,0.0071418127997400953,0.0079804687499999954,0.61764102691726652,0.19678261634335681,0.088380266220521031,0.091129218749999963
1199,0.06263967372279608,0.042540461504848651,0.00422083456576896,0.0046406250000000007,0.29024502947599817,0.56940450300555168,-0.058623489441206232,-0.056942343750000027
1200,0.09165354330708661,0.04038616365138871,0.010766149727696558,0.0096679687499999951,0.040444033918837108,0.32735442904786727,-0.060251182977096335,-0.066314531250000044
1201,0.068460038986354776,0.041813812073797807,0.0055957076516369633,0.0058124999999999982,-0.045784749455337725,0.81517190253545679,-0.18080089691806683,-0.17989113281250002
1202,0.072692687895036384,0.024542981412652445,0.010111438361300627,0.0071718749999999977,-0.10079932899979027,0.74260945179160509,-0.17711584396619301,-0.19489019531250001
1203,0.10522574581212354,0.041385859061192243,0.013406376217695573,0.013828124999999998,-0.57989579195632479,0.5478842540461506,-0.23683380966051981,-0.23468847656250003
1204,0.076953124999999983,0.043868400185621159,0.0069477922110195529,0.0068789062499999979,-0.075492187500000085,0.25046060069687071,-0.068450085521342866,-0.068953007812500008
1205,0.084921155044216295,0.041417903354151756,0.0091356828549135523,0.0063984374999999979,-0.89784913873314087,0.57609689570544387,-0.30952866723210276,-0.32932652343750002
1206,0.0978674022152283,0.030380908962427691,0.014172163583088128,0.013722656249999998,0.52492196666109725,0.64079801424125471,-0.024333969991833064,-0.026881289062499984
1207,0.094530754655437171,0.041980233649034901,0.011035609411344476,0.011074218749999998,-0.20686747076264511,0.53702744978782502,-0.15621793331559872,-0.15605894531249997
1208,0.074100545124167166,0.048969942586963855,0.005277426532812695,0.0041835937499999972,0.32176311326468798,0.7465692942519575,-0.08920929800732659,-0.094466484375000007
1209,0.087397895913866208,0.033129424433772245,0.011396379010819732,0.012527343749999998,0.11059439879119104,-0.21127091866222314,0.067591716665216975,0.074495742187499964
1210,0.07846051065068993,0.025800512528451461,0.011058599605670079,0.011320312499999995,-0.49058584606574807,0.83331231810864537,-0.27801861447662263,-0.27635976562500003
1211,0.077347259574911897,0.035874551414909778,0.0087092687136004453,0.0051328124999999976,-0.49479170981367937,0.40383090986174541,-0.18871075013183919,-0.20847527343750002
1212,0.07356766768641651,0.04025381426436167,0.0069959092186315163,0.0052968749999999995,0.60522114637255886,0.46701001720296675,0.029024337125614343,0.021819374999999974
1213,0.065717447006755192,0.045997015500550645,0.0041412906163029546,0.0032109374999999972,-0.3774094456091312,0.8676425042228838,-0.26146090946472311,-0.26578453125000001
1214,0.10507812499999999,0.034636154417011025,0.014792813822427683,0.014718749999999996,0.41792578125000007,0.56258724556410367,-0.030378907505961755,-0.031009921875000006
1215,0.097710391185957202,0.036378737541528247,0.01287964726533008,0.010558593749999998,-0.20490587056914,0.35018557190318023,-0.11656920291918724,-0.13098175781250002
1216,0.097653059727404762,0.043599027214174094,0.01135134682777844,0.011496093749999997,0.0026713256618038361,0.56515310163088828,-0.11812117295350773,-0.11751972656250002
1217,0.088369776923039184,0.043891083552253726,0.0093405256078649464,0.0098906249999999966,0.41611116562250094,0.45892988953443725,-0.008991932021506624,-0.0067448437499999956
1218,0.080831548139878723,0.041267647833569857,0.0083084190643248623,0.0066445312499999985,-0.18609718492592719,0.38431537941026994,-0.1197866385106014,-0.13019777343750005
1219,0.081812405184075232,0.029078831539131392,0.011074050465438206,0.0085546874999999981,0.30979272215526732,0.30249769743517707,0.0015319551912189521,-0.0090126562500000059
1220,0.095874685422399047,0.042977477477477474,0.01110841366843353,0.009925781249999998,-0.19351369065332558,0.59690135135135114,-0.16598715882098211,-0.17407687500000002
1221,0.075062306509083132,0.040363437970294527,0.0072867623931456068,0.0067734374999999991,-0.0078360413948870278,0.18374183755351525,-0.040231354579164477,-0.043050117187500021
1222,0.092635944825310124,0.033768033768033764,0.012362261322028036,0.013453124999999995,0.11617387219086756,0.33550766898592965,-0.046060097326963041,-0.04150300781250002
1223,0.080811067091937999,0.037362767515927334,0.0091241429109622397,0.0083203124999999978,-0.52279421852747177,0.37545797138567061,-0.1886329598817599,-0.19418332031250002
1224,0.094528854469691004,0.036762851509343761,0.01213086062167292,0.012914062499999997,0.167845890007076,0.95693487439029379,-0.16570868672047573,-0.16287152343750003
1225,0.068570952682958514,0.03543803730555993,0.0069579122292537021,0.0068320312499999987,0.055032941548998404,0.81788799353549868,-0.16019956091716506,-0.16095667968749999
1226,0.083710281993798014,0.030953621724919736,0.011078898656464439,0.0097968749999999983,-0.16079211401117655,0.32556041945900838,-0.10213403202873883,-0.10918898437500003
1227,0.093991521932092509,0.037652072196627112,0.011831284444447733,0.012656249999999996,0.50272182111626973,1.0115207521776231,-0.1068477755228842,-0.1036494140625
1228,0.0939571150097466,0.038631793812481913,0.011618317451425584,0.011812499999999998,0.20545538355693149,0.76291486595968117,-0.11706649130457743,-0.11609824218750001
1229,0.094650757270020633,0.044079912023460427,0.010619877501777644,0.010300781249999997,0.2335764618090721,0.89893285319993099,-0.13972484219208037,-0.14132800781250002
1230,0.061540165520947959,0.032961105558671377,0.0060016025920780819,0.0046992187499999994,0.29422532347034758,0.74175206407808914,-0.093980615527625724,-0.099922500000000025
1231,0.080443056377113936,0.033643661676385259,0.0098278728871530226,0.0088945312499999988,0.25359182129060953,0.24022429707974446,0.0028071800842816639,-5.6250000000019894e-05
1232,0.080363416111447622,0.038799216733127709,0.0087284818694471807,0.0076054687499999976,-0.062275045427014231,0.35155148789573687,-0.086903571997777734,-0.094006992187500027
1233,0.080631533656834231,0.028539924377124479,0.010939237948739048,0.011249999999999998,-0.06276510645876654,0.7112129809705442,-0.16253539836015524,-0.1609337109375
1234,0.06644879268431278,0.044696169602383734,0.0045680508472050992,0.0058359374999999965,-0.59197608375674593,0.21758140701585271,-0.17000707306224572,-0.16249488281250002
1235,0.1059518940553288,0.038130203515263653,0.01424255501341368,0.012292968749999997,0.48216930887317316,0.13493726873265499,0.072918728429508819,0.063648046874999989
1236,0.086516006396524153,0.033379671822888063,0.011158630260463579,0.0095273437499999968,0.055845517907250564,0.52049125284173581,-0.097575604336241892,-0.10590843749999999
1237,0.1090997456376141,0.033824785009619121,0.015807741731878943,0.014296874999999997,-0.045998252296918452,0.6686251584118883,-0.15007091624884941,-0.159506015625
1238,0.090278606286394475,0.040666033855402614,0.010418640210508291,0.0081210937499999972,0.10785747922150479,-0.22386679322891934,0.069662097214589061,0.057042070312499978
1239,0.083825649795854551,0.033117992631324464,0.010648608004551318,0.0090234374999999985,-0.20944487288108737,0.16370049509416518,-0.078360527274803027,-0.086814843750000023
1240,0.072124918982947317,0.031533727516275242,0.0085241502080011348,0.0051093749999999985,-0.30958727864651236,-0.017705223423291061,-0.06129523159687647,-0.082592929687500011
1241,0.093296363246422986,0.031066954143269696,0.01306817591166219,0.013546874999999996,0.26182358528141181,0.60998732669780165,-0.073114385697441858,-0.071143828125000003
1242,0.082481129485209442,0.039902225195359076,0.0089415699008685758,0.0069374999999999984,0.10473720971680989,0.23692816063971378,-0.027760099693809815,-0.040058789062500023
1243,0.095677154582763352,0.033606602568076238,0.013034815923084293,0.012445312499999996,0.45480227998176015,0.24723793295674623,0.043588512875252922,0.040620585937499974
1244,0.094944897069117795,0.047004409741196421,0.010067502338863488,0.010101562499999999,-0.12648689953931236,0.71960063246131079,-0.17767838172013084,-0.17756742187499999
1245,0.10024137826992127,0.040626116061421247,0.012519205063785005,0.010886718749999998,0.37077799233623998,0.24572905805642598,0.026260276198760941,0.019093476562499982
1246,0.11476788780732589,0.040932388248021465,0.015505454907453928,0.013417968749999995,0.51441531217245751,0.25388696687960399,0.054710952511499239,0.044592187499999998
1247,0.090432081145003285,0.045244142450330399,0.0094894671258813051,0.0094687499999999945,0.11777867263172659,0.72584379029838675,-0.12769367470999862,-0.12788554687500001
1248,0.078732414587315669,0.031975263152340408,0.0098190018013448038,0.0095859374999999972,0.31185372265274558,0.56847704631692231,-0.05389089796947711,-0.054894140624999997
1249,0.091720505922446266,0.035621923937360189,0.011780702216868076,0.012785156249999999,-0.11687644271319719,0.74483389261744981,-0.18095917041943588,-0.17705074218750003
1250,0.095433386092080491,0.043402988406184131,0.010926383514038235,0.0087070312499999952,-0.038183371882404726,0.31370856838051453,-0.073897307455213043,-0.084370195312500035
1251,0.058558527075364686,0.043386002484499989,0.0031862301640815864,0.0024960937499999987,-0.31868029229730876,0.61377704704248948,-0.19581604126135763,-0.19989210937500002
1252,0.070307792214501286,0.031125950658504931,0.0082281867267592346,0.0075234374999999989,-0.09967815023828841,0.44229127670696944,-0.11381357965850414,-0.117667734375
1253,0.078747998265494945,0.037409069185875013,0.0086811751067201858,0.0089765624999999984,-0.2675535644721464,0.76192240944129275,-0.21618995452182221,-0.21459468750000002
1254,0.078863848124854419,0.040060083796643345,0.0081487905089243258,0.007230468749999999,-0.86853103890053585,0.26482490608390641,-0.23800474844673283,-0.24504667968750002
1255,0.090862738855523317,0.043220602462308619,0.010004848642575087,0.0084726562499999967,0.42459230581722934,-0.043057037748980731,0.098206362148904117,0.090838124999999964
1256,0.096424190502151508,0.042901114765364207,0.011239845904725333,0.010757812499999997,0.57706913588660225,0.89322066068588668,-0.066391820207849728,-0.068727656249999977
1257,0.089682393978336689,0.04274297185916151,0.0098572786450267878,0.0073007812499999991,0.5060863688232774,0.45018061314652869,0.01174020869211723,-0.0023519531250000194
1258,0.081254375066427714,0.0468290812625064,0.0072293116988234761,0.0072656249999999969,-0.16577816626535158,0.69896866415684078,-0.18159683438866039,-0.18153703125000001
1259,0.081435342304907538,0.049153134943201934,0.006779263545958176,0.0063398437499999974,-0.3470647722821637,0.33870216786939078,-0.14401105743182643,-0.14664164062500001
1260,0.075808274323629715,0.037632076959470115,0.0080170014464735154,0.0085664062499999985,0.35907872220888937,0.30109338934208829,0.012176919902028226,0.014613515624999972
1261,0.086178152025573079,0.023713758951582911,0.013117522545537936,0.013734374999999997,0.23365802850375972,0.70283059694089278,-0.098526239371797941,-0.096027539062500014
1262,0.084692588020925191,0.034800128803659527,0.010477416435625789,0.010851562499999998,-0.27931500911067997,0.51565894014669666,-0.16694452934404908,-0.16415695312500003
1263,0.077753680905641248,0.045415439144624856,0.0067910307698134421,0.0066093749999999981,-0.19696309885233565,0.0049668304560053222,-0.042405285154751601,-0.043967812500000036
1264,0.063268499888218199,0.039455189467772628,0.0050007951882935697,0.0050390624999999975,-0.40802323961986864,0.88033199787923211,-0.27055459987481112,-0.27030386718749999
1265,0.080605437254274631,0.035237420869227556,0.009527283440859886,0.010160156249999996,-0.29878866843497431,0.20514251432801911,-0.10582554838022862,-0.10195558593749998
1266,0.065057203005765396,0.039747965841247457,0.0053149398045487673,0.0045468749999999988,0.16682014325574779,0.5389434969896969,-0.078145904284129306,-0.081609375000000026
1267,0.068785813920709982,0.042051457111568324,0.0056142149299197482,0.0049101562499999987,-0.35791138317675242,0.34290781012655169,-0.14717203059369385,-0.15103265625000004
1268,0.089440101446566472,0.040150333794351123,0.010350851206965222,0.01039453125,0.55118237659105818,0.38673171955228303,0.034534637978142782,0.03425144531249999
1269,0.088369990487713185,0.029508404586702286,0.012360933039212289,0.010863281249999997,-0.0043133265083380445,0.16136951581521874,-0.034793396887946922,-0.043514648437500025
1270,0.084999902742927347,0.034856361149110796,0.010530143734701475,0.012082031249999998,-0.10854815568171206,0.44093445378151264,-0.11539134798727718,-0.10607812500000001
1271,0.085952241842605692,0.037877414093942671,0.010095713827219233,0.0099140624999999958,0.21283387348003691,0.58852021274261168,-0.078894131245140706,-0.080081718750000044
1272,0.084616195522847465,0.050467699756799281,0.0071711841108701184,0.0056015625000000006,-0.38834727579123152,0.96028883438836043,-0.28321358313771433,-0.29322890624999998
1273,0.085354955604928978,0.040777640627755254,0.0093612361452064825,0.0086015624999999981,-0.26834299394128225,0.75741847620727021,-0.215409908731196,-0.21948925781250003
1274,0.06268472263479466,0.048787651749686245,0.0029183848858727671,0.0029062499999999987,-0.0063316469847983781,0.48430596851994101,-0.10303389925599526,-0.10316085937500002
1275,0.084540763673890601,0.035448990725831145,0.010309272319092485,0.010511718749999999,0.50178713450292411,0.27099133194053004,0.048467118538102753,0.049297734374999978
1276,0.10260171910055556,0.043175675675675665,0.012479469119224778,0.011367187499999995,0.67598387824798634,0.57158459459459476,0.021923849567212231,0.017663437499999986
1277,0.083173834039975775,0.051136970424936867,0.00672774135915817,0.0056132812499999976,-0.43115893397940641,0.61417297287924666,-0.21951970044031713,-0.22656855468750003
1278,0.070583478230567431,0.045015068333759151,0.0053693660783297389,0.0029414062499999987,0.1698276674208935,0.44920098923361051,-0.058668397580670571,-0.071743828124999992
1279,0.077737588071068509,0.040317752996015074,0.0078581653657612202,0.006515624999999998,0.095285489263882805,0.18737554238738097,-0.019338911155934613,-0.025108945312499999
1280,0.053811790983365665,0.033623873703383697,0.0042394626287962133,0.004617187499999998,-0.078881957914535894,0.35514983623030461,-0.091146676770416504,-0.089226796875000028
1281,0.083958848543611769,0.037225236595973432,0.0098140585090040512,0.0084960937499999976,0.15450167590867658,0.31662798568155726,-0.034046525052304939,-0.040189687500000008
1282,0.092145991972692159,0.044383320487351233,0.010030161011921595,0.0075234374999999971,-0.0053500731460294215,0.58551247326769229,-0.12408113474688155,-0.1357763671875
1283,0.082753795912498401,0.037164102916424899,0.0095738355291754354,0.010382812499999998,-0.26331200451278758,0.85182209139090603,-0.23417816013977566,-0.22905234375
1284,0.076029880362043889,0.024339724089651016,0.010854932817202503,0.0092929687499999983,-0.36681485409795545,-0.018765291264763451,-0.073090408194970313,-0.082864687500000006
1285,0.11891233333587152,0.023990497958714288,0.019933585429203017,0.019605468749999994,0.031707173696193247,0.20774621212121214,-0.036968198069253964,-0.039062578125000004
1286,0.07201298743297696,0.049987525028191648,0.0046253471050049155,0.0057773437499999969,-0.02128826538862072,0.58576448997039099,-0.12748107862539246,-0.12161953125000002
1287,0.051718934052304405,0.025148648648648658,0.0055797599347677069,0.004300781249999999,-0.19773023387045263,0.38077545045045036,-0.12148619370738963,-0.12770542968750001
1288,0.077955734735177473,0.039167872994402969,0.0081454509655626457,0.0079101562499999962,0.39474099952112862,0.93910895435354669,-0.11431727051480779,-0.11556140625000001
1289,0.072374248455333939,0.045082053018143997,0.0057313610418098879,0.0038789062499999982,0.043990625350238677,0.56076756892133561,-0.10852315814993035,-0.11876144531250002
1290,0.069444375861064334,0.043177139728520705,0.0055161195878341614,0.0069609374999999975,0.52968541215045106,0.27199789362099114,0.054114378891186581,0.059282929687499986
1291,0.092100051756300899,0.044354925253697317,0.010026476565546751,0.007710937499999999,-0.16272679319342997,0.27322677559887765,-0.091550249446384596,-0.10680316406249998
1292,0.099042412364399063,0.045122535886516824,0.011323174060355269,0.0095273437499999968,0.21373165106277481,1.028329981104938,-0.17106564930885426,-0.1809957421875
1293,0.11809882756113277,0.036889451250114863,0.01705396902531376,0.014484374999999994,0.28384388600308852,0.46769643238352399,-0.038609034739891447,-0.052807148437500027
1294,0.079298059588779668,0.042380406579842309,0.0077527071318768456,0.0069374999999999966,-0.11738009413740935,0.2336856689422373,-0.073723810246725793,-0.078503906250000005
1295,0.078554701863714632,0.039207371852344602,0.0082629393023877055,0.006925781249999997,0.16502286098585262,0.30406108804463738,-0.0291980276823448,-0.036036562500000022
1296,0.074976269273198393,0.037441323710944455,0.0078823385680733271,0.0079218749999999984,0.44752463780863661,0.22602099196770109,0.046515765626596456,0.046562578124999983
1297,0.090963829305536148,0.036902649996401179,0.011352847654918343,0.0092929687499999965,0.26356382978723403,0.66248187680205239,-0.083772789873111847,-0.091175859375000015
1298,0.081392400315090568,0.036853041964747743,0.0093532652535719928,0.0066445312499999977,-0.31974531677857387,0.47365991076565672,-0.16661509778428843,-0.18204175781250001
1299,0.074117996031277389,0.036925902313062822,0.007810339680825059,0.0084140624999999997,-0.41838093418049305,0.41194399526508596,-0.17436823518357158,-0.17089277343750001
1300,0.086006172026969724,0.035920439902756632,0.010518003746084749,0.010218749999999999,-0.23583651441358444,0.64157975028452285,-0.18425741558660252,-0.18603000000000003
1301,0.075201399993965523,0.041618584209983461,0.0070523913146362327,0.0053437499999999978,-0.038318770177714789,0.038528513566485234,-0.016137929586282004,-0.026911054687500026
1302,0.078380038501604021,0.039626126126126121,0.0081383215988503586,0.0069374999999999984,0.039549154632770867,0.41986207207207193,-0.079865712662253216,-0.086899570312500007
1303,0.081895445931295885,0.036134786598041618,0.0096097384599833965,0.010113281249999996,0.16236797412124504,0.47210851815744581,-0.06504551424760216,-0.062859960937500028
1304,0.064064810065473848,0.020971761605304687,0.0090495401766355239,0.0072539062499999973,0.070088857375614655,0.19929226289335888,-0.027132715158726287,-0.03516515625000001
1305,0.088700410396716833,0.040465693893309063,0.010129290465715632,0.0095273437499999985,0.16677656178750577,0.74438566688991514,-0.12129791207150596,-0.12462515625000002
1306,0.08164633699391613,0.03364853386290774,0.010079538657511761,0.007710937499999999,-0.3039360717809082,0.021603951215545258,-0.068363404829255223,-0.080927578125000024
1307,0.087731163779607463,0.033443938144991331,0.011400317383269387,0.013089843749999996,0.12395040536811086,0.0026892479012282644,0.025464843068045345,0.034842539062499983
1308,0.095082530143988764,0.038942770036625537,0.011789349622546278,0.014671874999999996,-0.1866146017871777,0.38414475539530568,-0.11985946500832151,-0.10435980468750003
1309,0.082167665235190396,0.045881111482112324,0.007620176288146395,0.0062226562499999982,-0.68198827946059171,0.14732017171251821,-0.17415477474635307,-0.1839144140625
1310,0.099901944727584041,0.04960810810810809,0.01056170569008995,0.0094570312499999958,0.15224295002571725,0.37545536036036042,-0.046874606170275064,-0.052269492187500009
1311,0.091056498423273874,0.034078608951251727,0.011965356789124651,0.010089843749999999,0.10257582767195783,0.2555543661659041,-0.032125493083728716,-0.042409687500000001
1312,0.098828125000000017,0.0448785890951552,0.011329402540017412,0.011261718749999997,-0.24237890625000014,0.70828358384391232,-0.19963912291972161,-0.19998351562500002
1313,0.096101930501930499,0.04241008161981738,0.011275288265243755,0.012796874999999996,-1.2916802471042472,0.30327405441548194,-0.3349404033191431,-0.32209359375000007
1314,0.085376389421579019,0.033083292100963987,0.010981550437329157,0.0084023437499999958,0.22495274759644723,0.41915238578746838,-0.040781924020114442,-0.052917539062500019
1315,0.097021937606128206,0.031036168132942313,0.013857011589369037,0.013535156249999996,0.18877985486609761,0.50215032200563525,-0.0658077980993029,-0.067632187499999996
1316,0.07382802032618313,0.040365440935498653,0.0070271416720437399,0.0072773437499999974,-1.1363164849847847,1.1028113285815635,-0.47021684084893312,-0.46832507812499996
1317,0.10774039711375444,0.04860146540008399,0.012419175659870793,0.014789062499999995,0.16894675794917846,0.12638558774724318,0.0089378457424064087,0.024102304687499975
1318,0.067154314576994972,0.036957681365576103,0.0063412929743979626,0.009632812499999999,-0.084609276568039404,0.50683846017069711,-0.12420402471513467,-0.10517707031250001
1319,0.076384792903813226,0.030507054637897435,0.0096343250358423161,0.0077929687499999978,-0.52576549502991454,-0.01178336452377915,-0.10793624740628843,-0.1200659765625
1320,0.086459189481575799,0.036799687102422624,0.010428495499622166,0.0083906249999999953,-0.54802576778070722,0.11156974369425976,-0.13851505740974307,-0.15204445312500003
1321,0.066240927733434984,0.047815634635733212,0.003869311550517372,0.0012421874999999983,-0.51411198917100553,0.61192853915695,-0.23646851094887064,-0.25358660156250001
1322,0.093763531620232765,0.050313179830568974,0.0091245738758293955,0.0089531249999999993,-0.41051707103467905,0.35096651537073398,-0.15991155314513672,-0.16117535156249999
1323,0.079687499999999994,0.045710080327551444,0.0071352581312141951,0.0070664062499999989,0.15163281249999994,1.2231614974225737,-0.22502102383374048,-0.22550015625000003
1324,0.076409949101501173,0.023714318949203186,0.011066082331982577,0.010183593749999997,-0.054249470913518172,-0.073271651062165821,0.0039946578312160062,-0.0012840234375000393
1325,0.090190249483091345,0.0406397362919102,0.01040560777014804,0.011519531249999998,0.43170124218171779,0.38973556017034283,0.0088127932223887422,0.013662890624999981
1326,0.068933273431967534,0.033871686504513818,0.0073629332547652804,0.0070312499999999993,0.27474024381886442,0.0049859122534645639,0.056648409628733964,0.054558046874999995
1327,0.084694629980148373,0.029076407608283811,0.011679826698091558,0.010031249999999999,0.16690067155054256,0.86264344018273731,-0.1461059814127609,-0.15357480468750001
1328,0.079416198209704358,0.03163459824863428,0.010034135991824716,0.0087539062499999987,-0.16645141393182894,0.45671145565857107,-0.13086420261398399,-0.1381996875
1329,0.10872623916102177,0.040614044292095156,0.014303560922474588,0.013874999999999997,0.22135666526970887,0.32716119162601098,-0.022218950534823444,-0.024747070312500022
1330,0.082762746545513993,0.047102149460868201,0.0074887253877756162,0.009421874999999998,-0.49841118416163366,0.31918672477476495,-0.1716955608766437,-0.16046531250000001
1331,0.075107642942333741,0.039843027289546723,0.0074055692870852738,0.0054609374999999996,0.43984507903145281,0.043446317067529994,0.083243740012423795,0.073769062499999954
1332,0.072591198283326414,0.033567071718377861,0.0081950665786391964,0.0063046874999999969,-0.13550243571885712,0.43374258321440995,-0.11954145397598608,-0.1310490234375
1333,0.067448442597041053,0.031331082953371781,0.0075846455251705469,0.0067968749999999974,-0.29585053887153545,0.50332276368491335,-0.16782639353685425,-0.17238316406250004
1334,0.059005927952576392,0.049500714284951564,0.0019960948702012139,0.0013945312499999984,0.40606010031919754,0.66137572366347153,-0.053616280902297538,-0.056137734374999991
1335,0.10062761051731889,0.038576722608227046,0.013030686460909286,0.013324218749999998,0.45907788778413294,0.2762468606284928,0.038394515702684429,0.039821953124999983
1336,0.066948688737157591,0.044758098514358954,0.0046600239467877135,0.0040195312499999988,-0.3292610975158009,0.28896270439509181,-0.12982699840128747,-0.1333396875
1337,0.074326024268932284,0.042550193734155375,0.0066729244123031502,0.0052851562499999982,-0.27390574500203213,0.21420145129779833,-0.10250251122296439,-0.10952332031250002
1338,0.093917500908937107,0.037352880883881043,0.011878570205261773,0.0094101562499999993,-0.64956531208040413,0.86152695681678426,-0.31732937646840953,-0.33138128906250003
1339,0.083210770704507164,0.042061748381128569,0.0086412946879095044,0.0064804687499999966,-0.42295692386310185,0.55919107018963932,-0.20625107875107562,-0.21659156250000003
1340,0.088708513708513709,0.042543901695407588,0.0096945685227522848,0.0074882812499999975,0.78458333333333341,0.41700387117096427,0.077191687054097513,0.067474570312499968
1341,0.069524254324404955,0.048119537716476382,0.0044949904876650003,0.0046406249999999981,0.1104182336572459,1.0330907031671606,-0.19376121859708206,-0.19265203125000008
1342,0.087735383483965868,0.042069372257845822,0.0095898623574852092,0.0082968749999999987,-0.49283069807048441,0.42102124284492848,-0.19190890759223669,-0.20005429687500001
1343,0.05668946648426812,0.030405063833228635,0.0055197245567182914,0.0049101562500000005,-0.43714026447788418,0.11604833701908002,-0.11616960631436249,-0.1190063671875
1344,0.088909523692132397,0.041948361464803199,0.0098618440677391318,0.0094101562499999993,-0.10048473526734392,0.22237973451166371,-0.067801538653591592,-0.069726093750000023
1345,0.084127014423046348,0.042469141750828929,0.0087481532611656584,0.0076874999999999973,-0.32089889325455134,0.54974388491865045,-0.18283498341637236,-0.18904417968750001
1346,0.058095280079938888,0.028927089833492625,0.0061253199517537146,0.0065039062499999975,-0.46951390113442648,0.37522462785587007,-0.17739509108796228,-0.17506218750000002
1347,0.085511990157160434,0.040240743847974561,0.009506961724929033,0.011355468749999997,0.19095721614782846,0.27450760591336998,-0.017545581850763717,-0.0098069531250000175
1348,0.088641029781540537,0.033898496678885726,0.011495931951557511,0.01069921875,-0.29465315171478479,1.3399139469027765,-0.34325909070968785,-0.34826999999999997
1349,0.079092475120301847,0.036282832491363298,0.0089900249520770952,0.0074882812499999993,0.15795117003374892,0.0099044004968176225,0.031089821602755571,0.022503749999999979
1350,0.078706570347437221,0.03461483351275936,0.0092592647352823503,0.0094570312499999976,-0.48382795550968949,0.63631359691953815,-0.23522972601013778,-0.23421914062500002
1351,0.091655416838668152,0.031507349040434535,0.012631094237629059,0.014613281249999997,0.087152677830958591,0.51562381860403972,-0.089978939562347038,-0.078735820312499982
1352,0.069345074298293868,0.030749906930800208,0.0081049851471736677,0.0089296874999999984,0.33836548667348054,1.1681964327791374,-0.17426449868218793,-0.16981593750000001
1353,0.090440324113522153,0.043590975988640659,0.0098383631062251131,0.0098203124999999974,0.073216412421970301,0.22174133795748729,-0.031190234362458567,-0.031423593749999992
1354,0.079214807895707895,0.037035957615483492,0.0088575585588471246,0.0067968749999999974,0.2569160853230138,0.50433786110510526,-0.051958572914239207,-0.063681796875000043
1355,0.083604689810644561,0.045571978373251928,0.007986869401852453,0.0060234374999999984,-0.091338048352833878,0.64774653914167613,-0.15520776337384709,-0.16591570312500001
1356,0.09696279715961717,0.039217803417821259,0.012126448685777141,0.010230468749999999,-0.2510888777400434,0.29377729221306104,-0.11442189569015193,-0.1265047265625
1357,0.096622594241351112,0.053093484596191953,0.0091411130254834237,0.010511718749999996,0.25463985316592475,0.54018755777367211,-0.059965017967626946,-0.051139335937500051
1358,0.076856693460381931,0.046042365962079279,0.0064710087746435562,0.0031757812499999994,0.30294781894860845,0.62257842692551946,-0.067122427675151308,-0.076651171874999993
1359,0.083098591983800152,0.048455016014641972,0.0072751509535232172,0.0087070312499999969,-0.68054140183389789,0.52805661604895904,-0.25380558375539991,-0.24435386718749999
1360,0.10017615513600892,0.034160125327852814,0.013863366259712781,0.013640624999999995,0.044851005797360566,0.37320566692241475,-0.068954478836261379,-0.070317187500000031
1361,0.088284117999795242,0.035784234931454828,0.011024975444351487,0.010746093749999996,-0.39713852690389484,0.87529936993691271,-0.26721195833656958,-0.26909144531250001
1362,0.090021437006251676,0.044846984233158999,0.0094866350823494625,0.0089414062499999971,-0.26198338077007188,0.63294391384833348,-0.18793473186986512,-0.19130320312500002
1363,0.091667373060947688,0.036126492955193629,0.011663584822208351,0.012914062499999997,0.44049886334738397,0.64806928970409883,-0.04358978953491012,-0.036530859375000044
1364,0.062319773180313898,0.045987151841732146,0.0034298504811021676,0.0020390624999999983,0.57433441872617153,0.38134737839061561,0.040527278470466742,0.033431718749999992
1365,0.084348468069398302,0.034495130252213846,0.010469200941608735,0.011472656249999998,-0.0023309339239571125,-0.030717892380114575,0.005961261275793067,0.011248242187499988
1366,0.088225017470300482,0.040208605541155004,0.010083446505120551,0.0091640624999999969,0.30834934777544865,-0.19815027137566843,0.10636492002173459,0.10086445312499998
1367,0.07358402321686261,0.037959731543624156,0.0074811012513800752,0.0084374999999999971,-0.38692236969188398,0.73565545861297554,-0.23574134394402049,-0.22857878906250001
1368,0.059167465773768024,0.039619089553776771,0.0041051590061981632,0.0030351562499999988,0.13207803205076141,0.36964211434100447,-0.049888457280951044,-0.054908671875000009
1369,0.07690585761150931,0.042401944388699361,0.0072458217767900892,0.0092109374999999986,-0.042947873399519221,0.48714753495217089,-0.11132003575385492,-0.098816015625000031
1370,0.093546271753627785,0.045279732173187343,0.010135973311892492,0.0058242187499999987,-0.93030344525679942,0.06201779421939857,-0.20838746029000157,-0.24051234375000002
1371,0.067290697939028005,0.047533710379293645,0.0041489673875442154,0.0033046874999999986,0.3718072835675979,0.16826416661660526,0.04274405455970845,0.038756835937499977
1372,0.10714610216062617,0.0350106518720876,0.0151484445605931,0.0145078125,0.38192317942456433,0.70576679426429023,-0.068007159116342433,-0.071181328124999999
1373,0.075326112275797802,0.038620998105503873,0.0077080739757617251,0.0068085937499999978,-0.3634129687863964,0.54097824072055556,-0.1899221539964599,-0.19492406250000002
1374,0.091835893506805238,0.038646559189145696,0.011169760206708504,0.010136718749999996,-0.198403838623604,1.3698967990013682,-0.32934313390124415,-0.33613441406250005
1375,0.090497440905040555,0.022495735092479194,0.014280358220637885,0.012117187499999998,0.038206624626074936,0.68271599884235801,-0.13534696858541945,-0.14614277343750001
1376,0.088648193846863343,0.047392354127677713,0.0086637263410289812,0.0092343749999999995,-0.22695571331151798,0.73975519830613101,-0.20300929143970628,-0.20002171874999999
1377,0.062198485775811829,0.030868281242083434,0.006579342952082963,0.0083671874999999962,0.078085503163628278,0.5590582394838215,-0.10100427462724057,-0.092501132812500012
1378,0.091626574674315397,0.034348442323098208,0.012028407793755609,0.012433593749999998,0.054439288386404772,0.59022336879492232,-0.11251465688578868,-0.11030531249999999
1379,0.10494082416438963,0.041064542332753598,0.013414019184643565,0.010968749999999996,0.38140970651272021,0.71882685881289843,-0.070857601983037422,-0.084306210937499987
1380,0.10605307947262554,0.028747003581601288,0.016234275937115093,0.014578124999999996,0.66975755831892358,0.62178075523844445,0.010075128646900617,0.0017864062499999989
1381,0.096966079861819099,0.038564273789649411,0.012264379275155633,0.011636718749999997,-0.23348381330872303,0.39177006570996575,-0.13130331459392464,-0.13512257812499998
1382,0.099788950028666529,0.036505668646394054,0.01328948909027722,0.012316406249999998,-0.50781361810475834,-0.17697144700155476,-0.069476855931672743,-0.075729023437500015
1383,0.06628949111759197,0.034204114196998439,0.0067379291533246413,0.00638671875,0.2127272685738652,0.50115357800011506,-0.060569524979512471,-0.062098945312500022
1384,0.068996824201467494,0.039172603772966164,0.006263086289985279,0.0083203124999999944,0.4269337442218798,0.41734313565882852,0.0020140277982407672,0.011294648437499983
1385,0.058805565628996248,0.027901940754953419,0.0064897612235489937,0.0053789062499999983,-0.35030749291299379,0.27194857660183364,-0.13067377459811375,-0.13731316406249999
1386,0.064648533485617637,0.024051087517676359,0.0085254636532676679,0.0084023437499999992,0.030980980019090554,-0.10203932571659435,0.027934264204493828,0.026868749999999979
1387,0.083452520494814914,0.018635395333520613,0.013611596283871803,0.010464843749999994,0.049939151817559368,0.67613291873111603,-0.13150069105184689,-0.14696941406250003
1388,0.085351700282938009,0.040123288044169148,0.0094979665701414601,0.0086249999999999955,-0.1461060296895268,0.64207910540344781,-0.16551887836952467,-0.17057578125000003
1389,0.085605808405552014,0.044055281984056296,0.0087256105485141004,0.0091640624999999969,0.65009838604017722,0.8978510333159665,-0.052028055927915748,-0.050105976562499953
1390,0.093263590557679854,0.040862155219417315,0.011004301421035133,0.010324218749999994,0.052299676153738206,0.52597213088031114,-0.099471215492580312,-0.10330441406249999
1391,0.095245470641565466,0.038999395964248118,0.011811675682236643,0.010488281249999995,0.72608648789927477,0.033101337192313118,0.14552688164846195,0.13856109375
1392,0.083121915607765023,0.034208097876698915,0.010271901723523883,0.0088476562499999988,-0.061399393969427618,0.080588705689421225,-0.029817500928358255,-0.037029726562500039
1393,0.086032706973818707,0.043261552121745539,0.0089819425189353649,0.0097382812499999961,0.11710855806274056,0.49479113749559273,-0.079313341680898958,-0.076078828125000011
1394,0.093111598929805445,0.037306487695749457,0.011719073359151757,0.012679687499999995,-0.046239015238987213,0.29881539149888148,-0.072461425414952416,-0.067810312499999997
1395,0.095009903006815499,0.047668288261738925,0.0099417390964660797,0.0063632812499999965,-0.27896724637448145,0.8663663389647569,-0.24052005292124004,-0.26086441406250005
1396,0.077497573654775692,0.050584584012593636,0.0056517278248582317,0.0060703124999999967,-0.49511188445175958,0.6866922796815742,-0.24817887446800005,-0.24548589843750002
1397,0.084846721657137109,0.033950450450450448,0.010688216953404198,0.0095273437499999968,0.441776686458352,0.26307076576576571,0.037528243345443121,0.031433320312499992
1398,0.075959870786889039,0.037380410487907925,0.008101686662786033,0.0080859374999999994,-0.52148555389237561,0.62092323653081638,-0.2399058459888703,-0.24000832031250002
1399,0.094441532727696259,0.030882115084661599,0.013347477705037279,0.012445312499999996,-0.020436466340554293,0.011787225723515982,-0.0067669753334547575,-0.01228289062500001
1400,0.080281336832355665,0.036312538575852718,0.0092334476338656185,0.007499999999999998,-0.32797313985798104,0.25140542948304512,-0.12166949956161549,-0.13282792968750004
1401,0.088589344119525459,0.058404570682756909,0.0063388024217213949,0.0050156249999999984,-0.27226831781850569,0.8594873051581523,-0.23766868082509815,-0.24586171875000001
1402,0.06182341526737789,0.04628336969220935,0.0032634095707853934,0.0035859374999999988,-0.28324583181727381,0.27889587822152639,-0.11804975910814804,-0.11596828125000005
1403,0.093782166474495277,0.03148702823924901,0.013081979029401716,0.012140624999999999,-0.28585135363346437,0.71431588220307018,-0.21003511952567225,-0.21502277343750001
1404,0.098644846346848697,0.028150792147908929,0.014803751381777351,0.012339843749999999,-0.21208038021429476,0.56527851362568593,-0.16324536770639594,-0.18144375000000004
1405,0.086772137932759619,0.025804340141277887,0.012803237536211163,0.0093867187499999984,0.13885503016463913,0.19224543541837014,-0.011211985103283511,-0.026870390625000011
1406,0.094156319014815804,0.037758982439945313,0.011843440680722803,0.011554687499999996,0.40722997382007486,0.67141590289045916,-0.055479045104780703,-0.056895117187500024
1407,0.092244458473050045,0.035386805048240433,0.011940107219210018,0.011203124999999998,0.26716056467870397,0.61073535153789937,-0.072150705240431032,-0.07525113281250001
1408,0.096397994359711386,0.033610629238290488,0.013185346675498389,0.013675781249999996,0.2743003016919946,0.58458297192871811,-0.065159360749711931,-0.062781210937499998
1409,0.077770976444716505,0.038079935883970906,0.0083351185177565762,0.0068906249999999957,-0.11328994082840249,0.088326879960044513,-0.042339532365573869,-0.050978789062500009
1410,0.095312120810417983,0.042242828774767732,0.011144551327486553,0.0082382812499999965,0.13388225197504,1.186781183415228,-0.22110877560243947,-0.23657003906249996
1411,0.078342238865073743,0.036857083634448715,0.0087118825984312549,0.0091171874999999968,0.23412918477556793,0.19303083981781821,0.0086306524411274409,0.010097343749999989
1412,0.078110881441239122,0.024755101916670103,0.011204713700159494,0.0098671874999999992,-0.072770030411006825,0.11926206026884434,-0.04032673904276874,-0.047748984375000018
1413,0.10310142369239035,0.038701053674069327,0.013524077703847415,0.014214843749999999,0.45693322076825671,0.19610815986260266,0.054773262790187349,0.059050078124999988
1414,0.070186104782758912,0.041071063278432199,0.0061141587159086099,0.0069492187499999971,0.41850645287013477,0.2898344060221606,0.027021129838074576,0.030826757812499998
1415,0.097923465310937707,0.014388682599532632,0.017542304369395065,0.018046874999999997,0.21181040023613085,0.30813453391349199,-0.02022806807224584,-0.017875781250000014
1416,0.072201966972027326,0.029721599040714045,0.0089208772655757895,0.0093984374999999953,0.21402898373111934,0.89933284356335874,-0.14391381056477026,-0.14152359375000004
1417,0.07639140153220525,0.043544894814283919,0.0068977664107634793,0.0066679687499999977,0.57560229419279396,0.43356440263256746,0.029827957227647566,0.028528476562499988
1418,0.09488726683771824,0.040230943512793702,0.011477827898234153,0.010441406249999998,-0.23512902941414393,0.35581225814861983,-0.12409767038818038,-0.130820625
1419,0.063011227115055163,0.041717752837247324,0.0044716295983396456,0.0036328124999999989,-0.045480372885430609,0.73731100732002175,-0.16438618984314499,-0.16931718750000002
1420,0.077255687523669958,0.031121621621621617,0.0096881538394301518,0.0084492187499999975,-0.57736332732811646,0.26405166666666657,-0.17669714873890444,-0.18514511718749996
1421,0.071193176074854675,0.05092535259717923,0.0042562429303118435,0.0038554687499999987,0.25121006782274247,0.1568113617376774,0.019823728277863661,0.018077812499999978
1422,0.10042930590247934,0.030549549549549554,0.014674748834115254,0.013511718749999995,-0.30887489218915132,0.55769563063063077,-0.18197980979215422,-0.18909832031250001
1423,0.07244990835487608,0.041365192674181997,0.0065277902929457574,0.0066210937499999976,0.36553439082956052,0.5915529185553654,-0.047463890822419023,-0.04720429687500001
1424,0.08355245197350461,0.042826187832649562,0.0085525154695795594,0.0057539062499999986,-0.098236525999684021,0.52413061818591888,-0.1306971002789766,-0.14765285156249999
1425,0.070838902429436273,0.037093049223408656,0.0070866291732657998,0.0079218749999999984,-0.28839157952669237,0.30019308088903929,-0.12360277868730364,-0.11916269531250004
1426,0.066673114489379431,0.041457012727333292,0.0052953813700296892,0.0043242187499999991,-0.086017298154093647,0.86201413627978707,-0.19908660123111493,-0.20574644531250003
1427,0.071045102115623621,0.038646997233423283,0.0068036020252620708,0.0057890624999999973,-0.11562637212042315,-0.065792161035832075,-0.010465184327764126,-0.016266796875000031
1428,0.062580939352485182,0.038043548817396022,0.0051528520123687235,0.0045234374999999979,-0.44657300501596009,0.18415050053337412,-0.13245193616536019,-0.13675113281250004
1429,0.081529317129535372,0.037572971601003979,0.009230832560991593,0.0074179687499999992,0.26189515125686214,0.33861953241772191,-0.016112120043780553,-0.027163710937500033
1430,0.070477199059635481,0.03767638364794762,0.0068881712364544509,0.0052851562499999956,0.16850260267604555,0.53899925508930246,-0.077804297006783943,-0.08664152343750002
1431,0.085863113264688068,0.047298663252386033,0.0080985345025834272,0.0069140624999999975,0.27455427013930955,-0.018822443614519013,0.061609109888303995,0.055879570312499974
1432,0.077650206955953566,0.021437457103637592,0.011804677468986354,0.013171874999999998,-0.16895066529158786,0.47491542267215725,-0.13521187847238647,-0.1289066015625
1433,0.090285597948835422,0.031002906888386597,0.012449365122694253,0.011390624999999996,-0.51016797045770368,0.61432733936295214,-0.2361440150623377,-0.2431944140625
1434,0.091259641269306371,0.037113389519247461,0.011370712867512371,0.010136718749999997,0.063256134610678139,0.60409272973917427,-0.11357568497698418,-0.12055968750000001
1435,0.096364179104477588,0.046559340777018315,0.010459016048766447,0.0072187499999999986,0.067330388059701374,0.033225695650869969,0.0071619854058545948,-0.010583789062500024
1436,0.05428480116878967,0.030715322507484363,0.0049495905188741141,0.0015351562499999998,-1.2208846402095517,0.22353728567540598,-0.30332860443584114,-0.33264550781250002
1437,0.067009624958513092,0.038178133229388941,0.0060546132631160718,0.0043593749999999995,-0.069633738647678411,0.60342736488286886,-0.14134283174141493,-0.15107472656250004
1438,0.068552472464620734,0.040220062455513905,0.0059498061019124335,0.0046640624999999998,0.10081772722815974,0.68600373464848341,-0.12288906155826797,-0.1301771484375
1439,0.083070480147841103,0.044649642366224998,0.0080683759341393813,0.0066679687499999985,-0.098222406616912394,0.89414960958472467,-0.20839812340234379,-0.21556265625000001
1440,0.078876164567884988,0.031044066125997694,0.010044740672796331,0.009761718749999997,0.1414060374709315,0.6496534605298373,-0.10673195884237022,-0.10851527343750003
1441,0.099354421210394339,0.042944317023072498,0.011846121879337587,0.010781249999999999,0.47293811514260808,0.3073707339763716,0.034769150044909658,0.029602148437499965
1442,0.092210539710818079,0.044885278026310899,0.0099383049537465074,0.010183593749999997,0.085050546269230254,-0.32885357000150939,0.086919864416855327,0.088023632812499975
1443,0.079680802553579566,0.048628870195605439,0.0065209057951745664,0.005917968749999997,0.42682507979936135,0.39992703778311389,0.0056485888234119657,0.0014309765624999926
1444,0.094027309578770035,0.041653243847874721,0.010998553803488015,0.011929687499999998,-0.19029291978553053,0.43413565995525738,-0.13113000174556547,-0.12367207031250002
1445,0.098378977525896943,0.03780455551093119,0.012720628623142808,0.013406249999999998,-0.070268470339560518,0.97514962769746161,-0.21953780058777467,-0.21563437500000007
1446,0.075018588279332638,0.029368896760978272,0.0095864352188544163,0.0077929687499999978,0.025079815826092644,0.24942938185140351,-0.04711340886531528,-0.056157421875000002
1447,0.054218145718831323,0.02921939672126414,0.005249737289489108,0.0035976562499999993,-0.36105671189850896,0.47489138240250572,-0.17554909980321307,-0.18449578124999999
1448,0.072527864045814905,0.044578217497212094,0.0058694257752065901,0.0047695312499999986,0.53098301027127381,0.31579388042694412,0.045189717267309235,0.039649804687499991
1449,0.058404664762354341,0.019588267587962754,0.0081514434066222337,0.0061054687499999981,0.51878331543022838,0.3090078849283131,0.044052840405402208,0.036003164062499968
1450,0.089570503816739228,0.041603919078290849,0.010072982795074159,0.0067265624999999973,0.17807827381511898,0.50403685475823279,-0.068451301998053896,-0.081408281250000006
1451,0.091605243015749099,0.03751078622031305,0.011359835927041571,0.011132812499999999,-0.0040197815603155718,0.44941540201531399,-0.095221388550882205,-0.096316992187500047
1452,0.071844562707099102,0.033711757310583998,0.0080078891332681715,0.010054687499999998,0.19670164340462559,0.32303963915010803,-0.026530979106551309,-0.013405664062500015
1453,0.071314102564102561,0.053905750380155812,0.0036557539586288173,0.0053203124999999995,0.19209372032288696,0.27009278832139938,-0.016379804279687608,-0.009088476562500029
1454,0.094611473579027799,0.035119000226308511,0.01249341940407105,0.012832031249999995,-0.20121223476165273,0.67987880140428936,-0.18502911759484783,-0.18303292968750001
1455,0.083731154961822124,0.036707507233896999,0.0098749660228642754,0.0085664062499999985,-0.20604630592329476,1.0867825205436368,-0.27149405355805561,-0.279634921875
1456,0.076953125000000011,0.035819318189532767,0.0086380994301981217,0.0085664062499999968,-0.28776953124999993,0.19824249011089312,-0.10206252448578754,-0.1026233203125
1457,0.087036169292621784,0.025518906105457914,0.012918625269304412,0.010828124999999997,-0.16678776666964634,0.39320457042090662,-0.11759839078901611,-0.12926707031250001
1458,0.066928450138931783,0.039204433558257257,0.0058220434819416505,0.0040312499999999975,-0.15962527014510641,0.42093926366147205,-0.12191855209938147,-0.13072371093750002
1459,0.12312854182065887,0.023918590067993267,0.020834089868059777,0.019324218749999997,0.19748449207936569,0.21820085732465544,-0.0043504367015108469,-0.011901796875000006
1460,0.076365417976563849,0.044275005497275033,0.0067389866206506513,0.0076757812499999977,-0.22910283159097034,0.93331429997999127,-0.24410759762990195,-0.23892808593749998
1461,0.087303721944522378,0.042412162278903709,0.0094272275297799194,0.0094101562499999975,-0.094965036075199016,0.46210810530631075,-0.11698535969011704,-0.11722230468750006
1462,0.083035448294471709,0.049885608709615739,0.0069614663128197531,0.0053437499999999978,-0.056395123690077931,0.28309996788383351,-0.071293969230521406,-0.083135742187500042
1463,0.09526029769577668,0.044388608581119079,0.010683054714078096,0.008847656249999997,0.19709242240165703,1.2391515905321877,-0.21883242530741143,-0.23053640625000008
1464,0.072846961453452069,0.044030344896341153,0.0060514894769932923,0.0058242187499999987,-0.25788658645242335,0.4843570391047779,-0.15587116136701226,-0.15725273437500001
1465,0.079081387268479186,0.027398289564569536,0.010853450517821026,0.008167968749999999,0.34422860856924797,0.11031947546284682,0.049120917952344238,0.03402128906249996
1466,0.07349858910671031,0.036314315199764108,0.007808697520458702,0.0074062500000000005,-0.27630193725330698,0.28333869969040248,-0.11752453375817898,-0.11996285156250001
1467,0.085623139834660161,0.037179320486272968,0.01017320206316131,0.011039062499999997,0.25282819791744426,0.87559876214020793,-0.13078181848678036,-0.126911953125
1468,0.071074429346584089,0.032890789960746167,0.0080185642710259627,0.008683593749999996,-0.33911219386801983,0.75415303061145222,-0.22958569714068913,-0.22517226562500001
1469,0.10214476973685219,0.046907895105404385,0.011599743672604038,0.012011718749999995,-0.048825477405818107,0.42051043399830823,-0.09856054139486653,-0.09615011718750005
1470,0.068827478867047209,0.041517519288417112,0.0057350915115123198,0.0053320312499999974,-0.73943312170948883,0.71647312398643659,-0.30574031159614434,-0.30851414062500004
1471,0.083030172020150533,0.028930648769574935,0.011360899882620875,0.012304687499999998,-0.40758342483777477,-0.44649449664429519,0.008171325079369289,0.014007656249999965
1472,0.10475895570048963,0.030303245401310172,0.015635699162827685,0.014367187499999998,-1.1077159818853906,0.47999325103539986,-0.33341893891336599,-0.34280882812500002
1473,0.059551786795881273,0.036430815695444901,0.0048554039310916381,0.0037499999999999981,-0.48021156874621451,0.47588810507030921,-0.20078093150146997,-0.20833757812500006
1474,0.079639074500924084,0.03250028908418133,0.0098991449375159784,0.0078281249999999965,-0.14176897373322628,0.26701650670675314,-0.085844950892395674,-0.098470195312500036
1475,0.088670456253000712,0.032922156455035392,0.011707142957572718,0.011742187499999996,0.59324563043103795,0.069388353758129129,0.11001002810131084,0.11012753906249997
1476,0.071362787939407368,0.051360934075622838,0.0042003893113947508,0.003433593749999997,-0.72280516544189632,0.69170718190291469,-0.29704759294241029,-0.30210480468750001
1477,0.079968943863265418,0.035440553606090594,0.0093509619540067136,0.0087773437499999978,-0.21028678572330073,0.7629561433319757,-0.20438101510160805,-0.20798753906250003
1478,0.093318600440039701,0.04229289034190066,0.010715399120609198,0.010242187499999998,0.11099527346716265,0.31396199277153425,-0.042623011053918032,-0.045544453125000002
1479,0.072465916776258299,0.048018001840587188,0.0051340621364909331,0.0050156249999999966,-0.28791163666281361,-0.31462142263922255,0.0056090550550458775,0.0046505859374999584
1480,0.082607583723984829,0.04856285893723257,0.0071493922052179738,0.0069257812499999979,-0.39371051483693237,0.8313391820862186,-0.2572604363538617,-0.25848070312499999
1481,0.11338719379868571,0.031675866827669472,0.01715937866391341,0.016839843749999993,0.3421091017079505,0.26987028132367319,0.015170152280698235,0.013867031249999969
1482,0.069594163070194115,0.040918330148419196,0.0060219249135727328,0.0046874999999999998,0.50208138994793972,0.53171355535173448,-0.0062227547347969,-0.012945234375000005
1483,0.063958061545545258,0.039311166576182818,0.0051758479435661123,0.0023906249999999995,0.3745698718440641,0.70766685555414299,-0.06995036657911656,-0.084005742187500024
1484,0.0729961753204037,0.04348204398038287,0.0061979675814043738,0.0039140624999999991,0.21496121077088925,0.29365480145546591,-0.016525654043761096,-0.026697187500000032
1485,0.090246546053178861,0.041831785167846913,0.010167099785919708,0.0088242187499999961,-0.3368344510454786,0.63610161273715615,-0.2043165733943533,-0.21222445312499999
1486,0.070105531367700813,0.039074415265990939,0.0065165343813590737,0.0065039062500000001,-0.71134589663500669,0.7029071462341574,-0.2969931390025245,-0.29709515625000005
1487,0.077575869637213107,0.046985851469650841,0.0064239038151880758,0.0058593749999999974,-0.26541816151441544,0.34533368216918348,-0.12825788717355577,-0.13189359375000001
1488,0.1120377751330409,0.049552719228923306,0.013121861739864696,0.011566406249999996,0.42331801928055435,0.57997405446757522,-0.032897767389274385,-0.04274203125
1489,0.1021122473356092,0.03666600289511672,0.013743711332503419,0.015023437499999997,-0.019943976511748063,0.47605850218720536,-0.10416052052678021,-0.097098749999999998
1490,0.071600939171268307,0.034089137793919283,0.0078774782892432945,0.0062226562499999964,0.2210062756351725,0.31877338894215912,-0.02053109379446719,-0.029687460937499993
1491,0.071682493783284063,0.021570469798657718,0.010523525036771533,0.011554687499999999,-0.42242669471812067,0.20428624161073838,-0.1316097166290604,-0.12617730468750005
1492,0.081822960038153647,0.047848441702262309,0.007134648850537181,0.0046757812499999976,-0.040529204390312712,1.2274769814902706,-0.26628129903492248,-0.2834455078125
1493,0.089767653569012007,0.032664118317048962,0.01199174240291224,0.012257812499999998,0.097797101573407152,-0.0036534581938328925,0.021304617551120408,0.022492265624999969
1494,0.089264992546726291,0.019212636315751819,0.014710994808504638,0.014906249999999996,0.27283641784199042,0.053910450532346998,0.045974453135025115,0.04681230468749998
1495,0.074394317358562112,0.020148211674418104,0.011391682193670241,0.011378906249999998,-0.13152931794930844,0.5117857496265652,-0.13509616419093345,-0.13513242187500002
1496,0.087134633612551721,0.050525195270638881,0.0076879820518016961,0.0089882812499999989,-0.26477693096087584,-0.14725388211372548,-0.024679840257901577,-0.015006328125000018
1497,0.065653654252787852,0.040893642061071947,0.0051996025602603401,0.005765624999999999,0.12020907025918537,0.43820981205741727,-0.066780155777628691,-0.064062070312500011
1498,0.08007778577558175,0.038302929298189972,0.0087727198602522722,0.007230468749999999,0.15919338337615996,0.32840286885310577,-0.035533991950158619,-0.043014375000000014
1499,0.078941823943413258,0.045853850312054661,0.0069484744625853048,0.0065507812499999984,-0.096677385883272793,0.5034702638950318,-0.12603100645344395,-0.12843421875000002
1500,0.084379076695418526,0.03134159217378206,0.011137871749543657,0.010640624999999997,0.54197044334975386,0.15693034594351229,0.08085842045531072,0.077974218749999963
1501,0.10912889185185543,0.032257171901268977,0.016143061189623154,0.014050781249999993,0.45471266511752739,0.55502275210609242,-0.021065118267598656,-0.029494101562500017
1502,0.075866829501407107,0.031249725787824242,0.0093695917798524014,0.0085195312499999967,-0.10586070044223295,0.17274062554350256,-0.058506278457004457,-0.063339492187500041
1503,0.069532294996485972,0.037617231272971827,0.0067021633819379705,0.0052382812499999973,-0.1777269038064796,0.97520813593824218,-0.24211635834639156,-0.25117500000000004
1504,0.094167288257060555,0.038268543989630005,0.011738736296160415,0.011449218749999997,-0.29027086715516348,0.94364887503732875,-0.25912314586042334,-0.26086687500000005
1505,0.076245965935198334,0.040064863154564145,0.0075980315839331795,0.0052734374999999977,0.043794177122904565,0.23512276538522392,-0.040179003535087063,-0.051373593750000029
1506,0.061081645860222633,0.049348738856784174,0.002463910470722076,0.00057421874999999953,-0.59909825486176638,0.78698126347782471,-0.2910766988513141,-0.303864140625
1507,0.1017127472350588,0.033560453019938666,0.014311981785175227,0.014624999999999994,-0.77865818223992933,1.0586454771979188,-0.38583376848194811,-0.38322339843750003
1508,0.070703125000000006,0.044039467443892172,0.0055993680867826448,0.0055312499999999962,-0.38654296874999994,0.86444272385979803,-0.26270699544805759,-0.26323312500000001
1509,0.080088967222777391,0.031590090090090089,0.010184764197864333,0.0089531249999999993,-0.1131505319475824,0.11600887387387382,-0.048123475222505804,-0.055273359375000011
1510,0.088923564484722939,0.041083924704596125,0.01004632435382663,0.0086367187499999994,0.20901258353467878,0.01389954789508463,0.040973737484314772,0.032364375000000008
1511,0.081331324343061395,0.033645364598210326,0.010014051546418724,0.0091757812499999956,0.52309573704729417,0.56129737305589267,-0.0080223435618056831,-0.011823164062500009
1512,0.089885627367528143,0.04282691902053018,0.0098823287528695715,0.0095976562499999959,-0.24176692554078361,1.1216150844142381,-0.28631022209055457,-0.28799226562499997
1513,0.096874507518700553,0.043476751393247262,0.011213528786345191,0.011249999999999996,0.18643740402341169,0.17617547565141178,0.0021550049581199804,0.0022740234374999968
1514,0.10068030750419502,0.035486030236934765,0.013690798226124653,0.012374999999999999,-0.10151386494463677,0.35434778107545428,-0.095730945664219122,-0.10335410156250002
1515,0.087777799124875738,0.028760142074832754,0.012393707980509027,0.010089843749999999,-0.084264946037204691,0.63967777135779191,-0.15202797065294929,-0.16740621093750005
1516,0.11104780582860113,0.034135793074458978,0.016151522678369851,0.013289062499999995,-0.14444898619948154,0.17766829187865096,-0.067644628396407822,-0.086036250000000009
1517,0.10586888921370419,0.033157394760065892,0.015269413835264041,0.014648437499999995,-0.025045240322977058,0.24620745574835723,-0.056963066174980197,-0.060866250000000031
1518,0.086481068027520841,0.028794941838420116,0.012114086499711152,0.013277343749999995,-0.43659473867634424,0.93093233441059531,-0.2871806853482573,-0.2815032421875
1519,0.08736083034124853,0.045007266012762184,0.0088942485089821329,0.0072656249999999978,-0.53484995323296025,0.11386209232406896,-0.13622952956697612,-0.14941371093750003
1520,0.077698322076212967,0.039061970536544366,0.0081136338233304059,0.0066796874999999964,0.38209341313309197,0.25037944335238527,0.027659933653948407,0.02085246093749997
1521,0.07205595688567823,0.032774081748752307,0.008249193778754443,0.0084492187499999975,-0.91669446164430679,0.029686863660815743,-0.19874007831407572,-0.19696207031250001
1522,0.067883429616200558,0.035133431970726922,0.006877499505549463,0.0055546874999999997,-0.70651910284958386,0.58831763989420693,-0.27191571597619607,-0.281630390625
1523,0.076336692010397805,0.034957512878865393,0.0086896276176218062,0.006761718749999996,0.26308860905938969,0.47735782684626704,-0.044996535735244245,-0.053988046875000022
1524,0.079078010688016398,0.033533531435852096,0.0095643406429545032,0.010816406249999997,0.14587234525053738,0.21590488564399379,-0.014706833482625846,-0.0075375000000000372
1525,0.085746891694361754,0.030086436170212755,0.01168869566007129,0.0096328124999999973,0.65934487002041364,1.1625697415587417,-0.1056772230230489,-0.11372812500000001
1526,0.12619646784103017,0.036211537820073039,0.018896835304400998,0.017531249999999995,0.53635969983450082,0.74629107658493798,-0.044085589117591799,-0.051489960937500016
1527,0.095510343574420675,0.043303515788966032,0.010963433834945475,0.0089062499999999975,0.18843556370103931,0.48220917503476246,-0.06169245838008186,-0.070420312500000012
1528,0.092396574100971435,0.043951015227460186,0.010173567363437361,0.010792968749999998,0.026664395699251942,0.38904947452173322,-0.076100866552721066,-0.073263515625000025
1529,0.073749242883101168,0.023283628437678949,0.010597779033538665,0.0093984374999999971,-0.5254692307692308,0.2450867894846146,-0.16181676425330752,-0.16947796875000001
1530,0.082656640403411363,0.030728087731001968,0.010904996061205973,0.0099023437499999971,-0.7217030498706748,0.37241908910933874,-0.22976564918580283,-0.23758886718750002
1531,0.064933178518771784,0.025583145979216265,0.0082635068333066584,0.0093515624999999988,-0.13920419858075705,0.50953508224012656,-0.13623524897238556,-0.12828433593749999
1532,0.081655564073007364,0.03083373943431432,0.01067258317412554,0.0084023437499999958,0.42901755353589366,0.29623885086187163,0.027883527561544625,0.013017539062499965
1533,0.089968960037006246,0.030896635152078661,0.012405188225834793,0.013042968749999996,0.12579850987318653,0.2044402236140625,-0.016514759885583954,-0.013539023437500006
1534,0.084181924840737526,0.04063994074207089,0.0091438166607199934,0.0090234374999999985,0.35736071339342335,0.48416803214293724,-0.026629536937397918,-0.027462421875000035
1535,0.088751507612018415,0.039275170877778195,0.010390030714190446,0.0095390624999999989,-1.1086770789874913,0.77114332246384354,-0.39476228430478033,-0.40193332031249995
1536,0.097099606326193383,0.031679460640561222,0.013738230593982754,0.013394531249999999,0.12374229214099175,0.47272845868552726,-0.073287094974352457,-0.075511289062499987
1537,0.11387264362990168,0.036071950225550542,0.01633814561491374,0.016640624999999996,0.68902478157262803,0.26098219625543917,0.089888942916609663,0.091409765624999972
1538,0.065998580080068231,0.031563717508233849,0.0072313211400852201,0.0083320312499999983,-0.19877366494751936,0.44636813233384331,-0.13547977742908615,-0.1280353125
1539,0.095959414406816379,0.03598048928515242,0.012595574275549431,0.013499999999999996,0.1688923760988168,0.31461101765484256,-0.030600914726765408,-0.025897148437500038
1540,0.07575716821776321,0.041084081495342831,0.0072813482117082794,0.0074296874999999971,0.27600001711667221,0.96583051940315223,-0.1448644054801608,-0.14431406250000001
1541,0.086503174518891612,0.047370364295516013,0.008217890146908876,0.007359374999999997,-0.059721491910097124,0.20236722899568471,-0.055038631390214185,-0.06054773437500003
1542,0.079478407743476059,0.045689404830297639,0.0070956906117674683,0.0065507812499999976,0.2589603340876378,0.45642898628122097,-0.041468416960652461,-0.043653398437500025
1543,0.081502372245812943,0.037924211368317154,0.009151413784274115,0.0097617187499999987,0.020370574642690764,0.18369744741466409,-0.034298643282114398,-0.0311342578125
1544,0.081030448730833843,0.035099242571990402,0.0096455532933571227,0.0060585937499999989,0.35425306671598067,0.9681126020573001,-0.12891050242167706,-0.14306132812500003
1545,0.08984306118850291,0.039474948590317693,0.010577303645618895,0.010933593749999996,-0.017959868923764222,0.34873588856679261,-0.077006109073016929,-0.07539410156250001
1546,0.08813881396338169,0.036400735571957582,0.010864996462199062,0.010089843749999999,0.39591060681006807,0.34597620727007083,0.010486223903399419,0.0058618359374999684
1547,0.10942824042524193,0.039331321686953649,0.014720352935040539,0.014203124999999997,0.25662413111626003,0.19701122866783172,0.012518709514169946,0.0098885156249999759
1548,0.088818715762421757,0.044278699975162997,0.0093534033153243393,0.0096679687499999986,0.25768903825244638,0.33517519732872103,-0.016272093406017676,-0.014818476562500033
1549,0.10433769693272626,0.039060903400287561,0.013708126641812127,0.012773437499999995,-0.17619656480622725,0.051872138780779786,-0.047894427753271476,-0.053286445312500021
1550,0.060346557227542175,0.034420334958306542,0.0054445066765394824,0.0048046874999999991,0.3290700410396718,-0.066615072207720338,0.083093873781952349,0.079794843749999955
1551,0.084597988227858717,0.034696466563164843,0.010479319549585713,0.010136718749999996,-0.045628560768158799,0.49014682522569164,-0.11251283105870859,-0.114184921875
1552,0.073298398997022202,0.037669197428865958,0.0074821323293128112,0.0072421874999999969,0.12839726564798049,0.45059755492131204,-0.067662060747399624,-0.069167343750000027
1553,0.078515625000000006,0.038498212378009378,0.0084036566506180323,0.0083320312499999983,-0.66557421875,-0.11602549715685551,-0.11540523153456034,-0.11605664062500003
1554,0.10364301378336549,0.046058020032887656,0.012092848687600345,0.011566406249999996,0.19115156775404718,0.59920806619969436,-0.085691864673585902,-0.088477265624999996
1555,0.083440926640926644,0.049998830421697463,0.0070228402060381273,0.0085898437499999994,0.67566619305019315,0.67189770025176365,0.00079138348767019524,0.0092097656249999823
1556,0.067318005628418193,0.038583424962386509,0.0060342619398666532,0.0051679687499999981,-0.065139185775728081,0.75271410767926838,-0.17174919162554925,-0.17650628906249999
1557,0.096874999999999989,0.032985571382877096,0.013416780009595806,0.013347656249999998,0.34408984375000007,0.26489745811110432,0.016630400984168105,0.016069335937499964
1558,0.07519473655400033,0.042040273543510698,0.0069624372322028222,0.0085546874999999981,0.27443988828104537,0.70056177126989627,-0.089485595427658687,-0.082864570312500024
1559,0.076077430846193145,0.046511428802524457,0.0062088604291704241,0.0048867187499999987,-0.3440049538510781,0.75298084771832841,-0.23036701832957535,-0.23879425781249999
1560,0.081514325418543254,0.028310371382157695,0.011172830347640966,0.010499999999999995,0.45147226217416692,-0.52954316678189794,0.20601324008077362,0.20204378906250001
1561,0.10194006433900646,0.041839697314130592,0.012621077075223931,0.010535156249999997,0.66649057695494318,0.21545921718190075,0.094716585552338903,0.085885195312499968
1562,0.068121175595744349,0.038352465264642227,0.0062514291695314455,0.0055195312500000001,-0.7996720429062314,0.51657167743306887,-0.27641118127125303,-0.28176351562500002
1563,0.065817167048335817,0.028415920437455763,0.0078542617882848102,0.0056367187499999985,-0.25321383058222691,0.5363646172745008,-0.16581147404991281,-0.17894203125000005
1564,0.071275672158959996,0.036739276821507946,0.00725264302086493,0.0075585937499999976,-0.41131295728521189,0.44316424438544544,-0.17944021235083804,-0.17713125000000002
1565,0.096217126472529224,0.028896619703542598,0.014137306421487191,0.013277343749999995,0.077721416055404391,0.0073404670123033977,0.014779999299051208,0.010758867187499983
1566,0.080657915057915058,0.034607403268756401,0.0096706074757233178,0.011167968749999996,0.22272179150579163,0.5036984287846008,-0.059005093828549925,-0.052089375000000028
1567,0.075778212982600957,0.036019536019536003,0.0083493221622436397,0.0043710937499999982,-0.34517326868944653,0.80099676943426934,-0.24069570800598034,-0.26044429687500004
1568,0.080706895737781115,0.037978969259319678,0.0089728645604769015,0.0076640624999999973,0.70862798821961492,0.7924607591874262,-0.017604881903240367,-0.024152109375000005
1569,0.10315078082337376,0.033091932304361929,0.014712358188992483,0.014742187499999998,0.12172580107237241,0.32520977525255934,-0.042731634577839253,-0.042870117187500015
1570,0.078299810966779182,0.036110553660222533,0.0088597440343768964,0.010874999999999998,-0.85144107679176195,0.55387694829085576,-0.29511678526734969,-0.27981468749999999
1571,0.091271952762265462,0.032860041708121832,0.012266501321370162,0.011601562499999994,0.28523229139538953,0.37746984592727517,-0.019369886451695986,-0.023000625000000011
1572,0.082416780665754696,0.03942423557965774,0.009028434468080361,0.0084257812499999966,-0.46038796169630636,0.58207691830849539,-0.21891762480100835,-0.22302093750000002
1573,0.084218488870068303,0.030418229504498157,0.011298054466769731,0.0096679687499999986,0.11641148489874442,0.10003117403198059,0.0034398652820204056,-0.0062191406250000367
1574,0.095721123156474977,0.034078885226033695,0.012944869965392668,0.013523437499999997,0.29776331284350172,0.4307357087624798,-0.027924203142985396,-0.025889296875000019
1575,0.092963258630425039,0.029680520374029365,0.013289375033843091,0.012796874999999999,-0.76439803637142478,0.81147298067216056,-0.33093291357915294,-0.33443449218750004
1576,0.070520274578941444,0.045133272541080016,0.0053312704279508995,0.0028710937499999991,0.73068992835440194,0.36885120734138821,0.075986131412732874,0.065339179687499985
1577,0.066925831532083729,0.039003179786912159,0.0058637568664860291,0.0027656249999999981,0.098052983622070933,0.86487482511058655,-0.16103258671258827,-0.1767975
1578,0.055513639284253985,0.034823853970855453,0.0043448549158136918,0.0038320312499999999,0.34236538386650806,0.21101795172194748,0.027582960750357721,0.024090117187499979
1579,0.087363088539543748,0.039182383385472822,0.010117948082354894,0.0062109374999999977,-0.11320925097829981,0.093370530841799804,-0.04338175418222092,-0.065654296875000004
1580,0.080957377806712166,0.042609141581014864,0.0080531296073964326,0.0059296874999999983,0.13875674940643745,0.3602194111812882,-0.046507158972718655,-0.061134140625000041
1581,0.059136574695882432,0.050438142875947264,0.0018266706821863851,0.0025664062499999984,-0.26216378218657654,0.27311748998664886,-0.11240906715637733,-0.10886941406249999
1582,0.073391399605827495,0.035727311592831656,0.0079094584827291252,0.0080624999999999968,0.18528935734231888,0.22223263878668109,-0.0077580891033160633,-0.0073232812500000225
1583,0.062210169810518356,0.042903635184297365,0.0040543722715064082,0.0022734375000000016,0.2576526570953146,0.095315846470571786,0.034090730231195986,0.026201132812499993
1584,0.075254898078841365,0.039055761600828007,0.0076018186603828046,0.0072539062499999982,-0.47070672443594985,0.35716155267092142,-0.17385233819244297,-0.17587429687500003
1585,0.080053290527373755,0.028278397596972191,0.010872727515384328,0.0089062499999999992,-0.52764088186061309,0.43029552359436579,-0.20116664514554555,-0.21461085937500002
1586,0.060239037286954039,0.029610197023981349,0.0064320564552242648,0.0034921874999999992,-0.41767284058381582,0.38759962983716223,-0.16910721878840537,-0.18738738281250003
1587,0.067001817080557219,0.034389498328523616,0.0068485869379270566,0.0056835937500000003,-0.43412004845548136,0.26434290663889215,-0.14667722056981844,-0.15420292968749999
1588,0.068233397227728532,0.037567552902509266,0.0064398273082960453,0.0053437499999999978,-1.0330965877848095,0.68832216410646907,-0.36149793789716844,-0.37080562500000008
1589,0.11623614906891964,0.04061567192971717,0.015880300199232519,0.013499999999999996,0.28325176874048374,0.39318355734410659,-0.023085675606760798,-0.034355624999999994
1590,0.081815375115776495,0.026772551441380882,0.011558992971623078,0.0097499999999999965,0.15427514279098486,0.098748412470209046,0.011660613367362922,0.0016058203124999614
1591,0.085584374425401261,0.034642639006509351,0.0106977644379673,0.011882812499999998,-0.12429028797618358,0.14996735268578554,-0.057594104539013515,-0.050834648437500025
1592,0.098410039381649328,0.02457820135337975,0.015504685985936611,0.015867187499999998,0.21909458943161109,0.67293804128227885,-0.095307124888640224,-0.093706992187500032
1593,0.095150752807484057,0.029777862752179238,0.013728306911614011,0.010722656249999997,0.25271290486120401,-0.33020895771815417,0.12241359114166521,0.10218574218749996
1594,0.082016690305769052,0.032765336740890355,0.010342784248624526,0.010382812499999998,0.20275882984610766,0.3283548142502456,-0.026375156724868967,-0.026434921875000024
1595,0.062770072370043672,0.024361643879953723,0.0080657699829188891,0.0074882812499999984,-0.96958861262821827,0.085134254601621384,-0.22149180211826633,-0.22530855468750005
1596,0.086577119828062349,0.04151974886423003,0.0094620479024047858,0.0073242187499999974,-0.15881368689974329,0.5013565483367407,-0.13863574939966164,-0.15195773437500004
1597,0.091126310989512099,0.051217988054954783,0.0083807478162570368,0.0077695312499999995,0.23856479708162326,0.53016675303803629,-0.061236410750846737,-0.064418203125000004
1598,0.053921562648276078,0.034018994579399595,0.0041795392944640611,0.0039960937499999996,0.02523504614930494,-0.14214460371011506,0.035149726470478197,0.033900117187499995
1599,0.082407007771633928,0.029431174031980603,0.011124925085327197,0.009351562499999997,0.36487111067679012,0.87377142051383305,-0.10686906506577901,-0.11586433593749999
1600,0.078900966617722806,0.0264636896475096,0.011011828163744772,0.011894531249999996,-0.28134504298485496,0.2409178398928149,-0.10967520540431067,-0.10520027343749999
1601,0.073375022242558291,0.040382027125252684,0.006928528974634177,0.0056953124999999981,-0.69206583434105751,0.67941598840206829,-0.28801118277605642,-0.29572851562499997
1602,0.0655832091502003,0.033226538573797301,0.0067949008210446294,0.005367187499999997,0.15544868011070045,0.43108764916380737,-0.057884183501152452,-0.065790000000000029
1603,0.081204775736196416,0.027489949132334685,0.011280113586810964,0.0085429687499999993,0.061376678506220417,0.64160042810676121,-0.12184698741611356,-0.13599738281250001
1604,0.078727245799347284,0.045021402158286969,0.0070782271646226656,0.0065273437499999976,-0.32013889501341009,0.51285246805859352,-0.17492818624512074,-0.17821148437500001
1605,0.10103934122277003,0.033192869450302975,0.014247759072218081,0.012832031249999997,0.13331410731358284,0.4501449666169336,-0.066534480453703651,-0.0745494140625
1606,0.09075659518734952,0.033238225522767242,0.012078857629562277,0.013582031249999994,0.14124274161204065,0.17131592730115308,-0.006315368994713611,0.00063503906249998024
1607,0.077801071511763326,0.038562489539484143,0.0082401022141786288,0.0073007812499999991,0.099038696715583296,0.68449544097315496,-0.12294591629409005,-0.1274827734375
1608,0.072439714482936485,0.022018084616421324,0.010588542271968183,0.0097148437500000004,0.46887273858197231,0.40448813052207089,0.013520767692579299,0.0096678515624999857
1609,0.097843663110567719,0.041233544428471436,0.011888124923240219,0.013054687499999997,-0.3784582240539528,0.28670874598870333,-0.13968506370895778,-0.13226847656250004
1610,0.061006173675756226,0.051902805220093134,0.0019117073756892491,0.00056249999999999855,0.068689617967525263,1.0182720600020136,-0.19941231282724256,-0.205368515625
1611,0.071181030551755564,0.045292055967748351,0.0054366846626415144,0.0048164062499999969,-1.0679306885544912,0.73181948797748209,-0.37794753707171441,-0.3829558593750001
1612,0.069406439309262657,0.037006711409395973,0.0068039428589720032,0.0077460937499999986,-0.076783577107725876,0.021003154362416065,-0.020535213608729806,-0.015617929687500016
1613,0.080915466961978572,0.03150334349030269,0.010376545929051935,0.011367187499999995,-0.11749612403100795,0.71698309658932835,-0.17524063633027062,-0.16973062500000005
1614,0.10769327974104623,0.04782204180864312,0.012572959965804651,0.011882812499999998,-0.012210244421655303,0.30361833645269765,-0.066324001983614114,-0.070665703125000034
1615,0.078433397650558206,0.041142380461902009,0.0078311136096178013,0.0071367187499999955,-0.15938901876540101,0.34504984770295666,-0.1059321619583551,-0.10910203125000002
1616,0.086022453417974487,0.025914872704410119,0.012622591949848517,0.012960937499999997,0.32838990771762777,0.22116383362677622,0.022517475559078827,0.023553632812499992
1617,0.080457260510905182,0.025966472435174193,0.011443065495903508,0.011261718749999998,0.37580773786072619,0.45125108833225336,-0.015843103599020705,-0.016981406250000008
1618,0.086078944461258383,0.034393210260107179,0.010854004182241752,0.011167968749999996,-0.69151155321744884,0.04912987964360227,-0.15553470090082072,-0.15304253906250004
1619,0.079411562670600205,0.027499009469980518,0.010901636172130134,0.008964843749999998,-0.12149387014320479,0.061061927186266574,-0.038336717439188983,-0.049352695312500028
1620,0.098671096345514936,0.032296724496208948,0.013938618088354258,0.014964843749999995,-0.23185529715762254,0.028525509117367176,-0.054679969317747837,-0.049118320312500019
1621,0.085550681668509015,0.044080373325941932,0.0087087647519390864,0.006246093749999999,0.17094762418276821,0.61616053368192325,-0.093494710994822552,-0.10468359375000003
1622,0.072365898878169882,0.028221481500340664,0.0092703276493441358,0.012949218749999998,0.10890667127549247,0.78859320806735644,-0.14273417272629144,-0.11926101562499999
1623,0.081728987608894327,0.037769331500311407,0.009231527782802413,0.0055664062499999976,-0.21634942584342076,1.2875764669495651,-0.31582443748652705,-0.33443835937499999
1624,0.08243282576898861,0.037495700034399726,0.009436796404263665,0.0090468749999999959,0.13475405274073782,0.39461870362179952,-0.054571576685022952,-0.056640703125000018
1625,0.071549791031877891,0.037929214112511905,0.0070603211530668565,0.0036914062499999998,-0.031480865075876663,-0.19806586631733103,0.034982850260705418,0.01458656249999998
1626,0.085173706151325579,0.045220902834095925,0.0083900886966182271,0.0086367187499999994,0.49501558846453608,-0.10096232622742518,0.12515536208531186,0.12614214843749999
1627,0.090148094101871384,0.042234954057818561,0.010061759409251093,0.011203124999999996,0.28588252548756665,0.4482933677567893,-0.034106276876536751,-0.028646601562500019
1628,0.084187593165921337,0.042482707494924971,0.0087580259909092375,0.0089531249999999975,-0.25853539731682129,0.61626814319967915,-0.18370874350846508,-0.18240597656250007
1629,0.08164185404036528,0.040452411245655504,0.0086497829868890531,0.0061171874999999976,-0.035851766940373064,0.86609221114372748,-0.18940823539766111,-0.20573894531249998
1630,0.13213499488953534,0.024733493065987891,0.022554315382944962,0.023320312499999992,0.38517758864690632,0.15676556091000715,0.047966525824748821,0.051875976562499967
1631,0.081232540980898632,0.036012575505072475,0.0094961927499234919,0.0097499999999999965,-0.6348603645547195,1.2296354199858521,-0.39154411475352002,-0.38985843749999999
1632,0.076118205768504282,0.039879600639019686,0.0076101070771917648,0.0081914062499999964,0.23739073055619619,0.10836733339750171,0.02709491340332584,0.030066093749999964
1633,0.095305630407034464,0.026018516571700886,0.01455029390542005,0.014695312499999997,-0.036739579614532336,0.73785223187065041,-0.16266428041188838,-0.16177500000000003
1634,0.059029477092195914,0.045261667108044579,0.0028912400966717806,0.00089062499999999819,-0.9211035199337424,0.34144186646636476,-0.26513453114402252,-0.28129746093750002
1635,0.097048877884768237,0.033659202305498265,0.013311831871646694,0.011355468749999997,-0.34759210063632295,1.1192205027894326,-0.30803064671940866,-0.31993347656250004
1636,0.088875452153118095,0.029300400888630465,0.012510760765542401,0.012597656249999995,-0.37503662291308371,0.42581842562385386,-0.16817956019275687,-0.16727906249999996
1637,0.057270735153520103,0.033923788833614396,0.0049028587271801984,0.0033867187499999974,0.061735031443728161,0.6585339036420581,-0.12532776316164929,-0.13224398437500004
1638,0.061003191974464216,0.036230621167416821,0.0052022398694799524,0.0045820312499999984,-0.71174746922024623,0.62912426568646374,-0.28158306433040908,-0.285922265625
1639,0.082064884717404613,0.04663647780144764,0.0074399654523509638,0.0059999999999999984,0.066056269695526915,0.35517627400406937,-0.06071520090479391,-0.067891992187500028
1640,0.070527895395733342,0.038994866848137869,0.0066219359949950488,0.0063867187499999974,0.31791534921178266,0.21204847248259218,0.022232044113130001,0.020898398437499962
1641,0.089899952826480084,0.029072898713459944,0.012773681363734229,0.013546874999999998,-0.74531458841103848,1.093227860316015,-0.38609391423268125,-0.37967753906250001
1642,0.09295655718611695,0.044574807280378395,0.010160167480205096,0.0092343749999999978,-0.16967374213836484,0.42736194158426005,-0.12537749358175124,-0.13087933593750001
1643,0.090250099032174458,0.040751876537499218,0.010394626723881801,0.010535156249999997,0.33505394196959093,0.44333413230728269,-0.022738839970915269,-0.022332656250000017
1644,0.070290904304330659,0.025857834461104137,0.0093309446670775693,0.0090468749999999976,0.080761301975926125,0.15485768180598569,-0.015560239764312509,-0.017765273437500007
1645,0.078939646614077735,0.045942403790220271,0.0069294209930100669,0.0070664062499999989,0.59195320790888062,0.72545601648409397,-0.028035589800794802,-0.027779648437500012
1646,0.072878708048399438,0.025773824031196699,0.0098920256436125752,0.010406249999999999,-0.22346891542601477,0.26022854511046423,-0.10157646671266059,-0.098128007812500043
1647,0.076272354192253533,0.033607890532957416,0.0089595373684521838,0.0061289062499999955,-0.24823173471527427,0.32239613504590181,-0.11983185264984697,-0.13726265624999998
1648,0.055186770389315576,0.029450145389907659,0.0054046912498756624,0.0034921874999999975,-0.070002670322738325,-0.45943039971617128,0.081779823172620919,0.070455937499999982
1649,0.073979406420351307,0.048729555792789744,0.0053024686317879278,0.0041367187499999963,0.13772471229557848,0.8501977910423999,-0.14961934653683248,-0.15584097656250001
1650,0.085727177891503609,0.028347289042608484,0.012049776658267976,0.012035156249999996,0.1998752777804067,-0.01620573558446714,0.045377012806623505,0.045192539062499933
1651,0.087196765983793917,0.031386542444527696,0.011720146943245906,0.0092812499999999978,0.89605496099669923,0.13953705669873573,0.15886875990257232,0.14719230468749997
1652,0.087700754008673998,0.039940742070885049,0.01002960250693568,0.0099023437499999971,-0.3691589128877002,0.22584736594015853,-0.12495131855385033,-0.12597281250000003
1653,0.08457260741147668,0.026959042604735292,0.01209884860941569,0.0121875,-0.12881790469823695,0.1696605770714672,-0.062680481171637867,-0.062151679687500024
1654,0.08572521784898815,0.042870010506329465,0.0089995935419583239,0.0080273437499999972,0.067198902091429091,0.45048756976085719,-0.0804906202105799,-0.085665468750000001
1655,0.070544440699776334,0.04007583144810542,0.006398407942850892,0.0068906249999999992,-0.75501341952878465,0.73669787045841828,-0.31325937089731259,-0.30963808593750003
1656,0.08458910628359545,0.031154555666813813,0.011221255629524144,0.011308593749999995,-0.46303730486646466,0.44418741992097088,-0.19051719220536145,-0.18986144531250002
1657,0.076930117408755022,0.048690795401500273,0.0059302576215234971,0.0033281249999999995,0.10037989421958793,0.58291348683377309,-0.10133205444897887,-0.1176205078125
1658,0.085840625231444673,0.051465390669521147,0.00721879925800394,0.0064335937499999975,-0.34804800329273666,0.46683044047962718,-0.1711244731921964,-0.17525003906250003
1659,0.070903437504824807,0.031013513513513502,0.0083768840381753737,0.0070898437499999998,-0.28353830588703988,0.60933387387387383,-0.18750315774979187,-0.19489558593749998
1660,0.085101768685864471,0.028222161162194753,0.01194471757997064,0.012621093749999994,-0.14838889432516844,0.63373232888841691,-0.16424545687485292,-0.16097871093750002
1661,0.10448314393887395,0.046838454804605939,0.012105384718196282,0.011988281249999995,-0.047735969755457242,0.73636468317209491,-0.16466113711478594,-0.16540335937500006
1662,0.082956380007135372,0.044609238945542806,0.0080528996229344389,0.0047343749999999999,0.43790165962874628,0.20727083951114211,0.048432472224696869,0.031628554687499984
1663,0.07076327938341076,0.048406395549730002,0.0046949456050729586,0.0052499999999999969,0.075182540928514285,0.057792063947210148,0.0036520001660738685,0.0067489453124999878
1664,0.058839292044330749,0.042447441666540922,0.0034422885793358635,0.0010546875000000001,0.1607133089561511,0.82330891443292009,-0.13914507715012148,-0.15076277343750003
1665,0.098538730117677498,0.032027593407657803,0.013967338709104136,0.011003906249999997,-0.28916566087618734,0.5247652435784862,-0.17092548993548143,-0.18924679687500004
1666,0.071890358544710903,0.043311911214466051,0.0060014739393514189,0.006035156249999998,0.098679985193492525,0.75341887785174477,-0.13749516745823295,-0.13734832031250002
1667,0.084962564965639947,0.036271913088370633,0.010225036894226555,0.010101562499999999,0.2795970139828845,0.70338420013018788,-0.0889953090909337,-0.089828085937500024
1668,0.096221134609694614,0.0354522124143377,0.012761473661024951,0.011039062499999999,0.41411729204387004,0.0053339800896810008,0.08584449551037969,0.075240585937499965
1669,0.067632044056405549,0.033780127621440281,0.0071089024513427057,0.0061874999999999968,-0.15438525081354171,-0.17867330580749341,0.0051004915487298571,-0.002019375000000032
1670,0.075576895764436158,0.031576954333295035,0.0092399877005396348,0.0098671874999999992,-0.94169518872904856,0.1139835778384346,-0.22169254097917146,-0.21623402343750006
1671,0.094951923076923073,0.032896228610964348,0.013031695837851331,0.0095742187499999968,0.56474416208791212,0.53409569664462142,0.0064361777430910457,-0.008133281249999999
1672,0.075601421855291812,0.033277042670504992,0.0088881196288052317,0.0090820312500000007,0.63546152964109615,0.24929622469863266,0.081094714037917334,0.08194945312499996
1673,0.088956315282444964,0.037367329118284387,0.01083368709447372,0.0099609374999999993,-0.67634568500580305,0.67241724079665188,-0.28324021441851555,-0.29020980468750002
1674,0.10801290453938162,0.03935445232694551,0.014418274964611582,0.012058593749999997,0.1303192801421984,0.045818508898278543,0.017745161961223169,0.0013277343749999826
1675,0.085522613299494926,0.04203562578604253,0.0091322673778250034,0.0061874999999999968,0.040678596136543677,0.27484114297786499,-0.049174134836677472,-0.064040742187499985
1676,0.090604127280254992,0.03414718619342233,0.011855957628234859,0.014554687499999996,0.66089961889749615,0.1683699712587331,0.10343122600414024,0.11759320312499998
1677,0.087147682273468419,0.038124237876701619,0.010294923323321027,0.0093749999999999962,0.23076010365711619,0.36705665345066929,-0.028622275456646151,-0.033318867187500018
1678,0.077214289996830915,0.046726170008089624,0.006402505197635671,0.0066796874999999981,-0.012000829590184892,0.59988589204931841,-0.12849621154429569,-0.12703746093750001
1679,0.10632697246849176,0.027671193199276467,0.016517713646535211,0.017390624999999996,0.86357470686375848,0.46930958309147275,0.082795675992180004,0.086748867187499967
1680,0.080605435156518745,0.040475460642018513,0.0084272946480450483,0.008636718749999996,-0.22764898520811838,0.62830982146120562,-0.17975134940055804,-0.178603125
1681,0.069579568831187627,0.035510155549753036,0.0071545767891012637,0.0051796874999999985,0.16022751512127742,-0.045739508183575417,0.043253074894019097,0.032581289062499977
1682,0.084438728777821354,0.04189329116527632,0.0089345418986344575,0.009808593749999997,-0.52132212835906411,0.66908660041520274,-0.24998583304259603,-0.24393984375000005
1683,0.077197505939205241,0.039985675396249587,0.0078144844140206875,0.0053554687499999983,-0.21011044173993265,0.72659157063989777,-0.19670742259976437,-0.20769093750000001
1684,0.06807058988087375,0.046719020483302676,0.0044838295734899256,0.0068085937499999995,0.22979889188496117,0.10336294079554531,0.026551549728777327,0.035550117187499987
1685,0.10147608277513101,0.042272785367900301,0.012432692455518448,0.014332031249999997,-0.018867236811086263,0.33812518248525225,-0.074968408052231081,-0.06321597656250004
1686,0.088241843892662292,0.046224862679961856,0.0088235660546670917,0.0090820312499999972,0.21687755958549837,0.67962202582080256,-0.097176337909413879,-0.095924531250000042
1687,0.087071022758708011,0.037697294277872301,0.010368482980975499,0.011261718749999998,0.26430867550491233,1.0506207968780512,-0.16512554548835917,-0.16083949218749999
1688,0.089520828574344707,0.041887519726878986,0.0100029948579678,0.0092929687499999983,-0.12409321218365876,0.43901537947428615,-0.11825280424816843,-0.1228911328125
1689,0.088447306017656047,0.041271312278189073,0.0099069586852880646,0.0086367187499999994,0.052180079383236544,0.20743160864425036,-0.032602821144812902,-0.039705703125000005
1690,0.071867589031230444,0.035918233683002593,0.0075493646231278482,0.0059648437499999971,0.0021153555348363273,0.12354265225408567,-0.025499732311042363,-0.034750781250000001
1691,0.070657087821369619,0.042436925158150479,0.0059262341592760193,0.0067148437499999995,-0.15885977671200557,0.52022909823569463,-0.14260866373901704,-0.13755550781250003
1692,0.088434411187165801,0.031322030047428354,0.011993600039344864,0.0080624999999999968,-0.60930395442389151,0.25093381613700283,-0.1806499318177878,-0.20599570312499998
1693,0.09379409425588138,0.039967601809843087,0.011303563413668042,0.011332031249999996,-0.029942917981477191,0.41337556958619603,-0.093096882389211377,-0.092879531250000008
1694,0.079572255061912595,0.039067813688691846,0.0085059326883763567,0.0077226562499999995,-0.17533619006756507,0.5216038995390081,-0.14635741881738035,-0.15023367187500003
1695,0.097151479280075337,0.046109048270470979,0.010718910512016915,0.012187499999999995,-0.26053810022665547,0.56068637873754146,-0.17245714058248135,-0.1646433984375
1696,0.10482879360611722,0.044642512407465848,0.012639119051716786,0.010277343749999996,0.49272975614676345,0.41892808528605385,0.015498350880749016,0.0066351562499999961
1697,0.077411353665204213,0.060007616588134333,0.003654784786184675,0.0026367187499999984,0.024646596652357466,0.39895433935890212,-0.078604625968374378,-0.083353359375000019
1698,0.09082537491181894,0.029605802700880257,0.012856110164297123,0.011988281249999996,-0.33775819041044963,0.47103357009515712,-0.16984626970617742,-0.17496585937500003
1699,0.076210029460173689,0.028850601295097145,0.0099454799146660739,0.0077460937499999986,-0.29486556933613917,0.40745085568917683,-0.14748644925531634,-0.16227539062499999
1700,0.086532081746657108,0.033931898273888358,0.011046038529281437,0.010921874999999996,-0.30251076926456011,0.2188898453457836,-0.10949412906817217,-0.11038640625000001
1701,0.072666014089486669,0.040901997717447569,0.0066704434381282107,0.0055429687499999984,0.26293979657406064,0.52556661696144946,-0.055151632281351649,-0.059803593750000023
1702,0.096847769016228408,0.02948175684162542,0.014146862556666627,0.012152343749999999,-0.37423016247669794,0.36041754414190907,-0.15427601838990745,-0.17039320312500006
1703,0.087016703441364113,0.036351832178209489,0.01063962296526247,0.0099609374999999993,0.036566454729744624,0.26541388846731084,-0.048057961084888905,-0.05145878906250001
1704,0.089673900675865309,0.047345952380791673,0.0088888691419654626,0.0080156249999999984,-0.10189612458374731,0.81786773174613137,-0.19315040982927451,-0.19983046874999999
1705,0.069563277902095877,0.041626002146603822,0.0058668279086533312,0.0055781249999999998,-0.26224368537288101,0.39761221063531749,-0.13856973816172169,-0.14061867187500002
1706,0.085690012212605526,0.045542170626459239,0.0084310467330907194,0.0075820312499999968,-0.1271976242310231,0.037301025457914805,-0.034544716434676957,-0.039710039062500015
1707,0.072394544862479399,0.043479219053122173,0.0060722184199650175,0.0053320312499999991,0.45643770868671352,1.0145491972099836,-0.11720341258988672,-0.12028382812500002
1708,0.092799128370696649,0.037848444717206622,0.011539643567232905,0.011624999999999996,-0.18313414102441505,0.70285978139546579,-0.18605872370817497,-0.18574746093749997
1709,0.078040141097281579,0.042574845467870381,0.0074477120821763512,0.0080390624999999976,0.20712029818820488,-0.17546811114095595,0.080343565959123772,0.083714765624999979
1710,0.093516620902556052,0.037282505792203519,0.011809164173174031,0.011261718749999997,0.22188041684317961,0.20394528401801371,0.0037663778932848389,0.0013505859374999796
1711,0.09426244613991891,0.046920193259106444,0.0099418731049706176,0.0073710937499999983,-0.025593195807521396,-0.053395907773727158,0.0058385695129032095,-0.0075212109375000051
1712,0.082621559761067387,0.034431325896163961,0.010119949111629719,0.0099960937499999972,0.013005555997887663,0.22791380664855987,-0.045130732636641163,-0.045930234375000031
1713,0.09611342960037203,0.039518089092621791,0.01188502150662755,0.0095156249999999946,0.82284352060024113,0.55818996617204431,0.055577246429921331,0.042677812499999988
1714,0.081841834806299668,0.029593050661040149,0.010972244670504498,0.010851562499999998,0.74016802523673164,0.24277864694395201,0.10445176944148372,0.10372874999999997
1715,0.077718249795822564,0.040081859787080468,0.0079036419018358398,0.0080507812499999963,0.19606753016202161,0.74597774927636784,-0.1154811460140127,-0.11469937500000001
1716,0.10193681165733276,0.044550662110733649,0.012051091404785812,0.012304687499999998,-0.20373984883839036,0.10058298387829501,-0.063907794870503923,-0.062206992187500025
1717,0.07399701960480734,0.023651064784370304,0.010572650512291778,0.0091757812499999973,-0.51774312477018081,0.15910352399045669,-0.14213779623973385,-0.15097253906250002
1718,0.061084737988762766,0.040474787934588613,0.0043280895113765724,0.0045351562499999984,-0.39959412911363368,0.76989011884722147,-0.24559169207177958,-0.24429867187500001
1719,0.080260448213204105,0.036000089849490297,0.0092946752563798987,0.0081210937499999972,0.43208812840702604,0.06140495835200277,0.077843465711554885,0.071979257812499975
1720,0.069397476064907065,0.039994218740248638,0.0061746840381782693,0.0048632812499999978,0.95193047426105903,0.012020561548224173,0.19738108166969531,0.19241718749999998
1721,0.087282522452601069,0.028638814016172492,0.01231517877165,0.011542968749999999,0.10701709030322726,0.51921876968032854,-0.086562352669191267,-0.090743320312500042
1722,0.075165052762565993,0.050865774937552205,0.005102848343252895,0.0064921874999999971,0.0078635481529397699,-0.32681773589219454,0.070283069649478197,0.077732695312499975
1723,0.081472941827038126,0.036647464142558733,0.0094133503137406715,0.0080273437499999972,-0.096657172995461504,0.39001091702810786,-0.10220029890494957,-0.10965808593750001
1724,0.087400054310110747,0.047718211454985157,0.0083331869995763742,0.0066210937499999976,-0.31507274537609775,0.56214717909580914,-0.18421618413910043,-0.19786687500000003
1725,0.088088771270051297,0.021313425749078047,0.014022822559404383,0.01573828125,0.23546704738027258,0.56911668945525173,-0.070066424835745614,-0.062210039062500007
1726,0.065449642468500435,0.028338476585555064,0.0077933448354185276,0.0071367187499999972,-0.59113926908655423,0.79041519254874837,-0.29012643694341356,-0.29422300781249999
1727,0.087500956132054275,0.036358281381080979,0.010739961697704392,0.009925781249999998,-0.94334381537363221,0.53191263585743875,-0.3098038547585249,-0.31622308593750004
1728,0.082064487236901046,0.033991014616207058,0.010095429250345737,0.009585937499999999,-0.38891430907922686,0.7350655745819048,-0.23603577556883765,-0.23896839843750001
1729,0.10097822074566259,0.039155432834129963,0.012982785461421852,0.014015624999999997,-0.30563252122554441,0.2990523838923973,-0.12698383007476777,-0.12134355468750002
1730,0.093458555739690308,0.042235146147716673,0.010756916014314463,0.0096914062499999978,0.37065175619696944,0.055307168152644026,0.066222363489308336,0.060119882812499963
1731,0.10547861973710859,0.040635070132325826,0.01361714541700438,0.012070312499999998,-0.099992342470553774,0.92968558182585848,-0.21623236410224655,-0.225065390625
1732,0.079282097913953464,0.032473626255494825,0.0098297790482763138,0.011144531249999996,0.13692989743155037,0.87749585366273375,-0.15551885080854849,-0.14994105468750002
1733,0.082063010859971613,0.031508364830728913,0.010616475666140967,0.011378906249999998,0.54961883418396706,0.56355687081993522,-0.0029269876935533123,0.00086027343749996989
1734,0.086327936466148919,0.030870413209164865,0.01164607988396665,0.011355468749999997,0.054904384771766512,0.14024206980802345,-0.017920913857613956,-0.019493671875000017
1735,0.083309077579036217,0.027747800874735856,0.011667868107903075,0.011249999999999996,0.55792595641758558,0.33647919799498782,0.046503819268745528,0.044379492187499973
1736,0.078042039667060165,0.049420581655480966,0.0060105061824316311,0.0069140624999999975,-0.32037613937251397,0.41831098434004477,-0.15512429597963734,-0.14979667968750002
1737,0.072360019783293955,0.033102948332191337,0.008243985004731549,0.0063281249999999987,-0.098557612815861395,0.21776786544504845,-0.066428350434791061,-0.079853906250000051
1738,0.062771610768123709,0.024015423779574732,0.0081387992675952849,0.010441406249999998,0.16864643153180314,0.45967293101727091,-0.061115564891948228,-0.048933867187500008
1739,0.095015867993300085,0.035495718240415253,0.012499231448105814,0.011226562499999995,-0.081797580006237713,0.24974635905678511,-0.069624227203234787,-0.076246640625000014
1740,0.076601481152287182,0.036364864864864857,0.0084496894203586886,0.0071953124999999986,-0.39418854645395024,0.5862568918918919,-0.20589354205262683,-0.21180363281249995
1741,0.09523991095713813,0.047094325103752291,0.010110573029211025,0.0088828124999999966,0.17874737174668542,0.82533443479821078,-0.13578328324082031,-0.14171109375000002
1742,0.073344995675760666,0.036273626189216771,0.0077849875921742178,0.0085898437499999977,-0.47342504324239343,0.28655468929715688,-0.15959574383330555,-0.15365250000000003
1743,0.087631072407721056,0.032899671261258645,0.011493594240757106,0.010195312499999998,-0.23126733099172936,0.5325903209184949,-0.1604101069011471,-0.16911105468750004
1744,0.085447852254225493,0.034519488555094971,0.010694956376817409,0.0099023437499999954,0.14717658150312452,0.020188331730238374,0.026667532452306089,0.022316249999999975
1745,0.091605064128669061,0.043122092354822547,0.010181424072507767,0.0074882812499999958,0.065968942072488046,0.37291386218565292,-0.064458433223764627,-0.080159531250000027
1746,0.10433293684291303,0.023255335081235493,0.017026296369952284,0.014378906249999997,-0.094525314634333557,0.88097889647738714,-0.20485588433346133,-0.21705421875
1747,0.078482796654309239,0.032891604953913509,0.0095741502570831031,0.010042968749999997,0.2755454517601641,0.94680092043596009,-0.14096364842191716,-0.1386113671875
1748,0.057095702411812138,0.021779019566868771,0.0074165033974381072,0.0054374999999999996,-0.44438094050188559,0.35191571863496085,-0.16722229841873776,-0.17824300781250002
1749,0.073050479784605465,0.043627734805418955,0.0061787764456291668,0.0071953124999999977,-0.31710971204922389,0.26128514860519303,-0.12146292073742755,-0.11449089843749999
1750,0.074248792185222234,0.041159762150474205,0.0069486963072970861,0.0065507812499999958,-0.01685555302510866,0.82690369059904678,-0.17718944116107263,-0.18003667968750001
1751,0.08224394110339639,0.032288067554587033,0.010490733445249964,0.011003906249999997,0.29688237506356141,0.17946494494702592,0.024657660324472454,0.027064453124999978
1752,0.10199374156944653,0.046414433734050312,0.011671654645433205,0.010734374999999997,0.38956337426487975,0.54241819782689149,-0.032099512948022463,-0.037939101562500036
1753,0.07645961452944175,0.042676339032650154,0.0070944878543262348,0.0051796874999999985,-0.77872126234196348,0.28986126259296463,-0.22440233023633491,-0.24004007812500006
1754,0.088766554218559557,0.035027842885107741,0.011285129380024881,0.012468749999999997,0.33056780288225646,0.66215506479384134,-0.069633325001432822,-0.064471054687500029
1755,0.10859342855463469,0.038807397346346528,0.014655066553740513,0.015011718749999998,-1.0424839828366541,0.39140803108859101,-0.30111732292430149,-0.29814750000000001
1756,0.09350649350649351,0.036709379834762162,0.011927393871063582,0.0097499999999999965,0.050073232323232242,0.59658101662541041,-0.11476663470345741,-0.12409757812500001
1757,0.10094005399978151,0.04276673561851782,0.012216396860065374,0.012527343749999998,0.057670386508806959,1.0345521716246546,-0.20514517487432801,-0.20345531250000004
1758,0.063833611810584751,0.025886615111998509,0.0079688693067031108,0.0086015624999999998,-0.53965120762603347,0.19038740907896923,-0.15330810950805057,-0.14984015625000002
1759,0.08953245605676019,0.036102080012050758,0.01122037896938898,0.012937499999999998,-0.43348990323391057,0.051328359603719731,-0.10181183519590235,-0.088009453125000026
1760,0.079532720138454194,0.037620629647207721,0.0088015390031617596,0.0064570312499999984,-0.97784000415915495,0.29108629963613342,-0.26647452379701059,-0.28203914062499996
1761,0.066910974916282284,0.041696765424323767,0.0052949839933112888,0.004570312499999998,-0.30206242010974416,0.37842784329182677,-0.14290295531432989,-0.14654730468750002
1762,0.096215511916949409,0.04483319737781967,0.010790286053217244,0.0093398437499999983,-0.18842735429098401,0.22399366292331135,-0.086608413615002017,-0.09454945312500003
1763,0.095866819573761891,0.030811230603997458,0.013661673683650531,0.012374999999999999,-0.75818508333003098,-0.1077297898672045,-0.13659561162719355,-0.14540636718750005
1764,0.069611701919623958,0.053930094060960887,0.0032931376503192449,-0.0010546875000000016,-0.36020067341503903,0.95812742066556988,-0.27684889975692784,-0.29683359375000001
1765,0.085199283475145549,0.042708748200987787,0.008923012407573129,0.0084140624999999962,-0.26838453338265933,0.69387057764072391,-0.20207357331491047,-0.20509031249999998
1766,0.079689922480620151,0.032546654168342626,0.0099000863455782802,0.0092929687499999965,0.24656981304149561,0.4175309800268292,-0.035901845066920055,-0.039147187500000021
1767,0.063086644345958065,0.034887358485113221,0.0059218500307774173,0.0045234374999999962,0.26313614019469334,0.22959261154001975,0.0070441410174814523,-0.00055851562500000898
1768,0.072140349107766344,0.041961968680089501,0.0063374598898121364,0.0073476562500000009,-0.38316019186259798,0.40948926174496658,-0.16645638525758855,-0.15980402343750003
1769,0.077969520387578206,0.042546063651591276,0.0074389259145572553,0.007839843749999997,-0.14948594863590237,1.09200392150272,-0.2607128727291107,-0.25834265625000002
1770,0.077632479148805222,0.040776353276353275,0.0077397864332149086,0.0038789062500000004,-0.23062723357831716,0.63081438237688259,-0.18090273935059195,-0.201618984375
1771,0.10215541414963553,0.035530905966635093,0.013991146718430091,0.013968749999999997,0.94096389915613377,0.8134330102394226,0.026781486672509344,0.02641781249999994
1772,0.080409068717720328,0.047731755291401418,0.006862235819526971,0.0071249999999999977,-0.010973306283962314,0.6104445145437698,-0.13049774237382375,-0.12882820312500001
1773,0.076482009807971763,0.045166267420666192,0.0065763059013341698,0.0058828124999999974,-1.052596439385471,0.15750606261924582,-0.25412152542099053,-0.25931660156250003
1774,0.077961208395991022,0.033225137964823112,0.0093945747905452605,0.0089414062499999971,-0.21033337989859735,0.46519926117677413,-0.14186185462582801,-0.14438367187500001
1775,0.070404795596061442,0.038088132909018399,0.0067864991642790388,0.0074296874999999988,0.32558185896832237,0.34825565646882106,-0.0047614974751047255,-0.0020634375000000206
1776,0.062722363935551861,0.041037965748474819,0.0045537236192861787,0.0049570312499999988,-0.68713473512640422,0.55263446552719009,-0.26035153213725482,-0.25753335937499999
1777,0.089062750606315411,0.02753271031505157,0.012921308461165406,0.012199218749999997,0.13465867723607661,0.046398390107897036,0.018534660296917711,0.014670234374999947
1778,0.082890377387939779,0.048025761826236676,0.0073215692679576509,0.005214843749999999,0.22901260044887539,0.11266970558977951,0.024432007920410132,0.013362539062499979
1779,0.072779557835972647,0.036017922493667628,0.0077199434218840537,0.0068789062499999987,0.24275057641103825,0.027490431343026867,0.045204630464282393,0.040331015624999973
1780,0.098629148629148622,0.048605970021600525,0.0105048675075851,0.0083203124999999961,0.2499632034632035,0.62367320723410202,-0.07847910079188869,-0.087989062499999993
1781,0.086293606968418923,0.041964586862228856,0.0093090942222999132,0.0077695312499999995,-0.20157488731394124,0.67935269953425481,-0.18499479323812115,-0.19461035156249998
1782,0.087194029850746285,0.039204431721030025,0.010077815607240415,0.0067617187499999978,0.060806029850746124,0.38200296838097736,-0.067451357091348557,-0.085532578124999994
1783,0.075122736178677069,0.045383465922966368,0.0062452467536992465,0.0026249999999999984,0.26589687926037947,0.69999486391065435,-0.091160576776557728,-0.10529636718750002
1784,0.079051431536052985,0.033440463904860177,0.0095783032025504901,0.0091523437499999999,-0.01302808024737212,0.57860934689665322,-0.12424385970024532,-0.12686156250000002
1785,0.094638385179374201,0.038350584368561799,0.011820438170270604,0.010148437499999998,-0.042636333464080023,0.64316456186611315,-0.14401818801934055,-0.15636585937500005
1786,0.068359375,0.042530383794920384,0.0054240881530667187,0.0053554687499999983,-0.4149921875,0.091708309397102172,-0.10640710434839146,-0.10674480468750006
1787,0.090350176135928259,0.040420742219744288,0.010485181122398634,0.011472656249999998,0.50262051547340358,0.036388624435002459,0.097908697118064228,0.10260281249999997
1788,0.069583714636188398,0.034505921030491507,0.0073663366571963471,0.0068554687499999978,0.26457638875367506,0.43067916970680553,-0.034881584000157395,-0.037100273437500005
1789,0.093287066971277505,0.044103020928797448,0.010328649668920812,0.0074882812499999993,0.32227994741152632,0.1526947852619216,0.035612884051416993,0.020502773437500003
1790,0.072761007560220081,0.055254092019657267,0.003676452263518191,0.0063984374999999979,0.56235365364969547,0.69764455501199363,-0.028411089286082613,-0.015453632812500012
1791,0.086123151014791871,0.042149717317126176,0.0092344210765097964,0.0094335937499999967,0.15112739364751748,0.43617711243026558,-0.059860440944377098,-0.05883222656250002
1792,0.094147803483045744,0.023773115494417685,0.014778684477611891,0.012855468749999996,0.31380638618640111,0.87772744169106276,-0.11842342165597894,-0.12773460937500006
1793,0.097227542179662563,0.037897707560910932,0.012459265269937842,0.011859374999999997,0.25408910168718635,0.61894096036832669,-0.076618890323039465,-0.080492343750000042
1794,0.10107311126753346,0.043500272941824014,0.012090296048398983,0.0093046874999999987,-0.52335257148456515,0.25038936531746792,-0.16248580672842694,-0.18121171875000006
1795,0.090013100593030582,0.042593459347548712,0.0099581246615511928,0.010265624999999995,0.2702413801861871,0.51845475673625507,-0.052124809075514277,-0.051155976562500011
1796,0.076769537516629599,0.037239468193857095,0.0083013145577822255,0.0094335937499999949,-0.19055076213756117,0.24284290723494406,-0.091012670568226095,-0.085650468750000014
1797,0.10437530837856218,0.034520691552886354,0.014669469533391924,0.013605468749999995,0.33976176505887512,0.60315643309336064,-0.055312880287241961,-0.061447031250000034
1798,0.079672350060962627,0.038809025202199934,0.0085812982203401656,0.0072421874999999978,-0.39431281569932852,0.18883879050216756,-0.12246183730231418,-0.13107445312500005
1799,0.082689350489647345,0.042564467647524112,0.0084262253968458781,0.0062226562499999982,0.029961374552642916,0.23258740705584557,-0.042551466825672554,-0.05251792968750002
1800,0.076851823914552087,0.025485661714138394,0.010786894062086876,0.0091289062499999955,0.075316296050447984,0.41449945380133779,-0.071228463127686853,-0.077743945312499993
1801,0.09629237123327411,0.038610805593589356,0.012113128784333798,0.011988281249999996,0.10198930532180583,0.54479058831451599,-0.092988269428469134,-0.093516328125000006
1802,0.10069671449050281,0.033963670771745211,0.014013939180939095,0.014507812499999996,0.50154841278379614,0.14205938803744755,0.075492695196733198,0.077679257812499986
1803,0.068181590961351624,0.026305527455809607,0.0087939733361638225,0.0076992187499999986,-0.40010336713464978,0.34207820680267265,-0.1558581305268377,-0.16331929687500002
1804,0.078318275668680298,0.044087318603266742,0.0071885009837368468,0.0071718749999999986,0.28300872319775883,0.78815234891000951,-0.10608016139957265,-0.10637402343749999
1805,0.11170536017663871,0.032090028994053763,0.016719219548342837,0.016324218749999998,0.50624889935709072,0.38337050469310541,0.025804462879436916,0.023923476562499976
1806,0.07541423403810843,0.052360117067374881,0.004841364563854045,0.0048749999999999983,0.46642943269819281,0.56849088563933559,-0.02143290511763998,-0.021369140625000001
1807,0.11544779119675322,0.039057978225588694,0.016041860723944548,0.016886718749999995,-0.099720043670752934,-0.29746981756878177,0.041527452518586055,0.045859570312499986
1808,0.072670392737912148,0.026397588573951233,0.0097172888744317919,0.007183593749999999,0.28530333470872882,-0.0091953756273723819,0.061844729170581252,0.049018828124999948
1809,0.11990449569065922,0.054500447956208578,0.013734850024234635,0.012902343749999998,0.44841413347309578,1.01284622514265,-0.11853073925060638,-0.12285632812500005
1810,0.081793786689540432,0.028038476746907265,0.011288615087952964,0.011601562499999996,-0.26279619167810919,-0.60016949467887182,0.070848393630160142,0.073198007812499952
1811,0.087873931623931617,0.030801563830430215,0.011985197236635294,0.013652343749999995,-0.24998427113010457,0.49779845767829323,-0.15703437304976353,-0.14757035156250004
1812,0.075603748181371194,0.043012740931547722,0.0068441115224629288,0.0066093749999999972,-0.45148291898723147,0.74424653521792139,-0.25110318538308207,-0.2526638671875
1813,0.10415620236713324,0.047883280607935924,0.011817313569431437,0.0093281249999999979,0.22056624317677698,0.44431449969921305,-0.046987133869711574,-0.05735941406250001
1814,0.066828280169072607,0.02922831799043657,0.0078959920575135678,0.0076054687499999976,-0.084771510684041873,0.58199231940952845,-0.14002040431964977,-0.1414962890625
1815,0.088256577628783556,0.034515997403654936,0.01128552184727701,0.0094453124999999971,-0.52895951145752307,0.093953962269942126,-0.13081182948276768,-0.14517562500000003
1816,0.059170086639306868,0.051681926233099057,0.0015725136853036402,0.00093749999999999834,-0.090499316005472008,0.86147651205488995,-0.19991492389267601,-0.20377511718749999
1817,0.075837034701606132,0.039879984398039525,0.0075509805637489873,0.0054609374999999996,-0.26225729513513263,0.44432227275861425,-0.14838170925768684,-0.15847324218750003
1818,0.078130457428230021,0.040088210126554349,0.0079888719333518904,0.0084492187499999975,-0.3594575201446123,0.23352785278267363,-0.12452692831473004,-0.1217007421875
1819,0.076129002801471307,0.032047157401052379,0.0092571875340879753,0.010593749999999997,-1.0286359231852056,0.5654221359528715,-0.33475219241899618,-0.32392136718750003
1820,0.088131343283582075,0.038510494294219835,0.010420378287766071,0.0070195312499999997,-0.38811522388059716,0.4019935193579971,-0.16592283608010477,-0.18722378906250003
1821,0.098306756187779731,0.018739319190655329,0.016709161769396123,0.014847656249999999,0.3461916676888841,0.3759110499038103,-0.0062410702651345025,-0.016645078125000018
1822,0.091606505086571866,0.048840552640664697,0.0089808500136405057,0.0061640624999999985,0.17513165077546533,0.20388364774534606,-0.006037919363674954,-0.018977695312500025
1823,0.055145437700345329,0.030397437684296258,0.0051970800033703047,0.0071132812499999963,-0.24814457314988658,0.44313238722230874,-0.14516816167816102,-0.13340296874999999
1824,0.080279428105515055,0.045304432602321809,0.0073447490556705812,0.006902343749999997,-0.23919350788916005,0.26874057288121955,-0.10666615696177971,-0.10912804687500001
1825,0.059282028030777867,0.031416371927667067,0.0058517877816532679,0.004757812499999999,-0.34645825024033827,0.64805027049468023,-0.20884678935435388,-0.21433078125000002
1826,0.083846243747298682,0.038427060848706021,0.0095380284087044579,0.010148437499999998,-0.74828537256697958,0.14543693376248523,-0.18768168432918761,-0.18315937500000001
1827,0.08600011594707016,0.046315645630949462,0.0083337387663853461,0.0067734374999999982,-0.18512616490572076,1.0354713653576415,-0.25632548135530608,-0.26726074218750001
1828,0.083593749999999994,0.045547597290505601,0.0079896920689938224,0.0079218749999999984,-0.12751953124999993,-0.54226667932418482,0.087096901095578827,0.086465156249999994
1829,0.084572870083706009,0.038633475581056648,0.0096472728455563646,0.0098437499999999949,0.39180149065474146,1.0070948647532922,-0.12921160856069566,-0.12846433593750003
1830,0.086490319329185161,0.039984530736768151,0.0097662156044075726,0.0084726562499999967,0.098529387475190799,0.6684849922687478,-0.11969067700664697,-0.12764519531250001
1831,0.077521137561675224,0.03165758050933655,0.0096313469809911206,0.010476562499999998,0.0013548501866962326,0.7047909173039214,-0.14772157409461728,-0.14351613281250003
1832,0.066095518696997257,0.041200797320081334,0.0052278914891523438,0.0062929687499999991,-0.91244062509713086,0.11341901080157135,-0.21543052353872746,-0.20682093750000002
1833,0.074299656035287653,0.033959178641793694,0.0084715002526337315,0.0076289062499999968,-0.12458940350715308,0.24721719154315025,-0.0780793849605637,-0.082251093750000004
1834,0.057882832776025156,0.043609580093089489,0.0029973830634164897,0.0033281249999999978,-0.14133289124059656,0.43519809086760075,-0.12107150624272144,-0.11963085937500001
1835,0.097667959795450537,0.027266448254777073,0.014784317423541428,0.015140624999999996,0.16122281490624824,0.72938624507131866,-0.11931432033466478,-0.117865546875
1836,0.087578442229605036,0.041023020854658351,0.0097766384887388036,0.010757812499999998,0.42692100406053901,0.73601473559269459,-0.064909683621752673,-0.060187148437500004
1837,0.08984375,0.033810385998764875,0.011767006440259376,0.011695312499999994,0.22965234374999977,0.090914960721016458,0.029134850436086494,0.028561289062499978
1838,0.085391225252075625,0.049500444231722479,0.0075370640142741604,0.0062226562499999982,0.22362277679936515,1.1274400749123803,-0.18980163260373317,-0.19738675781250004
1839,0.080808325984179752,0.037850648768683839,0.0090211122152541404,0.0063984374999999979,0.29792281905440005,0.17726584035754933,0.02533796552633865,0.013400859374999984
1840,0.066972639011473961,0.034659671424183747,0.0067857231933309446,0.0075117187499999984,0.4217506120726045,0.87164225226749936,-0.094477244440927921,-0.091585195312500034
1841,0.087430534115467723,0.028967746990808466,0.012277185296178444,0.010488281249999998,-0.21068423896264277,0.27045670312012471,-0.10103959783738116,-0.11131910156250002
1842,0.090528024516236705,0.037301068206889734,0.011177660824962863,0.0102890625,-0.02260773262737914,0.66012047111170513,-0.14337292278520769,-0.14853667968749998
1843,0.069929490535497296,0.047807940405044769,0.0046455255273950306,0.002261718749999999,0.12437039803265149,0.55241171751617679,-0.089888677091540317,-0.1023459375
1844,0.071407413156772154,0.050788920008750779,0.0043298835610844884,0.0033398437499999978,0.00556212330642325,0.46115706467379525,-0.095674937687148118,-0.10095503906250002
1845,0.085354955604928978,0.038551401869158883,0.0098287462845117191,0.0090585937499999963,-0.12212355739931524,0.56760460488198083,-0.14484291407907218,-0.14940234375
1846,0.098600586913314331,0.033445322205194916,0.013682605588705076,0.012820312499999997,0.18079653388471284,0.51699038497390881,-0.070600708728731157,-0.076098750000000048
1847,0.071896571179065005,0.031021884424922888,0.0085836842183698442,0.0091523437499999999,-0.0094825983290077742,0.25502409594231712,-0.055546405796978227,-0.052799062500000001
1848,0.088681701248339045,0.026062460845069524,0.0131500404846866,0.014249999999999999,0.51269374377339016,0.5337059610972652,-0.0044125656380137575,0.00066011718749997778
1849,0.070948710381797314,0.047504628073348459,0.0049232572847742592,0.0034101562499999983,-0.1669708735283395,0.17585458775032259,-0.071993346868519034,-0.083837460937499997
1850,0.079371334983555919,0.039488410653900477,0.008375414109227642,0.0062695312499999956,0.49822909534187165,0.5144236917136642,-0.0034008652380764347,-0.015022851562500019
1851,0.085734369180893166,0.041765409483434976,0.0092334815364662204,0.0095390624999999972,-0.26887306134327449,0.59038069446798147,-0.18044328872036375,-0.17868328125000002
1852,0.075206814541775385,0.025652642231312583,0.010406376185197188,0.0076171874999999981,-0.34507360219698568,0.52611899899345493,-0.18295044624999252,-0.19888207031250005
1853,0.082612771299555632,0.042173145062155942,0.008492321509853934,0.0093281249999999979,-0.13189917754077041,0.75420564509180787,-0.18608201275284142,-0.18111925781249996
1854,0.072807477288609368,0.040267114107174748,0.0068334762681012701,0.0058828124999999983,-0.59950326112275798,0.9337151082900732,-0.32197585757669456,-0.32832234374999997
1855,0.073962608299133592,0.028547231688478114,0.0095372290882376493,0.0089062499999999975,-0.058137163702690287,0.8336784801081798,-0.1872812852002827,-0.19002246093749997
1856,0.091009270461673619,0.0439684956590011,0.0098785627085612292,0.011097656249999997,-0.095583422595883372,0.035711199926873327,-0.027571870729778906,-0.023064492187500028
1857,0.06175962681378816,0.0482933234795489,0.0028279237001902447,-0.00031640624999999979,0.085161721500818577,0.82073143732564924,-0.15446964032321445,-0.1717257421875
1858,0.064159678546471005,0.023132261707690643,0.0086157575361438758,0.0076640624999999973,-0.05671922315397171,0.091337621148596337,-0.031091937303539288,-0.036295664062500031
1859,0.08948139751327519,0.041719324995599091,0.010030035228711981,0.010910156249999999,0.51428238944918525,0.75554566614750884,-0.05066528810664795,-0.046840078125000038
1860,0.080642842165173895,0.043318320599757834,0.0078381495287373724,0.0051210937499999989,0.019467123985262069,0.4109496972978155,-0.082211340395636212,-0.094166484374999998
1861,0.096269068915847078,0.026657791597496081,0.014618368236853708,0.012550781249999999,-0.21844324722412445,0.25808990960090372,-0.10007196293325592,-0.11440078125000001
1862,0.088217723199468967,0.035482752376574639,0.011074343872807809,0.0093164062499999992,-0.70400847841173109,0.4820616652114339,-0.24907473016086462,-0.26148726562500002
1863,0.1107092901613074,0.031207824062413375,0.016695307880767743,0.014917968749999996,0.37336236128863876,0.26770669199818364,0.022187690550995572,0.011767031249999969
1864,0.076855191466502937,0.038259019772994479,0.008105196055636775,0.005507812499999998,0.7175157317166756,0.50335395651944914,0.044973972791417557,0.033917812499999991
1865,0.097545994181932549,0.051790009026299488,0.0096087568826829419,0.010406249999999997,-0.13138699976413237,0.33548255953421136,-0.098042607452652183,-0.093955195312500017
1866,0.10583789531157953,0.041479441685127572,0.01351527526155491,0.010757812499999997,0.10544994755521075,0.32237195000067642,-0.045553620513547791,-0.060317109375000018
1867,0.079492871075636545,0.032555652333985649,0.0098568159357466881,0.0087773437499999978,-0.074804571337129477,0.32591268522099959,-0.084150623877207106,-0.088979062499999997
1868,0.10416109763743556,0.034632615814931558,0.014600981182725839,0.013921874999999997,0.082284934216601546,0.72335046467759345,-0.13462376139680829,-0.13780335937500002
1869,0.0973585299175726,0.024576985436765772,0.015284124340969433,0.012585937499999998,0.19289052323276445,0.3516349441578227,-0.033336328394262232,-0.049160039062500029
1870,0.083585580627407813,0.035075435433197202,0.010187130490784228,0.010968749999999998,-0.49627997484078934,0.72178591303025319,-0.25579383645291892,-0.25140257812500005
1871,0.093346416222782919,0.0346478751445609,0.012326693626426624,0.014906249999999996,0.22014821044762156,0.20101855014905012,0.0040172286627000019,0.016948828124999996
1872,0.088488034192995862,0.02863195408981771,0.012569776821667411,0.012656249999999996,-0.013152008691850292,0.085798399137210324,-0.020779585644102729,-0.020485664062500027
1873,0.094905598131119373,0.03439206513701587,0.012707841928761735,0.010605468749999998,0.12685477470671691,0.21370155791406653,-0.018237824473543419,-0.029260195312500004
1874,0.091588375756555762,0.028851349445838864,0.013174775525250548,0.011425781249999998,0.19594334099729183,0.14801618770974956,0.010064702190383875,0.00053191406249998964
1875,0.10072022684539186,0.029260608479512562,0.015006519856834653,0.013992187499999998,-0.26010866442229708,0.29551950235439484,-0.11668191502310529,-0.12434636718750001
1876,0.077000424144033464,0.03676102557065869,0.0084502737004087027,0.0081562499999999968,0.047159149079314622,0.0438064062486756,0.00070407599443419457,-0.0013121484375000492
1877,0.089942930351735395,0.055200581710166008,0.0072958932147295713,0.0063632812499999983,-0.48926071511763325,1.0990938457708574,-0.33355445778658299,-0.33971097656250004
1878,0.087074500302846747,0.047153643022458031,0.0083833800288816308,0.0072773437499999982,-0.60491290127195652,0.77374965567547327,-0.28951913695896025,-0.29679316406250006
1879,0.088573200992555834,0.031297558500386721,0.012027884923355513,0.014191406249999998,-0.72666861042183639,0.63708922985584582,-0.28638914645831326,-0.272367890625
1880,0.076041697870173453,0.042673761681498598,0.0070072665996217193,0.0042773437499999982,0.4510909145373394,0.49910243557820355,-0.01008241941858147,-0.019916601562500018
1881,0.07951520994999256,0.045458681779565899,0.0071518709157895989,0.006703124999999999,0.072431765910026646,0.79160463295773542,-0.15102630208001883,-0.15321457031250002
1882,0.085482625482625474,0.03496397112643343,0.010608917414800328,0.012164062499999996,-0.61117893436293425,0.81952653293055189,-0.30044814813163212,-0.28978265625000005
1883,0.074188008174268461,0.049357699908860145,0.0052143647357357457,0.0035976562499999997,-0.94439095178051224,0.64205725333087227,-0.33315412307339076,-0.34696570312500002
1884,0.072890863230809788,0.038415681355407211,0.0072397881938345409,0.005238281249999999,-0.081240507472800427,0.5067379271855148,-0.12347547127824619,-0.13499285156249999
1885,0.10091636735924941,0.028873311109879174,0.015129041812367751,0.012843749999999998,0.7294261228384078,0.5062052279424194,0.046876387928157563,0.036948749999999995
1886,0.093044192122132552,0.05190295756980097,0.0086396592559896315,0.0052382812499999964,0.66027691010299483,0.69428708090658042,-0.007142135868752974,-0.02032546875000003
1887,0.090991916673917927,0.039662969194937892,0.010779078970585807,0.009761718749999997,0.21824280054610412,0.22261493267216392,-0.00091814774647255848,-0.007981171875000026
1888,0.095416076706894087,0.035734197222132003,0.012533194691800037,0.010921874999999999,0.22740543162417781,0.70446147232777245,-0.10018176854775487,-0.10867898437500001
1889,0.069015393683828696,0.043154360782482415,0.0054308169092827192,0.0039492187499999996,0.17046901992790564,0.8225941749253316,-0.13694628254945945,-0.14459824218750003
1890,0.090839792612946391,0.033513722458446082,0.012038474732445065,0.012445312499999996,0.094120863690084544,0.49231592186125739,-0.083620962215946296,-0.081446367187500021
1891,0.093578643578643594,0.043509787859243629,0.010514459701073993,0.0082617187499999991,0.49403282828282818,0.43485513317541036,0.012427315972557744,0.0036049218749999844
1892,0.086422203516290097,0.032315764875831154,0.011362352114496377,0.0081445312499999964,0.040116006007155036,0.31248748397878456,-0.057198010374042201,-0.07580367187500002
1893,0.077868725868725869,0.043910714783173863,0.0071311823279659207,0.0087070312499999969,-0.50784441698841698,0.55511296144539579,-0.22322104947110066,-0.21282234374999998
1894,0.091776779061045866,0.042876517591072569,0.010269054908694392,0.010523437499999995,-0.62728213163075675,0.75388810242004645,-0.29004574915066866,-0.28830714843749999
1895,0.079498999261457703,0.023840093376130717,0.011688370235918667,0.011554687499999999,-0.4132454861521031,0.91907925748019126,-0.27978819616278178,-0.28078136718750002
1896,0.10354488139639237,0.034617830712303427,0.014474680643658677,0.012457031249999995,0.63716042026115993,0.63982459817298809,-0.00055947736148391318,-0.0078836718750000222
1897,0.088055908053955773,0.050425582259814736,0.007902368416769617,0.0060703124999999976,0.27282495833288123,0.29930547945800712,-0.0055609094362764361,-0.016558476562500014
1898,0.092425397641322821,0.040985694582428095,0.010802337642367892,0.0066093749999999998,-0.79912221084212742,0.34474942319799418,-0.24021304314842554,-0.2676181640625
1899,0.085058915833105347,0.036655874190564305,0.010164638744933618,0.0080156249999999984,-0.39201571510215349,0.29566337592506942,-0.14441260911571679,-0.15743414062500002
1900,0.074187480150166546,0.034522124143376867,0.0083297247614258323,0.0065742187499999993,-0.087835289135728245,0.70608378690882445,-0.16672300596935605,-0.1762845703125
1901,0.082704714283661662,0.038524242477935913,0.0092778990792024077,0.0063046874999999995,0.38671954250901613,0.72260408737172699,-0.070535754421169272,-0.084204609375000017
1902,0.06922404821529915,0.036061526878400613,0.0069641294807486929,0.0050742187499999989,-0.40324790812160893,0.79326409370314122,-0.2512675203831975,-0.26227968750000002
1903,0.090452080666078599,0.032143647593307761,0.012244770945281876,0.013078124999999998,-0.26924817290170588,-0.30640184701016149,0.0078022715627756763,0.012899999999999991
1904,0.064010135847834743,0.028836851933882274,0.0073863896219300181,0.0079687499999999984,0.1193258508274011,0.4147214860483075,-0.06203308339639034,-0.059455312499999982
1905,0.079742596234350371,0.042226090153511781,0.0078784662769761041,0.0073710937499999974,-0.022096565353686759,1.0110825714937586,-0.21696761873796352,-0.21936457031250001
1906,0.064678481161464768,0.026926789396211279,0.0079278552707032317,0.0083203124999999978,-0.70321401281373064,-0.056117052090568942,-0.13589036175186395,-0.13352589843749998
1907,0.084502024155280159,0.03475902844072061,0.010446029100057505,0.0080039062499999963,0.050511500254145969,0.81487189076634836,-0.1605156820075625,-0.17006636718749998
1908,0.093077975376196997,0.036779085453365945,0.01182276688379452,0.011203124999999998,-0.76686493388052923,0.31574360972227844,-0.22734779415658959,-0.23165179687500001
1909,0.079823410275276702,0.04231653546106233,0.0078764437109850177,0.0070195312499999989,0.044030645295871418,0.59318017388033129,-0.11532140100273656,-0.11983429687500002
1910,0.082654295776275949,0.028969270059142724,0.011273855400597978,0.012539062499999998,0.33957449890958413,0.33725997562595122,0.00048604988956291059,0.0066003515624999667
1911,0.086671985179946426,0.031325654654739993,0.01162272941029335,0.011882812499999998,0.45296458579834586,0.42343655757907539,0.0062008859260467997,0.0070683984375000007
1912,0.069330811979005869,0.039671645275173431,0.0062284250078048116,0.0044179687499999983,-0.39008123649274484,0.56049117648502333,-0.19962020672533132,-0.21352019531249999
1913,0.071826460683010906,0.046436128674710947,0.0053319697217429915,0.0045351562499999958,-0.30882085015171845,0.64463155276217354,-0.20022500461191731,-0.20466492187500004
1914,0.062875696546882548,0.039462948177377041,0.0049166771575961561,0.0046406249999999981,-0.31651788717768692,1.4459905231433077,-0.3701267661674088,-0.37230937500000005
1915,0.078120375929685515,0.041698363555948678,0.0076486225984847356,0.0072656249999999978,0.11329741654904169,0.46457781709174895,-0.073768884113968522,-0.076071210937500022
1916,0.091681522385031244,0.038296499213498009,0.011210854866021979,0.0096093749999999964,-0.39351442816354343,0.37369855441819744,-0.16111472634216559,-0.17213425781250002
1917,0.064497144180302585,0.022556137755586445,0.0088076113491903883,0.0070195312499999989,0.19245378589070694,0.46911707139826575,-0.058099289956587349,-0.064862578125000014
1918,0.083482883944117375,0.039352188051566969,0.0092674461374355841,0.010089843749999996,0.023061478435677518,0.54796994485197459,-0.11023077794742238,-0.10700882812500005
1919,0.10795337242774231,0.028158743571202238,0.016756872059873414,0.014847656249999997,-0.3328007948278926,0.75450852252979328,-0.228334956645114,-0.24044964843750002
1920,0.10515831411197316,0.040905949912622377,0.013492996481863664,0.010816406249999997,-0.15358886259473403,0.23700984930167235,-0.082025729498245339,-0.098523867187500044
1921,0.08403166186061814,0.038177788571614316,0.0096293133906908031,0.0082851562499999983,-0.20031151419558368,0.71955682794382314,-0.19317235184927542,-0.20055445312500006
1922,0.076706742600014061,0.04651149669193963,0.00634100164069563,0.0076171874999999981,0.15664035642787633,-0.016468450260886836,0.036352849404640265,0.041733867187500009
1923,0.073497642484607911,0.055468491743598261,0.0037861216556120264,7.0312499999999886e-05,-0.14381799528377781,0.8912791882493647,-0.21737040854195991,-0.23863628906250001
1924,0.084420337116106497,0.031249071590537983,0.011165965760369387,0.0095742187499999968,0.16216357232923184,-0.085365497787291966,0.051981104724469998,0.042836249999999972
1925,0.086419214489758284,0.037213282212684426,0.01033324577818551,0.0092695312499999974,0.12304341819563325,0.46441961184900948,-0.071689000667209013,-0.077518125000000035
1926,0.096288809099960793,0.038166065033253233,0.012205776254008587,0.010593749999999997,-0.84244947651087709,0.6458997609989624,-0.31255333987706629,-0.32364667968749999
1927,0.091802625948101152,0.049317603500398433,0.0089218547140175707,0.006855468749999997,0.20118963406400647,0.86371091348659657,-0.1391294686787439,-0.14841539062500003
1928,0.079741181184250609,0.041108450919464107,0.0081128733556051647,0.0052851562499999982,-0.41439543114360056,-0.035785894192292278,-0.079508002759774737,-0.096954257812500041
1929,0.083611491108071118,0.037736017659212417,0.0096338494242603264,0.0090234374999999985,-0.21673771089831262,0.13401383687888702,-0.073657825033211916,-0.077758710937500017
1930,0.074733720335232012,0.030798697472643924,0.0092263548011434979,0.0081445312499999981,0.0058528356659787173,0.33034243577478795,-0.068142816022849939,-0.074598867187500029
1931,0.081170149253731366,0.032835751683440273,0.010150223489761129,0.0068203124999999983,0.080360955223880537,0.75648983365513178,-0.14198706447056275,-0.15870691406250001
1932,0.083961729452892764,0.033716458794028514,0.010551506838361492,0.0061992187499999981,0.11115512775682379,-0.086940596517150137,0.041600102097534522,0.018167695312499975
1933,0.079992116273139374,0.034179842942135705,0.0096205773995107699,0.012140624999999999,-0.056766460782662342,0.031670735033031194,-0.018571811121295641,-0.0032411718750000418
1934,0.071359416648794388,0.025196043819177422,0.0096943082942195623,0.010183593749999997,0.30496035417751777,0.70884084990773977,-0.084814904103346619,-0.082330664062500017
1935,0.074920041502809814,0.042739375771468871,0.0067579398035815981,0.0059648437499999997,-0.86088272723380488,0.49974333702798701,-0.28573147349497624,-0.29238515625000006
1936,0.0670464331422016,0.036515617084337454,0.0064114713721514704,0.004828125,-0.58511804245172605,0.53971292530534254,-0.23621450322898438,-0.24632718750000002
1937,0.10151823438929886,0.0232620279245013,0.016433803357607486,0.015937499999999997,0.54485883681535863,0.12366446450772317,0.088450818184603444,0.085348710937499947
1938,0.089681378031826381,0.036573173695003278,0.011152722910732851,0.011449218749999997,-0.22872298442587069,0.59792542126532489,-0.17359616519515106,-0.17214386718750002
1939,0.068367597307551431,0.04946920995053472,0.003968661344973509,0.0024492187499999974,-0.10959415653090399,0.52748054849948778,-0.13378568805638227,-0.14203382812500001
1940,0.073431093898440353,0.036710850905249351,0.0077112510285701104,0.0055195312499999984,-0.013744738284836466,0.51037580437929342,-0.11006531395946727,-0.12190101562500001
1941,0.06858360938139052,0.041324583718778909,0.0057243953891484376,0.0034687499999999979,-0.42967181203993876,0.032984649629972385,-0.09715785695068134,-0.11210449218750003
1942,0.08082099236455717,0.036358399730504032,0.0093371444531511593,0.0086484374999999999,0.0051496104514680008,0.046364341617399552,-0.0086550935448456261,-0.012970429687500014
1943,0.085544019690075135,0.033273039734597179,0.01097690579065037,0.0080976562499999964,0.03960179527155816,0.65660208960046706,-0.12957006180907085,-0.1418562890625
1944,0.070707785309066795,0.024491397425628725,0.0097054414555219938,0.0095273437499999985,0.24005973123991409,0.11749974673632213,0.02573759674575431,0.024635156249999967
1945,0.074885566964789457,0.028498483501333285,0.0097412875273257954,0.010335937499999996,-0.083411919678557211,0.10764097177532461,-0.040121107205315185,-0.036939140625000026
1946,0.074717446740014876,0.042432287757863327,0.0067798833862518252,0.0071015624999999959,0.13385090417349244,0.6937123286627197,-0.11757089914273772,-0.11570531250000002
1947,0.08807815432504712,0.032386298935415697,0.011695289631822599,0.011999999999999997,-0.72540980436019309,1.2363608060283104,-0.41197182818158573,-0.41013082031250003
1948,0.059941702307401507,0.031120465903074601,0.0060524596449086495,0.0072070312499999982,0.29475406353635725,0.29193586671847538,0.0005918213317551923,0.0039742968749999852
1949,0.049457364341085275,0.030725802195756741,0.0039336280505189924,0.003281249999999999,-0.075117555859553042,0.56309722992096067,-0.13402510501390788,-0.13682179687500004
1950,0.066469903750568327,0.041478346632231017,0.0052482269948508345,0.0065390624999999971,-0.4259044903557917,0.57336518878042819,-0.20984663261860617,-0.20235539062500002
1951,0.083823286567673433,0.028416635873811338,0.011635396645711039,0.011074218749999996,-0.075081610552030997,0.21802284919772252,-0.061551936547448234,-0.064442929687500025
1952,0.1004004840802718,0.029905304796759513,0.014803987649537579,0.014085937499999994,-0.39421126750295232,0.25184763841619606,-0.13567237024302115,-0.14111519531250002
1953,0.0847602686185015,0.039730403670237169,0.0094562716391355089,0.0058124999999999974,0.24024171912982184,0.29791279667595338,-0.012110926284687623,-0.030908789062500032
1954,0.088524260135082911,0.037502509545274884,0.010714567623859686,0.0097265624999999991,-0.26244212194813588,0.74555115241019887,-0.21167858761525027,-0.21825808593750001
1955,0.08399027126057676,0.033853089331388933,0.010528808205129444,0.010347656249999997,-0.42175919296349651,1.172479684604919,-0.33479016428936725,-0.33592628906250005
1956,0.087890625,0.031460273093813371,0.011850373900299192,0.011777343749999995,0.42160156249999992,0.59762110582835515,-0.036964104098954599,-0.037260820312500033
1957,0.086482651700043017,0.031878013504273925,0.01146697402111151,0.011027343749999998,0.039722160591725841,0.49876941736501956,-0.096399923922391675,-0.098526093749999988
1958,0.099236147492739846,0.044322591145542226,0.0115318468329115,0.012632812499999995,-0.15910930381039246,0.52622797765057383,-0.14392082910680293,-0.13701328125000001
1959,0.076918345997069815,0.035449407833308758,0.0087084770143898219,0.0083203124999999978,-0.43127762872498354,-0.00053596736940386691,-0.090455748884671727,-0.093793242187500001
1960,0.076486729790995578,0.044398261407488857,0.0067385783605364109,0.0048749999999999965,0.30580418442716317,0.18113040905433331,0.026181492828294271,0.015050156249999986
1961,0.057746761281109532,0.033554102450887635,0.0050804583543465984,0.005238281249999999,-0.42046103756375963,0.69093023275372678,-0.23339216676667213,-0.2320944140625
1962,0.10668764810063239,0.032515285792540566,0.015576196084699283,0.016136718749999997,0.0090244614410956991,0.50845944934583109,-0.10488134745999443,-0.10135582031250003
1963,0.065485418973791065,0.045182287785818898,0.0042636575494741551,0.0052851562499999973,-1.2450869324473977,0.16511104062811999,-0.29614157434585869,-0.28816335937499998
1964,0.078629527995103227,0.044293957323740071,0.0072104698409862621,0.0082851562499999965,0.26321194874624509,0.3057983544147248,-0.0089431451903807385,-0.0037176562500000187
1965,0.083934411574077522,0.031632908737842913,0.010983315595609267,0.007359374999999997,-0.09501308937577746,0.41872167434243068,-0.10788430038082371,-0.13173644531250001
1966,0.073848036016827712,0.026320227772864052,0.0099808397312323681,0.0097968749999999966,-0.5411937953671393,0.80641390586807882,-0.28299761725939582,-0.28411277343750002
1967,0.071284271284271283,0.037687129146007609,0.007055399849035371,0.0048164062499999969,-0.39002561327561314,0.8110038674425466,-0.25221619095081349,-0.26612671874999999
1968,0.068044004866431834,0.042025733973472271,0.0054638368875215082,0.00336328125,0.36816685098297353,0.72117617481017493,-0.074131958003712292,-0.083236640625000011
1969,0.076643545471212216,0.024398310780620297,0.010971499285024302,0.010124999999999997,0.30202035863147458,0.26553276598228759,0.007662394456329269,0.0033759374999999814
1970,0.055939333127508484,0.035391485001584358,0.0043150481064440664,0.0025078124999999983,0.060352442883606305,0.44027793512278479,-0.079784353370227476,-0.088882617187499985
1971,0.07421789302794965,0.041296606199931279,0.0069134702338838573,0.0066328124999999981,-0.17711892852441757,0.59886541315049446,-0.16295671175173151,-0.16482433593750001
1972,0.081750399218290276,0.030871868250061246,0.010684491503328095,0.0085546874999999981,-0.79511742493071602,0.26651378744480414,-0.2229425545988592,-0.23856175781250002
1973,0.095493872346673919,0.043693075475119664,0.010878167343026393,0.012785156249999999,0.23169813489232427,0.53211404299436194,-0.063087340701427908,-0.055170820312500007
1974,0.091800393823449344,0.039786691960605011,0.01092287739119731,0.012023437499999994,0.29544756471056188,0.24491414578371096,0.010612017974638694,0.014130117187499996
1975,0.074558129168894344,0.019727750749422568,0.011514379468089073,0.011132812499999999,-0.55278804570880169,0.16077847560076663,-0.14984896947500934,-0.15246210937500002
1976,0.08486558247593759,0.047970064557518177,0.0077480587628680764,0.0060234374999999993,0.5649837673113477,0.26418341650519828,0.063168073669291377,0.055885664062499972
1977,0.069771146391971545,0.045969435382786694,0.0049983593119288187,0.004113281249999998,-0.16098394156154472,0.43407588978054268,-0.12496256458183835,-0.13062351562500005
1978,0.082209997001714136,0.039205503548959963,0.0090309436250783758,0.0094453124999999988,-0.49222570507953722,0.82098872287860702,-0.27577502987121033,-0.2735112890625
1979,0.088113806616701651,0.043452438027017121,0.0093788874038337518,0.0076640624999999973,0.05889736719952432,-0.169648580050199,0.047994648922441895,0.039804023437499954
1980,0.09082444673775944,0.045664165166715967,0.0094836591299191295,0.0096796874999999956,-0.50370856553147569,0.4542646433271571,-0.20117437386031287,-0.1998833203125
1981,0.071767249035988856,0.036885658865909263,0.0073251339357167143,0.006539062499999998,-1.1447695437150478,0.41379200569312524,-0.32729792537571634,-0.33362039062500004
1982,0.08988345886107757,0.038896647288709896,0.010707230430197211,0.0090234374999999985,0.13803014959800242,-0.28550256839119659,0.088941870777731788,0.078753515624999992
1983,0.099036313100929391,0.044711912888372077,0.011408124044637036,0.011496093749999999,0.64958809038082133,0.40683479673833867,0.050978191664921353,0.051226640624999986
1984,0.090884413571449885,0.037856115513691876,0.011135942592129182,0.0094804687500000002,-0.44374646322340489,0.49451964240390323,-0.19703588218173468,-0.20570871093750001
1985,0.079830236800066151,0.045399323393965949,0.0072304918152810427,0.0044062499999999996,0.12951283427411486,0.38826732184774804,-0.054338442390462961,-0.067852734375000001
1986,0.081657496166930355,0.050292525861939774,0.0065866437640480216,0.0064101562499999966,-0.067257790858936906,0.41507666915917429,-0.10129023660380335,-0.10269234375000004
1987,0.099762184964499789,0.027210332023426764,0.015235889117625336,0.013617187499999996,0.36146336081934671,0.72770732519242631,-0.076911232518346709,-0.084201445312500012
1988,0.086519269364771251,0.039127067854818079,0.0099523623170901659,0.0098320312499999979,-0.097631146168228433,0.69463957038001389,-0.16637685047513087,-0.16697167968750001
1989,0.09256146633668319,0.02853121266465436,0.013446353271126053,0.013277343749999995,0.29042213166243613,0.36349581664529157,-0.015345473846399641,-0.016100390625000013
1990,0.097667975063495727,0.04381136742135501,0.01130988760484955,0.011343749999999996,-0.52341414607865777,0.54835239577167838,-0.22507097378857058,-0.22485867187500003
1991,0.09485679238302927,0.031313950716517699,0.013343996749967429,0.012855468749999996,0.10475036020950546,0.51995866422320658,-0.08719374384287723,-0.090245039062500004
1992,0.096645021645021645,0.030767016315047691,0.013834381119294531,0.011753906249999996,0.18106601731601701,0.57936383815526027,-0.08364254237624108,-0.099311953125000033
1993,0.11674220615785466,0.038700976327229547,0.016388658264431272,0.015585937499999996,0.54210524494585566,0.4958442174222919,0.0097148157799483888,0.0060404296874999909
1994,0.054694407003203022,0.042297531759848309,0.0026033438011044898,0.00097265624999999631,0.21896165775323562,0.57937784403352421,-0.075687399118860604,-0.084088710937500005
1995,0.11043186700470284,0.042130665024831745,0.014343252415772929,0.013019531249999996,0.30501630508408978,0.6580761665159981,-0.074142570900700741,-0.079315195312500017
1996,0.071504681584257185,0.040271077738882249,0.0065590568075287363,0.0051210937499999989,-0.22814219320320117,0.24588141058870105,-0.099544956796299461,-0.1075209375
1997,0.083988469601677135,0.028013507602597451,0.011754742019806733,0.010828124999999997,0.23611547868623339,-0.098876579274184362,0.070348332171687719,0.06488097656249997
1998,0.073706103163905662,0.047246155024804296,0.0055565891092112865,0.0040195312499999988,-0.47774135107323501,1.0639948054733073,-0.32376459287477383,-0.33332191406250006
1999,0.08280861516340654,0.049989760058274005,0.0068919595720778326,0.0042773437499999982,-0.21174034688314425,0.16970197949759402,-0.080102888539955036,-0.0953152734375
2000,0.077733235627972491,0.045605783569912114,0.0067467649321926787,0.0038437499999999986,-0.44146227567280194,0.68448914420141427,-0.23644979817358538,-0.25712109375000003
2001,0.077732332061586279,0.044328715433970795,0.0070147594917992512,0.0070546874999999976,-0.0033785408260125216,0.65559165873921321,-0.1383837419086974,-0.13821292968750004
2002,0.066216826629037884,0.045668903803131974,0.0043150637934402407,0.0052617187499999964,0.10483411892369254,0.55026411633109629,-0.093540299455554782,-0.088320820312499992
2003,0.080959993887706611,0.048323938856223519,0.0068535715566114489,0.0058828124999999983,-1.0259753731576335,0.43912540884206197,-0.30767116421993607,-0.31600253906250003
2004,0.089459260392952128,0.041376868551682142,0.010097302286666696,0.0071132812499999963,0.1165324702033631,0.36939983429991741,-0.053102146460276403,-0.069099023437500018
2005,0.098742958215115084,0.049235235596080035,0.010396621749997359,0.012761718749999994,-0.30883372867251857,0.6029471661613266,-0.19147398791510747,-0.17642742187500002
2006,0.081906186945974735,0.051851539659171747,0.0063114759302286272,0.004910156249999997,-0.27708762384093955,0.094155105437150999,-0.077960973148399018,-0.088622226562500045
2007,0.07968184761272934,0.027246495275108279,0.011011423990900422,0.0088828124999999966,0.03420141471232252,0.20081671369304732,-0.034989212785952205,-0.046996757812500005
2008,0.055283052913384673,0.049511689641999021,0.0012119862869909867,0.0019218749999999991,0.15588745640878343,0.73800155330132511,-0.12224396034743375,-0.1192996875
2009,0.071893690794653714,0.018645528899728758,0.011182113997934241,0.011320312499999999,-0.44244561788741144,0.6895052024417766,-0.23770967226912945,-0.2368519921875
2010,0.096668675295591117,0.028497908035516661,0.014315861124615635,0.013230468749999997,0.56859494134530864,0.43396969595311874,0.028271301532359877,0.022963007812499985
2011,0.080127412737132975,0.03882647795960488,0.0086731963032808997,0.0082734374999999995,-0.24381702960988239,0.31275691188756205,-0.11688052771446333,-0.11939625
2012,0.10411934072411524,0.044101857219228685,0.012603671536026177,0.011203124999999996,-0.38992450520302002,0.718912723047062,-0.23285581793251722,-0.24153058593749999
2013,0.076824468128815965,0.050502393951724595,0.0055276355771891874,0.005074218749999998,0.098389663607054811,0.055706134308904254,0.0089635411526116163,0.005785664062499969
2014,0.061509099288928143,0.039359203742076118,0.0046514780648389247,0.0025312499999999988,-0.0044942352517871598,0.39742973512978375,-0.084404033780129881,-0.09496289062499999
2015,0.10110967492300857,0.034691283697906222,0.013947862157271493,0.015996093749999996,-0.66344099680066626,0.36960696367650026,-0.21694007170020496,-0.200968125
2016,0.084097536643388843,0.038747672070749264,0.0095234715602543103,0.006796875,-0.32886635714833823,0.96400405811081646,-0.2715027872044225,-0.29124339843750008
2017,0.08241730307619119,0.035312746963035713,0.0098919567837626506,0.0086367187499999994,0.10322914737465172,0.14536501548491509,-0.0088485323031553091,-0.017236640625000028
2018,0.083269692374376397,0.03971209867303338,0.009147094677282034,0.0083203124999999978,-0.085391759173707615,0.011080771629365826,-0.020259231468645424,-0.023952539062500014
2019,0.067800221005119427,0.038940785616572202,0.0060604814315949173,0.0077109374999999982,0.1023021490108027,0.71389908149306225,-0.12843535582127449,-0.11775281250000001
2020,0.096357535817303941,0.036469907241473254,0.012576402000924443,0.013078124999999998,0.22760059694740298,0.33877631682699894,-0.023346901174715152,-0.020634726562500018
2021,0.11182581314801021,0.054081469354141209,0.01212631219671249,0.011601562499999996,-0.13645272439138434,0.56036726211507792,-0.14633219716635706,-0.14952105468749999
2022,0.073535114014287195,0.044925536284960335,0.0060080113231586402,0.0081796874999999995,-0.70600483945535619,-0.13979025392161626,-0.11890506296208538,-0.10214050781249996
2023,0.075335734145566186,0.038449063836060754,0.0077462007649961402,0.0073593749999999979,0.20935344916826093,0.31369924812030092,-0.021912617779928398,-0.024586757812500016
2024,0.088902258436968584,0.0549834972845165,0.0071229398420149378,0.0074179687499999983,-0.1809723265655605,0.34006727737025366,-0.10941831682652096,-0.10778519531250005
2025,0.073392405807323813,0.042651504127874884,0.0064555893526842744,0.0068203124999999974,0.06432727913948133,0.57212156570967332,-0.10663680017974031,-0.10444160156250003
2026,0.098774369999853742,0.03812256998905926,0.012736878002266841,0.012468749999999997,0.35491612186096855,0.86880942313826015,-0.10791759326823123,-0.10920878906249999
2027,0.088670458468065066,0.018949398843231838,0.014641422521214977,0.014460937499999998,0.042129381500514151,0.30607275786998989,-0.0554281090375899,-0.056610937500000028
2028,0.086473765199287955,0.038099689954506841,0.010158555801404033,0.008460937499999998,-0.52948737289925485,0.79482695193626596,-0.27810600821545939,-0.29231964843749997
2029,0.086916612302851221,0.033873020051774824,0.011139154372726043,0.011871093749999999,0.12977363674738107,0.74017713759190662,-0.12818473517735035,-0.12493593750000002
2030,0.063801472512604263,0.032807364050234322,0.0065087627770976869,0.0079921874999999958,0.3404153478082671,0.62576261190103588,-0.059922925459481441,-0.054356250000000009
2031,0.10629576730372486,0.032552497703380423,0.015486086616072332,0.014039062499999994,0.31292874470062804,0.63343749182998421,-0.067306836897164796,-0.074521054687500018
2032,0.065085030442998126,0.030761097723549083,0.0072080258710842992,0.0061289062499999981,-0.33477237508100421,0.24729590934993206,-0.12223433973049662,-0.12839414062500001
2033,0.087666272024514241,0.037054060711646464,0.010628564375702233,0.012433593749999996,-0.99753808296770918,0.8539394338315881,-0.38881027852785238,-0.37346226562500007
2034,0.09793266548378729,0.032504504504504497,0.013739913805649385,0.012597656249999999,0.059848645526406119,-0.032468468468468403,0.019386593938923648,0.013001953124999997
2035,0.076067026364437129,0.035321296477664216,0.0085566032762223118,0.0064101562499999975,0.31902333364108404,0.81271485904850582,-0.10367522033555857,-0.11517421875000002
2036,0.086960957661850469,0.041243670806358171,0.0096006302396533828,0.0088242187499999961,0.042765120149541147,0.033584464821019067,0.0019279376189896369,-0.0030092578125000282
2037,0.061628577995784417,0.028027725797747441,0.0070561789615877649,0.0072187500000000012,-0.52103184190063545,0.68774485818212416,-0.2538431070173795,-0.25301308593749999
2038,0.084177607233150126,0.048970222883266371,0.0073935507134755881,0.0085312499999999972,0.048353318005662116,0.82096143183099701,-0.16224770390332033,-0.157414921875
2039,0.074105804240736761,0.037613080228201659,0.0076634720426323709,0.0047226562499999986,-0.01990070607154526,0.43082929832850192,-0.094653300924009906,-0.1160354296875
2040,0.082410082955311964,0.02998047021341331,0.011010218675798718,0.010828124999999997,-0.73404683114611535,0.53963480752718163,-0.26747314412139234,-0.26898585937500002
2041,0.075964450213843959,0.045105920456383883,0.0064802912490666154,0.0064687499999999962,0.25290110666431798,0.85129440185217486,-0.12566259198944993,-0.12588644531250001
2042,0.090018457349346215,0.042708815601996922,0.0099350247669433515,0.010031249999999999,-0.84749611894586874,0.91685889671285681,-0.37051455328833233,-0.36990093749999997
2043,0.086190115248784421,0.034072726971430864,0.010944651538244247,0.011554687499999999,0.19010259537526331,0.20108084086375877,-0.0023054315525840472,0.00056648437499997152
2044,0.076881175714394651,0.044368971060866888,0.0068275629772408296,0.0056249999999999981,-0.32583944322791281,0.15534937598267806,-0.10104965203422407,-0.10789734375
2045,0.085246552743457799,0.034410660755220784,0.010675537317529772,0.0098554687500000005,0.54067067666159274,-0.25575323702042974,0.16724902187322471,0.16146457031249994
2046,0.074609375000000006,0.047736180960769606,0.0056433707482383836,0.005578124999999998,-0.2084453125000002,0.52645337457799146,-0.15432872428637825,-0.15484371093749999
2047,0.098275964893851153,0.044468468468468483,0.01129957424933036,0.010101562499999996,0.34067406263973032,-0.065913018018017855,0.08538328693812712,0.079230468749999977
2048,0.060154482092749595,0.03856877058748262,0.0045329994161060648,0.0028593749999999991,0.17161267839362759,-0.24963896073883074,0.08846284421781625,0.078587695312499983
2049,0.08071443469164058,0.034337812178400082,0.0097390907277805049,0.006902343749999997,-0.090035761832360728,0.090250105086170596,-0.037860032052891575,-0.054967031250000027
2050,0.084516970937939723,0.031540200185026859,0.011125121858111701,0.010570312499999996,0.49627128380874996,0.76077805678652066,-0.055546422325331843,-0.057753750000000006
2051,0.089361279888201112,0.036249399084602466,0.011153494968755714,0.0070898437499999963,0.15484146374794849,0.14943461469324615,0.0011354383014874924,-0.019874414062500012
2052,0.082759187939076079,0.046573263926034961,0.0075990440427386348,0.0061640624999999985,-0.33644314509105688,0.088441027485355539,-0.089225676241046603,-0.098857500000000015
2053,0.075118384080621825,0.04196731356106187,0.0069617248091075907,0.0093867187499999966,0.28341979797276218,0.76110015868754899,-0.10031287575010522,-0.088749960937499997
2054,0.082679530147137137,0.03588100545507851,0.009827690185332312,0.0068320312499999987,-0.11145390792233567,0.50398543915536631,-0.12924226288631741,-0.1472581640625
2055,0.090759976969751716,0.04150517799090532,0.010343507785557742,0.0093749999999999979,-0.44810959439051568,0.9361603934786934,-0.2906966974525339,-0.29749933593750005
2056,0.092194162658930268,0.034039387166419716,0.012212502853427216,0.011718749999999998,0.074147301349325456,0.73590010051490073,-0.1389680878247708,-0.14181632812499997
2057,0.079133220129669668,0.036459776269785471,0.0089614232105756815,0.0071367187499999981,-0.83109553488731103,0.36554692513256604,-0.25129491660417419,-0.26473441406250003
2058,0.10422110249524788,0.034877425192833128,0.014562172233507097,0.012902343749999996,0.033012702531454607,0.25825763670094104,-0.047301436175592147,-0.05880281250000003
2059,0.068739744833721,0.044215765947320906,0.0051500355661440195,0.0054023437499999983,-0.1754307567502088,0.087815313986031707,-0.055281674854610503,-0.053790820312500022
2060,0.094130676876801406,0.02161679154179573,0.015227915920351191,0.015046874999999998,-0.86668253157022301,-0.12312528781557841,-0.15614702118847537,-0.1574621484375
2061,0.091967325939755651,0.043270873177909244,0.010226255079987746,0.010535156249999997,-0.49326942573744759,0.076153208502686698,-0.1195787531904282,-0.11732250000000002
2062,0.097537770547053287,0.02865788168270525,0.014464776661513088,0.013441406249999996,-0.13812885296569011,0.40285643645471247,-0.11360691077828454,-0.11878945312500001
2063,0.088229910083781976,0.03372689832372594,0.011445632469611767,0.010417968749999998,0.51204915508820081,-0.26879028556915407,0.16397628253804453,0.15904792968750001
2064,0.09189778222265238,0.030677624825946451,0.012856233053308245,0.0096914062499999978,0.64773401010133613,0.64522052542789621,0.00052783178142238425,-0.016609218750000015
2065,0.070159132805800467,0.037337859612741123,0.0068924673705424624,0.0053554687499999983,-0.14194278069648947,-0.09250484902143663,-0.010381965651761095,-0.021023906250000054
2066,0.081261680811299364,0.034081078327404174,0.0099079265216179893,0.010371093749999996,0.70876895738227286,0.54181066458436011,0.035061241487561672,0.036549492187499977
2067,0.099758024734777712,0.03781693418644369,0.013007629015150145,0.012035156249999996,-0.030078195515165218,0.41578119556087334,-0.093630472125968089,-0.09947566406250001
2068,0.085696252342060575,0.040540814503882458,0.009482641946017405,0.0072539062499999973,-0.034549939289939102,0.11769960816083946,-0.031972404964663498,-0.046250390625000061
2069,0.068338490762584636,0.023368480378310338,0.0094437021806976027,0.0099140624999999975,0.62613983271546303,0.62084029213905156,0.0011129035210464078,0.0030303515624999821
2070,0.055401281066403185,0.021900222792520935,0.007035222237515272,0.0051914062499999972,-0.63410148456395532,0.38173467384867033,-0.21332559326665138,-0.22602375
2071,0.071319083461681809,0.035517050133611186,0.0075184269988948305,0.0079218749999999966,-0.0053797211134758438,0.44539522024839928,-0.094662737685993772,-0.09236261718750001
2072,0.094230143844800607,0.038387494572140191,0.011726956347258687,0.0099492187499999971,-0.40904448558764117,0.77738565609622023,-0.2491503297536109,-0.26069343750000007
2073,0.078215278736368854,0.031934181905053288,0.0097190303345762678,0.011003906249999997,0.22350949498136496,0.3536457653141768,-0.027328616769890485,-0.021008671875000006
2074,0.10039062499999998,0.039509355089901776,0.012785066681120623,0.012714843749999996,0.47802343749999998,-0.034197817150364962,0.10756646347657664,0.10691097656249998
2075,0.092934052454292343,0.045418060467485588,0.0099783583172294178,0.0094921874999999972,-0.17864222921007034,0.44047682412690203,-0.1300150012007642,-0.13357289062500002
2076,0.074582893356967633,0.028316083363885053,0.0097160300985473409,0.0079570312499999997,-0.0079870843750253773,0.56282032770241675,-0.11986955653626284,-0.12831175781249995
2077,0.072168855708641566,0.036596376149691121,0.0074702207073795929,0.0063749999999999987,-0.34555491327903665,0.27957506091947393,-0.13127729458168721,-0.13863410156250003
2078,0.085621742989130029,0.027857257122260504,0.012130542032042601,0.011273437499999997,0.10819594784231312,0.20887046520559682,-0.021141648646289576,-0.025487812500000043
2079,0.084018759018759021,0.034793086089900407,0.010337391315060309,0.0082031249999999986,0.2700479797979799,0.84066513221562533,-0.11982960200770554,-0.12951773437500003
2080,0.083498928718125198,0.025725963009989958,0.012132322798708401,0.013453125,-0.0065256978134009547,-0.12197807110135683,0.024244998390470732,0.032096718749999982
2081,0.070496483207394739,0.041551846927742581,0.0060783736187269531,0.0047929687499999986,0.41235859396057301,0.27345961420567733,0.029168785748528093,0.023257851562499994
2082,0.060692224727914496,0.040020703995543375,0.0043410193537979352,0.0030585937499999984,0.012019406405130439,0.62208494934295899,-0.12811376401694399,-0.13641117187500001
2083,0.083470480793013557,0.041423425121598759,0.008829881690997108,0.0049218749999999992,-0.11950959873665778,0.42608675348571173,-0.11457523396669758,-0.13214554687500002
2084,0.076143564483439813,0.054372131947748537,0.004572000832495168,0.0046171874999999998,-0.40958294392951511,0.77106821427607919,-0.2479367432231748,-0.24775171875000004
2085,0.10380990604410725,0.046359913377919254,0.012064498459899479,0.0097968749999999983,-0.34195620879140698,0.70827464371467486,-0.22054847902627717,-0.23484117187499998
2086,0.07672373631493129,0.036115256249235242,0.0085277808137961698,0.0075820312499999985,0.19823899371069165,-0.15455560634424148,0.074086866011535954,0.067967578124999983
2087,0.10836309365172431,0.046609956299235228,0.012968158844022706,0.012644531249999995,-0.54665363558141133,0.43919870550859619,-0.20702899162890157,-0.20935734375000004
2088,0.06127621597501115,0.025133515429557052,0.0075899671145453606,0.0036679687499999976,-0.02784533690316815,0.95879342406871992,-0.20719413980409648,-0.22711101562500002
2089,0.077585282104257247,0.035348102901061482,0.0088698076326711103,0.0056367187499999985,0.44467927940472929,0.28118716565178026,0.034333343888119296,0.021342421875
2090,0.087924948200445108,0.041779771458033119,0.0096904871159065181,0.0071484375000000003,-0.48176065727879658,0.57744716793522222,-0.22243364329494392,-0.2393351953125
2091,0.090428591222492027,0.026876892287165804,0.013345856776418506,0.0123515625,-0.70480088810167496,0.54719388949358039,-0.26291890329500361,-0.26974957031250002
2092,0.083513567370267938,0.02574727702871249,0.012130920971726643,0.011437499999999996,0.043683773104383428,0.80317849908353045,-0.15949389245562087,-0.16299574218750001
2093,0.080761758515633053,0.028328767347261488,0.011010928145358027,0.011601562499999996,0.099834200882103374,0.70177928489754138,-0.12640846764324198,-0.12328792968750001
2094,0.073631730536208667,0.023356157895296117,0.010557870254591635,0.0081796874999999977,0.15859757278623254,0.99289968097461578,-0.17520344271956048,-0.18945527343750002
2095,0.090870801116953975,0.044221484900588234,0.0097963564054368048,0.0065507812499999976,-0.2055745717327484,1.0782247703762708,-0.26959786184289403,-0.28804945312500002
2096,0.052724387233292203,0.038806220699030475,0.0029228149721949627,0.0032812499999999981,0.27692183918180224,0.44103806963947911,-0.034464408396112138,-0.033241406250000022
2097,0.071196078614039732,0.037161841480778363,0.0071471897979848873,0.0048398437499999995,-0.25548038089926106,0.29463336497389647,-0.11552388663336308,-0.1302005859375
2098,0.090752900350423577,0.036647538951854311,0.011362125893699546,0.010628906249999997,0.030004799490646383,0.77925568997933869,-0.15734268700262538,-0.16161140625000001
2099,0.077126329018095602,0.027944071588366898,0.010328274060243028,0.011285156249999999,-0.40535441968759445,0.38759413870246096,-0.16651919726191164,-0.15935589843749998
2100,0.10410829322210546,0.041028854030218082,0.013246682230296349,0.011636718749999999,0.16772343490752861,0.14540526362320882,0.0046868159697071553,-0.0031796484375000134
2101,0.086320074551188078,0.032091982005970784,0.01138789943449563,0.010007812499999998,0.10375331026372114,-0.21676208348654746,0.06730823268755641,0.060068437499999981
2102,0.084189997233475478,0.036433363569018135,0.010028893069536042,0.009585937499999999,0.0041384010949230277,0.19151241711494027,-0.039348543364203618,-0.041990507812500015
2103,0.055712567213067249,0.033004896477306547,0.0047686108545097472,0.0030703124999999988,-0.35209114164383959,0.34809957521620427,-0.1470400505406092,-0.15707320312500003
2104,0.083523602187649343,0.036953451540999299,0.009779731635796509,0.0088828124999999983,-0.29052887408879557,0.88234739572118737,-0.24630401666009638,-0.251244140625
2105,0.078359295750600078,0.040292738649765847,0.0079939769911751887,0.0075468749999999972,0.016679011026837109,0.4539696244835798,-0.091831028825915956,-0.094297617187500016
2106,0.086419455088555641,0.044205351297576384,0.0088649617961056443,0.0071953124999999977,-0.14809558579488868,0.92723826380614338,-0.22582010841621672,-0.23416253906249998
2107,0.082421875000000006,0.034315957354711088,0.010102242705510672,0.010031249999999997,0.1590859375,0.33204143496983929,-0.036320654468666252,-0.0369301171875
2108,0.09096862454865548,0.051078973535927996,0.0083768267126727719,0.0054374999999999988,-0.032132499046849894,0.47928925086392438,-0.1073985674812626,-0.12764730468750007
2109,0.080086580086580067,0.032919104237465427,0.0099051699283140733,0.0076054687499999976,-0.55247871572871565,0.53031101331107278,-0.22738584309835558,-0.24245249999999999
2110,0.095287969592418087,0.035675463167723243,0.012518626349185916,0.012140624999999995,-0.6332457791942866,0.12526846528084923,-0.15928799133977853,-0.16224867187500003
2111,0.082356179950040492,0.023905500653156983,0.012274642652345536,0.011261718749999998,-0.14306052170970807,0.083786606725671509,-0.047637896971429707,-0.052825546875000039
2112,0.061261873993969485,0.031761865567294337,0.0061950017696017811,0.0046640624999999981,-0.026753542360969274,0.39950209558084415,-0.08951368396778081,-0.10027628906250001
2113,0.091357286199444276,0.034700539685381823,0.011897916767953114,0.010113281249999996,0.46934132834208087,0.30901273120901485,0.03366900539794386,0.023325468749999984
2114,0.10734588409007015,0.035509224172576806,0.015085698582673602,0.016101562499999996,-0.14724529346622384,0.048076949122346169,-0.041017670943599698,-0.034154882812500016
2115,0.082705991037031218,0.041620971410227373,0.0086278541216288068,0.0094335937499999984,0.77819212398773474,0.54633146870387628,0.048690737609610277,0.052388554687499964
2116,0.071729629917442833,0.029469286374795678,0.0088746721439559029,0.010218749999999999,0.3420917009883917,0.45030973810981745,-0.022725787795499407,-0.017821757812499995
2117,0.061744502858897127,0.027672264114280698,0.0071551701363694493,0.0079218749999999984,0.70909738669941258,0.031334659044610302,0.14233017280750848,0.14550316406249997
2118,0.072543575822111767,0.039316925686575341,0.0069775965284626495,0.0054609374999999979,-0.42354127208403691,0.66440966143554925,-0.2284696960391131,-0.23702308593750002
2119,0.076475551887574517,0.047394957983193264,0.0061069247199200625,0.0076406249999999998,-0.85895433826750855,0.70787183896814554,-0.32903349721948733,-0.31675335937500004
2120,0.10346812746322823,0.037016759549206787,0.013954787261944502,0.014214843749999994,-0.66155423965857085,0.44614066950423215,-0.23261593092418861,-0.23050804687500004
2121,0.06844684206067464,0.02702345265385292,0.0086989117754325603,0.0078749999999999966,-0.79740714930535639,-0.11396604277401323,-0.14352263237158205,-0.14874410156249995
2122,0.096112013235699623,0.036073989545561916,0.012607984974928918,0.013066406249999996,0.23045963417996873,-0.12467368263275347,0.074577996530671653,0.076812890624999963
2123,0.097718218036943139,0.05085138199695112,0.0098420355683983239,0.011132812499999999,-0.05662860357409838,0.53544243390947377,-0.12433491787155014,-0.11565070312500002
2124,0.06255998866254539,0.033894025619682785,0.006019852239001147,0.0066679687499999994,0.36032220334350629,1.0035241160609296,-0.1350724016706589,-0.13258347656250005
2125,0.073046874999999983,0.042207325325545358,0.0064763054316354712,0.0064101562499999975,0.26368359375000011,0.51262216034102148,-0.052277098984114485,-0.052734023437499979
2126,0.053885400278910117,0.04683800312906472,0.0014799534014675333,-0.0023085937499999986,-0.59974059214352538,0.75324432383072715,-0.28412683235459302,-0.30677402343749999
2127,0.087049007963550667,0.043390683177156275,0.0091682482051428215,0.0086835937499999977,-0.42730663077552133,0.22681374113022446,-0.1373652781002066,-0.14146675781250004
2128,0.067664744273825767,0.038586216311334798,0.0061064908721231029,0.0045351562499999975,-0.0087867690479549454,0.57008313171820291,-0.12156267916089314,-0.12960691406249999
2129,0.093966971508980007,0.027137709792543985,0.014034144960451564,0.012421874999999995,0.0795772633251427,0.3899277386249228,-0.065173599812953814,-0.075308203125000028
2130,0.08113824725654209,0.035051892577276575,0.0096781344826457581,0.006996093749999998,-0.026270527971759994,0.3932657931907847,-0.088102627444134385,-0.10232976562500003
2131,0.055295907732421129,0.047742183782707406,0.0015862820294398818,0.0002929687499999989,-0.13943166178238242,1.0411510687162144,-0.24792237340470535,-0.25347890624999997
2132,0.069950458044502783,0.0432407388929128,0.0056090410218338962,0.0067734374999999965,-0.051959524111526822,0.66850955546607715,-0.15129850671129683,-0.1452289453125
2133,0.099514602288037407,0.030402922382000749,0.014513452780267697,0.016535156249999995,-0.32646457490758318,0.52984389847951963,-0.17982477941129157,-0.16607859375000003
2134,0.097961290997000988,0.043773292187315557,0.011379479750033941,0.010710937499999997,-0.15372947699907524,1.0872119975492263,-0.26059770965514328,-0.26492296874999999
2135,0.098856643374665071,0.045444376322856708,0.011216576080879755,0.010207031249999998,-0.10330520142219946,0.700094489443705,-0.16871393508183993,-0.17464933593750004
2136,0.092177379172894869,0.033896400410491787,0.012239005540104647,0.0091171874999999968,-0.26380217798855071,0.73208573983074277,-0.20913646274205161,-0.22464562499999999
2137,0.10059901957521847,0.038916559466086145,0.012953316622917788,0.012937499999999998,-0.68447156923834074,0.86474955902471806,-0.32533643693524233,-0.32535281249999998
2138,0.094077568134171896,0.047654101858350215,0.0097489279179225532,0.008847656249999997,-0.17368084672723039,-0.37362377585593354,0.041988015117027662,0.035615390624999944
2139,0.073351098686123745,0.045177858674147517,0.005916380402515008,0.003644531249999998,-0.61835130769617119,0.58768189991548125,-0.25326697359844702,-0.26658128906250006
2140,0.084376011745661256,0.041727483123221651,0.0089561910107123169,0.0069140625000000001,0.11871636486842596,0.86670080290139939,-0.15707673198692443,-0.16955320312500008
2141,0.10193743168486821,0.03551985120698252,0.013947691900355995,0.014320312499999996,-0.11903818725903059,-0.065169834680649519,-0.011312354041460025,-0.0093746484375000355
2142,0.095695646007658508,0.042422432945760868,0.011187374742998505,0.011332031249999999,0.30165354388470189,0.49446453466776008,-0.040490308064442218,-0.039624609375000015
2143,0.10762825352411326,0.048897556266172829,0.012333446424167491,0.012421874999999995,0.47672111498155645,0.55632723027947362,-0.016717284212562605,-0.01659832031249998
2144,0.087895313593766594,0.040802907962476098,0.0098894051825710039,0.0099257812499999962,-0.30642534624871265,0.91369065830683738,-0.25622436095666551,-0.25612593750000001
2145,0.088670346684780715,0.036706016278031148,0.010912509385417409,0.0094687499999999963,-0.053991238301518973,0.16358798294145749,-0.045691636461025052,-0.053965781250000011
2146,0.086110247210443691,0.028896619703542598,0.01201486177644923,0.011144531249999999,-0.0074616137327337961,0.55598287093566923,-0.11832334178036463,-0.12378667968750001
2147,0.086589945487583281,0.041663366274205679,0.0094345816348092963,0.0083203124999999996,-0.23230526953361585,0.68210130766475252,-0.19202538121165735,-0.20030578125000001
2148,0.08554484478049959,0.041590582329104259,0.0092303951147930195,0.0090585937499999998,-0.19342323309820586,0.37937572313444845,-0.12028778080885739,-0.12161589843750002
2149,0.086738058734495666,0.033837067607716473,0.01110920813662363,0.011355468749999997,-0.50572964169779666,0.56444567342461904,-0.22473681617570726,-0.22288066406250007
2150,0.076584881577081265,0.037230503984356941,0.0082644192944721084,0.0084023437499999992,-0.12438776109038097,0.15162166200598515,-0.057961978850236878,-0.057402187500000007
2151,0.073998574921105176,0.036435140356981352,0.0078883212584660023,0.0073359374999999978,-0.1467864318864901,0.11851846132821953,-0.055714027575089017,-0.059246250000000035
2152,0.086902231596320212,0.035766378070447552,0.010738529240433259,0.0090820312499999972,0.076045442659203655,0.71481033306071773,-0.13414062698431795,-0.1442712890625
2153,0.089673382373314986,0.041878669452473483,0.010036889713376716,0.0084257812499999984,0.29823980955479801,0.81583687874162369,-0.10869538452923339,-0.11768144531250005
2154,0.099157777607244257,0.040379548990560774,0.012343428009503532,0.0097265624999999974,0.0062927825953495997,1.0202865624974014,-0.21293869377943087,-0.22779351562500005
2155,0.080078125,0.029289811668357993,0.010665545799644821,0.010593749999999997,-0.84421484374999989,0.81401644153284136,-0.3482285699093966,-0.34877554687499995
2156,0.10715377334306167,0.041721955151713286,0.01374068182018316,0.014917968749999996,0.19789128591429861,0.13749916386207683,0.012682345630966572,0.019209257812499984
2157,0.062101204677976807,0.03359262242888722,0.0059868022723088129,0.0060234374999999975,0.19175266535460478,-0.022575277529109039,0.045008868005579898,0.045016757812499975
2158,0.09882328988230446,0.034167764558283603,0.013577660318044379,0.014144531249999997,-0.010953669952068035,0.1753124426242092,-0.039115883641018215,-0.03528562500000005
2159,0.073501438206881348,0.045335683742819557,0.0059148084374529755,0.0015937500000000005,0.027155230344209635,0.68644790211782147,-0.13845146107245848,-0.16488773437500001
2160,0.092336104552139697,0.028581655480984347,0.013388434304942623,0.014343749999999997,0.66904799301624573,0.39028536912751666,0.058540151016633103,0.06288339843749996
2161,0.08862158348207877,0.043087997224791855,0.0095620531140302514,0.0074999999999999954,0.30492664750807386,0.98181349734042556,-0.14214623846479385,-0.15324281249999999
2162,0.091203867234474906,0.03656050275108888,0.011475106541511066,0.011460937499999999,-0.71228216047594284,0.35022457932607354,-0.22312641535842345,-0.22319988281250006
2163,0.073691232834629861,0.03102373309671759,0.0089601749449615773,0.0078632812499999961,-0.081336356274420707,0.46891761242043539,-0.11555333342591978,-0.12041039062499997
2164,0.056362669231333845,0.024545754403574302,0.0066815521138295034,0.0050742187499999989,-0.49656495393174294,0.7943506256776397,-0.27109227171797035,-0.28043332031249996
2165,0.095029126589382812,0.036714761771408283,0.01224601661177465,0.010863281249999997,0.25884954810241723,0.16702987137926917,0.01928213211186109,0.01339898437499997
2166,0.085182138833435145,0.025075146337604798,0.012622468424124372,0.010406249999999999,0.41450330403392943,0.57091037810473033,-0.032845485554868187,-0.043000078125000021
2167,0.0829813899900049,0.044174993906897372,0.0081493431774525803,0.0086718749999999973,0.35616812547297411,0.31936089625955189,0.0077295181348186661,0.0095753906249999819
2168,0.067448442597041053,0.047462654608660601,0.0041970154775598945,0.0034218749999999987,-0.16062642278755712,0.35056521903418392,-0.10735024478256562,-0.11304796875000001
2169,0.092724223159005775,0.052866799038599602,0.0083700590652852954,0.0079453124999999993,0.098235788235788268,0.10346408151187114,-0.0010979415879774034,-0.0033551953125000099
2170,0.099920090441417447,0.034474053570703891,0.013743667742849847,0.014437499999999997,0.23322527130584003,0.71469087204575388,-0.1011077761553819,-0.097657500000000008
2171,0.081574493908548151,0.032317049178484908,0.01034406339331328,0.0096562499999999982,0.78261092349819594,-0.083101420436979545,0.18179959222638684,0.17825882812499994
2172,0.082817487804788648,0.028409775746126173,0.011425619532319119,0.011460937499999999,0.42999554705280874,0.30777113643421683,0.025667126229904299,0.025612031249999986
2173,0.075011679122364283,0.037881286713060638,0.0077973824059537648,0.0076171874999999981,-0.19209725933994382,0.4890313647912361,-0.14303701106754776,-0.14416207031250003
2174,0.074553308267022916,0.040602142040062211,0.0071297449076617482,0.0054726562499999966,-0.39120475847391489,0.62403555873108663,-0.21320046661305031,-0.22213042968750002
2175,0.084196607299022674,0.0356223135491094,0.010200601687481787,0.0099609374999999993,-0.49055471035907416,0.42778865587135262,-0.19285210690838961,-0.19455972656250001
2176,0.098401415763532396,0.033241311697665823,0.013683621853831979,0.013406249999999995,-0.23780787006566917,0.02693202849794285,-0.055595378698358525,-0.057776718750000011
2177,0.09318815196144839,0.019118216790601425,0.015554686385877863,0.014144531249999997,0.17266837297516968,-0.047814165288002197,0.046301333035266096,0.038636367187499944
2178,0.082607061659541597,0.03086905507989389,0.010864981381726018,0.010851562499999997,-0.34268606593336803,0.57702643652704699,-0.19313962551668715,-0.19316917968749997
2179,0.072784010332975824,0.051131150134472406,0.0045471006416857177,0.0022499999999999985,-0.20929780902085882,0.8131649264356906,-0.21471717444587538,-0.22781882812500001
2180,0.08294930875576037,0.028554930847279558,0.01142281936078097,0.012058593749999997,0.00080294700200089775,0.6826271360465932,-0.14318307969936439,-0.14017066406249998
2181,0.081018560148946955,0.035311329107088452,0.0095985185187902854,0.0093749999999999979,0.29190941315862717,0.26103732172564265,0.0064831392009267507,0.0054400781249999853
2182,0.091608760463249644,0.031433936430493276,0.012636713046878837,0.012832031249999997,0.24347506019951848,0.75867946410332254,-0.10819292481979885,-0.1076169140625
2183,0.060642475613727292,0.022358282005921201,0.0080396806576392785,0.0073007812499999965,-0.32728199376916756,0.24666236302921907,-0.12052831492766118,-0.12392800781249999
2184,0.089577872186567847,0.046463155118050631,0.0090540905843886146,0.008624999999999999,0.54782840608927574,0.65392177016490594,-0.022279606455882339,-0.024253828125000019
2185,0.082701480552255985,0.040337035410572042,0.0088965334797536273,0.010230468749999999,-0.32329618075985123,0.83682399894395032,-0.24362523773779834,-0.23525953125000001
2186,0.069304990894702684,0.027715945883441256,0.0087336994523649,0.006562499999999998,-0.46144725924682017,0.095577879278445854,-0.11697527909030586,-0.12884003906249999
2187,0.090399386132860499,0.050130546999189299,0.0084564562180709513,0.0048515624999999991,-0.13560614165133233,0.51568283207098553,-0.13677068448168675,-0.16070484375000008
2188,0.070506200940983532,0.036414152637256489,0.0071593301437826787,0.0067148437499999995,-0.17812482595091295,0.11079657960032707,-0.060673495165760399,-0.063443320312500037
2189,0.083217558569426447,0.035536668399242785,0.010012986935738568,0.0098320312499999979,0.12521067551067955,0.49578170753205908,-0.077819916724489693,-0.078843632812500009
2190,0.076055951936768507,0.038372937151400152,0.0079134331049273542,0.0075585937499999976,-0.037659186610521922,0.32305653786441263,-0.075750302139736256,-0.077148984374999993
2191,0.06685222425434445,0.033134829608177666,0.0070806528756950241,0.0076289062499999968,-0.09684324061890548,0.76998954316067159,-0.18203488459371117,-0.1785990234375
2192,0.067196130339575777,0.039548832657663957,0.0058059325132014819,0.0044765624999999988,0.52893798593180874,0.44794448362470196,0.017008635484492423,0.011725312499999987
2193,0.084099001186840744,0.042942103293743858,0.0086429485575503454,0.0075820312499999976,-0.042721247601163359,0.32047077650648936,-0.076270325062607072,-0.082552500000000001
2194,0.090815226533566135,0.028517710478326644,0.013082478371600292,0.013066406249999996,0.042858960671575907,0.5178499725912068,-0.099748112503122488,-0.09988476562500001
2195,0.081104246453856776,0.0257672170226588,0.011620776180551575,0.013511718749999995,0.58468259355228691,0.25684336072815506,0.068846238893067693,0.078568593749999971
2196,0.076475459106872562,0.033148149785558439,0.0090987349574759655,0.0060468749999999958,0.33742632894564373,-0.34513965396885204,0.14333885641204411,0.12830449218750001
2197,0.070096653617858107,0.033518018018018014,0.0076815134759664191,0.0063984374999999961,-0.11555081845425064,0.43313518018018016,-0.11522405971323046,-0.12199160156249998
2198,0.06309457459689044,0.045484949832775901,0.003698021200464053,0.003574218749999998,-0.35519592419828816,0.6681948441112433,-0.21491206134500163,-0.21584472656250001
2199,0.079101968268234735,0.039563689710472041,0.0083030384971301656,0.0082851562499999983,-0.35468309296938894,0.1125187345776455,-0.09811238378487723,-0.09842554687500002
2200,0.081697704366776147,0.03035499323078919,0.010781969338557261,0.0095273437499999985,0.42798682038448016,0.95713015314480454,-0.1111200998796681,-0.11692242187500002
2201,0.11207400467203076,0.042297539149888153,0.014653057759649946,0.015562499999999996,-0.18731044897188598,0.60173268456375828,-0.16569905804248528,-0.16043226562500001
2202,0.072764678778630493,0.044113978386317351,0.0060166470823857596,0.0080039062499999963,0.44112846129836158,0.62193362855870127,-0.037969085124671335,-0.027662460937499987
2203,0.064873731434081372,0.039924431228779048,0.005239353043113488,0.0063281249999999978,-0.38215779660829097,0.31455962760310596,-0.14631065908439336,-0.140351484375
2204,0.090321721747084582,0.047287333634751919,0.0090372215035898588,0.0096796874999999956,0.26965413094698731,0.56653714289681156,-0.062345432509463089,-0.058579921875000024
2205,0.11474607536799306,0.031239170155358265,0.017536450094653305,0.015574218749999997,0.41251455031434714,0.54014472679836678,-0.026802337061644123,-0.035831718749999998
2206,0.080460530182801387,0.037970801104636492,0.0089228431064146269,0.0092812499999999961,-0.30529301122670915,0.24215952827424658,-0.11496503329520071,-0.11313738281250002
2207,0.089543429053464546,0.040119649666301119,0.010378993671304319,0.008226562499999996,0.48602196272197684,0.78974747841812576,-0.063782358296191277,-0.07604625000000001
2208,0.054994421726964282,0.034823972323972316,0.0042357943746283129,0.00030468750000000043,0.11058499701966373,-0.0047396469271470121,0.024218175228830255,0.0016133203124999885
2209,0.10230179340089944,0.03638297598880734,0.013842951656539341,0.013675781249999996,0.029329118278100919,0.64152383409048663,-0.128560890320601,-0.12967675781249999
2210,0.090948743072875399,0.033421929993025123,0.012080630746768557,0.014027343749999997,-0.039262578177493568,0.26773284672086406,-0.064469039228655101,-0.053887617187500007
2211,0.083041759857838765,0.037740574154473239,0.0095132489977067594,0.010007812499999998,0.10563623272771849,0.4738413442146957,-0.077323073412265214,-0.074763632812500008
2212,0.085118800405004441,0.047248371358470348,0.0079527900997721588,0.0061992187499999973,-0.35050022937585323,0.96580011844665647,-0.27642307304272701,-0.28561605468750001
2213,0.087324524379289697,0.038142698940041117,0.010328183342242201,0.0079921874999999958,-0.18224942368356289,0.25956581237146015,-0.09278119957155484,-0.1047716015625
2214,0.093001290119392399,0.016389811738648952,0.016088410459956123,0.013921874999999997,-0.61877922490059634,0.079466856510046258,-0.14663167709623495,-0.16284023437500003
2215,0.076875901875901875,0.051488658350901634,0.0053313211402500503,0.003082031249999998,-0.76086904761904783,0.51915353223236937,-0.26880474176879765,-0.28527773437500004
2216,0.06488774015385948,0.049450090891493201,0.0032419063450969186,0.0030585937499999988,0.27351566588074017,0.37546107824155484,-0.021408536595771081,-0.022329492187500022
2217,0.099242883101150814,0.028972913925370533,0.014756693526913858,0.013617187499999996,0.31635190793458495,0.45804722772944451,-0.029756017156920504,-0.033899062500000028
2218,0.081703725492332208,0.031743216842478481,0.010491706816469283,0.0092929687499999983,0.10186497950053197,0.82165665078125139,-0.15115625096895108,-0.1573621875
2219,0.094428281495256089,0.03746747452842146,0.011961769463035272,0.010874999999999999,-0.32022625705178731,0.34149965248375636,-0.13896244100246416,-0.14723531249999999
2220,0.072478749329620895,0.026671878053546996,0.0096194429679755181,0.011179687499999997,0.3591130618101116,0.51534645299980475,-0.032809012149835559,-0.025876875000000018
2221,0.095861475553389641,0.028825973204531077,0.014077455493260298,0.013746093749999995,-0.17598445102682619,0.17038518486573506,-0.072737623537437859,-0.07459160156250004
2222,0.060908254627949854,0.033941428509812827,0.0056630334848087752,0.0057070312499999994,-0.18781023115010664,0.58293923219250743,-0.16185738730194896,-0.16171101562500007
2223,0.058636410029598879,0.024528203554911351,0.0071627233596843806,0.0064335937499999975,0.15806748205354992,-0.44755203985949743,0.12718009960173993,0.12173484374999996
2224,0.07892098326622668,0.02482578966772872,0.011359990655684571,0.011179687499999997,-0.10890511429683147,0.061078815151414445,-0.035696625184131643,-0.036745429687500018
2225,0.1016082336083412,0.04460881814932402,0.011969877246393607,0.012105468749999999,0.050806170804825745,-0.0030774598235248085,0.011315562431953616,0.012088007812499982
2226,0.088043044564783679,0.037435702359529338,0.010627541863103411,0.010195312499999996,0.025367769715595623,0.18228200591786592,-0.032951989602476764,-0.035185195312500001
2227,0.10410732714138288,0.03444777783433503,0.014628505354480048,0.014824218749999998,0.54525430569888778,0.57202539986290213,-0.0056219297744430135,-0.0047602734375000464
2228,0.093145920741429411,0.034624530919447269,0.012289491862616249,0.010277343749999996,0.15258247872099584,0.082061349173755072,0.014809437204920561,0.003954492187499996
2229,0.10988854467115336,0.042291012586867682,0.014195481737699992,0.013769531249999996,0.382496528148702,0.33402069522901567,0.010179924913134127,0.0083112890624999786
2230,0.10392903110756305,0.0431850883397914,0.012756227981232045,0.013945312499999996,-0.45468452161507644,0.29522462103360747,-0.15748091995622363,-0.150898828125
2231,0.095160019319250611,0.045603923509650493,0.010406780120016024,0.0091992187499999982,0.35789465561256906,0.43368187987594031,-0.015915317095307965,-0.021163359375000013
2232,0.082089819115824941,0.039416231608922644,0.0089614533764494821,0.0066796874999999981,0.022916634486306764,1.1668276380319571,-0.24022131074458655,-0.2535984375
2233,0.097659871793402298,0.029671739561508995,0.014277507768697593,0.016148437499999994,-1.2503539544204572,-0.066435986348262865,-0.2486227732951608,-0.233806875
2234,0.10028338851654392,0.04540990990990991,0.011523430507393143,0.010335937499999996,0.43742652287648554,0.50259756756756768,-0.013685919385127251,-0.01963582031250001
2235,0.066860058306405679,0.038368697964847348,0.0059831856717272496,0.0038906249999999987,-0.30615115425556394,-0.09292676052266402,-0.044777122683908981,-0.059942929687500028
2236,0.084807382395825331,0.037752151911466039,0.009881598401715451,0.0071718749999999968,-0.092281914281329147,0.56807083715959206,-0.13867407780259344,-0.15029718750000001
2237,0.090936820589987533,0.051434182856516075,0.008295553924029005,0.0077343749999999982,0.18337181391012014,0.93771903385056332,-0.15841291618749306,-0.16118636718750001
2238,0.092635944825310124,0.030562074040334897,0.013035512864844797,0.014121093749999996,-0.21790228055549066,0.33693447171708035,-0.1165157179772399,-0.10950597656250004
2239,0.072596939067650801,0.038067719624750002,0.0072511360830091673,0.0061406249999999994,-0.081070126598155268,0.3297604378141803,-0.086274418526590471,-0.093351093750000017
2240,0.082179269004191952,0.044845971188568853,0.0078399925412808505,0.0051679687500000007,-0.22868477570023726,0.65086281301176585,-0.18470499362952064,-0.19967472656250002
2241,0.089284621504191919,0.041073890023821807,0.010124253610877723,0.0075351562499999993,-0.60982287425710147,0.10631207843525348,-0.15038834006539453,-0.16755714843750003
2242,0.09020137024306929,0.02999550857901688,0.012643230949451006,0.013535156249999996,0.53360275486511854,0.77197553372828875,-0.050058283561265744,-0.046406015625000012
2243,0.087449962422492589,0.030528088859539587,0.01195359344822013,0.011156249999999996,0.42269720906571029,0.16415357856832291,0.054294162404451347,0.049575117187499948
2244,0.094720803874457138,0.034975305013548189,0.01254655476079088,0.013066406249999996,-0.21828478768000614,0.45279353521813304,-0.14092644780860922,-0.13828664062500004
2245,0.063488482641378685,0.031681484169463842,0.0066794696791021169,0.0031757812499999976,-0.18050030750555268,0.089067472557380012,-0.056609233813215865,-0.072805898437500058
2246,0.08547542569987443,0.028399079833006727,0.011986032632042218,0.0082851562499999983,-0.79381149448394539,0.30844788844395199,-0.23147447041485847,-0.26535105468750009
2247,0.071705576956523354,0.036644827448088405,0.007362757396771339,0.0087070312499999969,-1.0334440509626739,-0.2330656085461823,-0.16807947290746322,-0.15537503906250003
2248,0.079862219853308103,0.04689045432231323,0.0069240707615089228,0.0060703124999999993,-0.28961842135616556,0.40031118599156601,-0.14488521754302364,-0.14975449218750003
2249,0.077336514533466738,0.036781962995819664,0.008516455822905885,0.0085546874999999963,-0.35448206543450145,0.46496157776785541,-0.17208316507249494,-0.17201953125
2250,0.10431998529366709,0.033746741985043766,0.014820381094810899,0.015281249999999994,-0.1516058702778883,0.071082028124917596,-0.04676445866458924,-0.04383855468750001
2251,0.10100886440408988,0.026936936043539764,0.015555104955715522,0.014132812499999994,0.52267310526196487,0.30043016203000439,0.046671018078711698,0.040413984374999962
2252,0.096316137944014446,0.028803776320653465,0.014177595940905806,0.014261718749999996,-0.23417009909405906,0.23154536824689281,-0.097800248141599891,-0.097370390625000011
2253,0.071186599999276928,0.029222511952527244,0.0088124584898174336,0.006972656249999998,-0.46865915031616412,0.56206806471963133,-0.21645271515751707,-0.22884058593750006
2254,0.090767854867683628,0.031275022878059944,0.012493494717820974,0.013886718749999995,0.41282677430371228,0.52406879146648355,-0.023360823604181964,-0.016413515625000014
2255,0.080176598994751935,0.047173332300387186,0.0069306860058165973,0.011074218749999998,0.20495690893783491,0.64913863927408721,-0.093278163370612982,-0.070744570312499991
2256,0.088489630664788738,0.024547148212161349,0.013427921315051751,0.013300781249999996,-0.57114823651290902,0.62544829521222844,-0.25128527166227888,-0.25199496093750007
2257,0.089132300032773948,0.040984205304454055,0.010111099892947176,0.010769531249999997,0.31775756102770303,0.69177155835305271,-0.078542939438323425,-0.074982656250000015
2258,0.086127725102495195,0.055302148566653636,0.0064733710725267271,0.0064570312499999984,0.35463084781373611,0.26345847921251164,0.019146197406257136,0.018959999999999991
2259,0.085865213927519529,0.0356826451510837,0.010538339443051523,0.0083203124999999978,0.27601737769484846,0.60446954595791802,-0.0689749553352446,-0.081160898437500018
2260,0.089098522328729446,0.029021935875126234,0.012616083155256674,0.011566406249999999,-0.60001996050329831,0.9943323157810201,-0.3348139780197068,-0.3431034375
2261,0.069348108200517539,0.035546441568868048,0.0070983499926463925,0.0094101562499999975,-0.037724945021641587,0.44299656766399997,-0.10095151766398472,-0.089358515625000023
2262,0.06339709612724842,0.044484488027867072,0.0039716477008700825,0.0015703124999999973,-0.081837799612833106,0.44377968366247234,-0.11037967148781413,-0.12445933593750003
2263,0.06449187315751731,0.024097134656116584,0.0084828950852941527,0.010968749999999998,-0.33112416341327389,0.33422751206387491,-0.13972385185020125,-0.12369937500000004
2264,0.085167714884696016,0.034903735124970636,0.010555435749542329,0.0095507812499999959,-0.25695842068483588,0.1926222442254435,-0.094411939631158667,-0.10089187500000002
2265,0.10954609464058582,0.049406742250503344,0.012629264001917318,0.012726562499999997,-0.84223204685924102,0.57803314239980474,-0.29825568974439964,-0.29751234375000002
2266,0.10153265150179275,0.022573586542606203,0.016581403641429175,0.016945312499999997,-0.70950479045435821,-0.39844648039293751,-0.065322245112898344,-0.06266003906250002
2267,0.075988406624733579,0.040296514107427447,0.0074952974286342875,0.0073710937499999974,0.41691137400898515,0.35923668380058815,0.012111684943763369,0.011427187499999976
2268,0.078936441197575119,0.039361785469183772,0.0083106777029621822,0.0074882812499999984,0.21297227763403759,0.52588635061318312,-0.065711955325620561,-0.070569140625000013
2269,0.067481284872589198,0.037088782141517826,0.0063824255735249876,0.0059179687499999979,-0.19417639287204502,-0.044076729360212896,-0.031520929337484745,-0.034077187499999988
2270,0.081841143171632991,0.037106926368483742,0.0093941855286613415,0.010218749999999997,0.53872464423303723,-0.064933851622319461,0.1267682841296249,0.12955066406249999
2271,0.092211582307341527,0.040614176590663048,0.01083545520050248,0.010230468749999999,0.034352941176470586,0.64620494861020583,-0.12848892156108441,-0.13150171875000002
2272,0.086242880125222854,0.039043454833792221,0.0099118793112004319,0.0083671874999999996,0.51787494383813792,0.479380959261266,0.0080837367611431028,0.00059203125000001572
2273,0.069600597531252473,0.041907803045932612,0.0058154868419171704,0.006656249999999999,-0.13920448738108337,0.40565005947307908,-0.11441945483937412,-0.10943402343750001
2274,0.099456174643416995,0.036856275954008103,0.013145978724775867,0.011812499999999997,0.44302860889086726,0.17502482328895319,0.056280794976401954,0.050029687499999989
2275,0.083935813789455138,0.034796598861711395,0.010319235134826186,0.010687499999999996,-0.41321371892082548,0.7966054666249871,-0.2540620289646206,-0.25214976562499997
2276,0.081818794888221996,0.043347206403910987,0.0080790335817053117,0.0060703124999999976,0.44820838491514881,0.32810330991988079,0.025222065749006282,0.014074335937499974
2277,0.10078124999999999,0.036339196580854188,0.013532831218020618,0.013464843749999997,-0.072355468749999985,0.21108864644729108,-0.05952326419143112,-0.059943632812500008
2278,0.095612108166413884,0.040325561103839988,0.011610174883140518,0.0082851562499999948,0.28796564524346724,0.68236007982225388,-0.082822831261545188,-0.10169167968750002
2279,0.06970321017565112,0.03203410182232895,0.0079105127541976555,0.0067499999999999982,0.035683706844336638,0.93246762561293695,-0.18832462294140606,-0.19494117187500001
2280,0.06645993477754486,0.035897255582575144,0.00641816263094364,0.0054843749999999988,-0.44279976123922671,0.47031997715915597,-0.19175514506366034,-0.19747570312500001
2281,0.10924487367905383,0.046316249013006586,0.013215011179869922,0.012128906249999995,-0.043394937346228457,0.16717877487409138,-0.044220479566267165,-0.050506640624999995
2282,0.096669068154717458,0.038149650579759789,0.012289077690741111,0.011742187499999996,0.40472972007205082,0.31874908408112773,0.018055933558093849,0.016296093749999976
2283,0.081839820970255744,0.045649218272359793,0.0076000265665581495,0.0071601562499999973,0.062410163279728703,-0.16116201308994693,0.046950157037631883,0.043904296874999992
2284,0.088953142890270592,0.039158683308349318,0.010456836512203468,0.0087421875,0.6147500253634216,0.7165557498642372,-0.021379202145171274,-0.028817695312500006
2285,0.076406512669323273,0.041712060056408914,0.0072858350487120154,0.0047226562499999986,0.25110388161139274,0.24898254151144794,0.00044548142098840837,-0.014010117187500039
2286,0.084104451370189653,0.045299879898442919,0.0081489600090668135,0.0062226562499999982,-0.31429858766179031,0.34938026185244309,-0.13937255839798901,-0.15360960937500001
2287,0.066252880560024346,0.036024175655549398,0.0063480280299397385,0.0048164062499999986,0.16954305984318152,0.4326775450088679,-0.05525824188479414,-0.061225078125000006
2288,0.088841317049964952,0.0271053731666554,0.012964548215495005,0.011671874999999998,-0.56799642666492356,0.54070377591117968,-0.23282704254098166,-0.24163523437500001
2289,0.083612620527337617,0.03913018230887709,0.0093413120258767097,0.0074765624999999971,-0.31538407864148899,0.56085105391208989,-0.18400937783625157,-0.19547566406250003
2290,0.075502549964651666,0.031497460344243819,0.0092410688202856483,0.010101562499999999,-0.33654505367691745,-0.041456812648664854,-0.061968530615933042,-0.056599453125000011
2291,0.074586695341356118,0.037017229417206282,0.0078895878440714655,0.0058124999999999982,0.064755104970490085,0.43004950566604994,-0.076711824146067573,-0.089763632812500035
2292,0.066374567990822891,0.047173568631704813,0.0040322098654147964,0.0040781249999999993,-0.7905692625699553,0.05381416448828813,-0.17732051968223111,-0.17721316406250004
2293,0.063975194409977038,0.035268237409368783,0.0060284609701277336,0.0055664062499999976,-0.12767670376366025,0.19629612336878421,-0.068034293697813331,-0.070433437500000001
2294,0.058782088294785623,0.034758372759660025,0.0050449802623763751,0.0037734374999999986,-0.15253980964001546,0.9991097118600093,-0.24184639951500522,-0.25016953125000002
2295,0.080431713480095507,0.039243511121715341,0.0086495224952598346,0.0074179687499999983,-0.032924953209763408,0.42448626319962302,-0.096056355445971145,-0.1028080078125
2296,0.092246805581767122,0.029201475184924622,0.013239519383336925,0.014554687499999996,-0.48766294030795232,0.32263231305686801,-0.17016200320661226,-0.1601668359375
2297,0.071312688990623069,0.034787422951472247,0.0076703058682216722,0.0065976562499999968,-0.58798489983667379,-0.15891636284793553,-0.09010439276763503,-0.098519648437499996
2298,0.10784305328342741,0.031995727229400972,0.015927938471345552,0.016171874999999999,-0.44792960963988682,0.3918597128659147,-0.17635575772621831,-0.17451433593750004
2299,0.089571956296364108,0.0388349601850628,0.010654769183373275,0.010124999999999997,-0.13037910261389141,0.47708260172206252,-0.12756695791055031,-0.13001578124999999
2300,0.090642505082415586,0.038106288273610969,0.011032605529848969,0.010746093749999998,-0.18527130592485341,0.30739677209938288,-0.10346029638508962,-0.10516242187500001
2301,0.076807787746675849,0.024716571497807094,0.010939155412262438,0.0095039062499999959,-0.11608508359813419,0.38605745634982691,-0.10544993338907183,-0.11342214843750002
2302,0.10319314641744548,0.046506592951019693,0.011904176227949415,0.012246093749999997,-0.16900855228354772,0.025286978397147664,-0.040802061442946028,-0.038813554687499995
2303,0.10174145453714772,0.035535621873382786,0.013903224859390637,0.013570312499999997,0.36948702094771058,0.62472713975619587,-0.053600424949781907,-0.055622929687500038
2304,0.095131070031866882,0.033986278367446832,0.012840406249528211,0.0096562499999999982,0.62196752015428047,-0.32598064813114225,0.19906911533993876,0.18182062499999996
2305,0.090164716660622604,0.0389846356618085,0.010747817009750962,0.0097382812499999978,0.47749673938630477,0.38205933713218376,0.020041854473365411,0.014938945312499978
2306,0.068949847145335863,0.028447746279799166,0.0085054411817627063,0.0077578124999999965,-0.68906668740370625,0.73817936740071366,-0.29972167150892814,-0.30496464843749999
2307,0.095418168627717681,0.027540953752978395,0.014254215123695249,0.012843749999999998,0.33323757056383052,0.62125418192111892,-0.060483488385030565,-0.068838398437500017
2308,0.076702213048962298,0.042651669177734025,0.0071506142129579373,0.007359374999999997,-0.13484953560371515,0.41167424770567529,-0.11476999449497199,-0.11389312500000001
2309,0.057939749726032996,0.038088963405620374,0.0041686651272866502,0.0052382812499999973,-0.24875699458282396,0.32847912625777742,-0.12121958537652629,-0.11485640625000006
2310,0.071078349744853581,0.040360889264989014,0.0064506667007715587,0.0078515624999999992,0.021935412249247666,0.98220459557074724,-0.20165652849751489,-0.19328097656250001
2311,0.079449176418192213,0.044716025945261834,0.0072939615993153793,0.0050624999999999967,-0.31003130785890953,0.683973501028318,-0.20874100986631777,-0.22534781250000002
2312,0.06484059136318468,0.036776155791664905,0.0058935314700191525,0.0049804687499999979,0.19493422639591607,0.6355257898941874,-0.092524228334636971,-0.096243632812500035
2313,0.074400747215586177,0.031315610969346555,0.0090478786117103201,0.0091406249999999977,-0.32260572492530426,0.7724843565504198,-0.22996891710990205,-0.22934683593750002
2314,0.077424776995272782,0.026607145417269995,0.010671702631380585,0.011214843749999998,0.15730469788043211,0.43971382130722114,-0.059305915919625696,-0.056443124999999997
2315,0.093436961260375956,0.035356784992820259,0.012196837016186696,0.0096679687499999969,0.10710937638222462,-0.31892391208195514,0.089466990577477742,0.07553226562499997
2316,0.09026557172937727,0.043092768211251617,0.0099062887388063868,0.0082617187499999974,0.031755783112041192,0.9463659563185628,-0.19206813637336953,-0.20098558593750002
2317,0.073913929652923344,0.039469653603972962,0.0072332979702795794,0.0063046874999999969,-0.29465831003959941,0.43690011772035997,-0.15362726982959146,-0.15986976562499999
2318,0.081431064817514415,0.036056306614079464,0.0095286992227213395,0.009515624999999998,-0.36632680500403159,0.36837488632026355,-0.15428735517810199,-0.15428941406249999
2319,0.090069548594128551,0.038706912488865722,0.010786153582105194,0.011191406249999996,0.48993764239178067,0.46781054099931085,0.004646691292418661,0.0060195703124999956
2320,0.085617742871596819,0.035742995240826317,0.010473697002461806,0.0080742187499999972,0.36177536262360332,0.41356062390005177,-0.010874904868054173,-0.023314921875000012
2321,0.083724563744310865,0.032032949027318486,0.010855239090568399,0.0089999999999999976,0.73464236512232994,-0.099266710811755088,0.17512090594615784,0.16454578124999997
2322,0.082351492373106711,0.030352935020695082,0.010919697044006442,0.0093749999999999997,0.17887991502768275,0.16325887073784173,0.0032804193008666126,-0.0064102734375000199
2323,0.091504063803232782,0.026315979528956562,0.013689497697598006,0.011707031249999998,-0.58511284223305271,0.096582705236293531,-0.1431560649685627,-0.15828761718750006
2324,0.0669835833649568,0.034553142429911227,0.0068103925963595704,0.0067968749999999974,0.41880093505792526,1.1126173119906011,-0.14570143915586192,-0.14594578125000002
2325,0.10136719402454142,0.038339789546716005,0.013235754940343337,0.011191406249999997,-0.19569132094073938,0.42171173970860309,-0.1296546427363619,-0.14486179687500006
2326,0.097361328240000294,0.037034889624999123,0.012668552109150246,0.010371093749999998,0.13119528502197175,0.57620987708948124,-0.093453064334176994,-0.10609394531250001
2327,0.11464976896529949,0.034581715337478378,0.016814291261842435,0.016687499999999997,0.55021530292589049,0.80629897196471467,-0.053777570498153078,-0.054523476562500013
2328,0.081442820627568746,0.038615294830643535,0.0089937804173542933,0.0088710937499999962,-0.1467530221205775,0.66534341541155106,-0.17054025188174698,-0.17141648437500001
2329,0.10081580603172925,0.025481652982599731,0.015820172140317199,0.013582031249999998,-0.58493442571770293,0.92994170061184711,-0.31812398652920548,-0.33112781249999995
2330,0.088669880700399994,0.043340973337938501,0.0095190705461169131,0.008179687499999996,-0.040571762020333968,0.25718975013737821,-0.062529917553119554,-0.071442187500000018
2331,0.082606514356282801,0.041239642096193158,0.0086870431746188248,0.006855468749999997,0.14449135535659163,0.75416578930489075,-0.12803163112914281,-0.13736460937500003
2332,0.061030924657270336,0.028982232601195548,0.0067302253317757053,0.0080273437499999972,-0.86944099809658859,-0.29792237158199564,-0.12001891156806452,-0.10904449218750001
2333,0.054812614059911086,0.055097063858651762,-5.9734457735542145e-05,4.6874999999998442e-05,-0.39763740428744576,0.37440828102400658,-0.16212959391540499,-0.16142578125000004
2334,0.10137369567710125,0.02356247467536822,0.016340356410363934,0.016535156249999999,-0.26565242518059873,0.59988470018887396,-0.18176279632758927,-0.18024304687500003
2335,0.082654295776275949,0.038306658433217539,0.009313003842042266,0.010570312499999996,-0.35319996609307436,0.60430619334614843,-0.20107629348223677,-0.19408605468750004
2336,0.069295935215032634,0.042506310883525938,0.0056258211096164058,0.0063867187499999974,-0.39135368346568145,0.42808135095797917,-0.17208135722896872,-0.16755808593750005
2337,0.074573816492170292,0.042190244510112732,0.0068005501162320871,0.005074218749999998,-0.050008025827474989,0.79175761152126978,-0.17677078384323638,-0.18702175781250005
2338,0.089781103431026743,0.029997641895547045,0.012554526922450735,0.01175390625,-0.33195838913299758,0.66455143572455688,-0.20926706322008642,-0.21573468750000002
2339,0.082396015436883602,0.028751795280051909,0.011265286232934655,0.01130859375,-0.15192858425599132,0.13959638666289853,-0.061220243892966868,-0.061062421874999995
2340,0.069010942152032712,0.030310217928813762,0.008127152086875979,0.0077695312499999978,-0.23639403930646397,-0.045413629894773266,-0.040105885976455043,-0.042230625000000029
2341,0.090481688295829199,0.039256573119521618,0.010757274187024591,0.012035156249999998,-0.20986504438696407,-0.016894910252246764,-0.040523728168290633,-0.033065859375000006
2342,0.066306535580886783,0.035710247683057347,0.0064252204585441815,0.0050039062499999997,-0.36230571790753041,0.67150866850421032,-0.21710102114646557,-0.22594582031250002
2343,0.068271814671814673,0.048162006301877697,0.0042230597576867653,0.0057773437499999995,-0.13783740540540523,0.30173924053558543,-0.092311095647608032,-0.084261679687500021
2344,0.073167500806843977,0.041461993008424056,0.0066581566376681832,0.0046523437499999985,0.57961718264538842,0.31373319107437969,0.055835638229911833,0.047058632812499973
2345,0.097683583615064046,0.040234264114861126,0.012064357095042612,0.012914062499999997,0.31800510063684251,0.74860832323183502,-0.09042667674494842,-0.085185351562499997
2346,0.076407806305943626,0.049823462951689046,0.0055827121043934618,0.0032343749999999994,-0.48231105180371525,0.21156956945349314,-0.14571493046401376,-0.16068199218750004
2347,0.087105511026083632,0.045494318902984401,0.0087383503458508382,0.0087773437499999978,0.45533089245857661,0.86607829510273249,-0.086256954555272727,-0.086179687499999991
2348,0.074920751861913687,0.035065911193339502,0.0083695165404005789,0.0061992187499999973,0.14651744271607814,0.78617852393617005,-0.13432882705621929,-0.14601726562500003
2349,0.079014553925324443,0.051167854961331916,0.0058478067824384306,0.0047109374999999972,-0.062529472766718053,0.21841051788813692,-0.058997398037519543,-0.064999687500000014
2350,0.10137172155008109,0.030862772261987206,0.014806879350499715,0.014789062499999997,0.23813311111918445,0.62913312819932865,-0.08211000358683028,-0.082222148437500003
2351,0.081207722007722,0.036972966104727556,0.0092892987396288335,0.010839843749999998,-0.22879437837837835,0.22214414631084034,-0.094697090184735919,-0.085961015624999998
2352,0.086915081243613607,0.029859877453636746,0.011981592795895141,0.011964843749999999,-0.4705998805074858,0.40776668598633148,-0.18445697896370161,-0.1846271484375
2353,0.082452137539672093,0.037596726723926277,0.0094196362713066216,0.0091289062499999973,0.16885360449300169,0.47282221023613469,-0.063833407206057929,-0.065412773437500002
2354,0.087925781652447382,0.037555704386151897,0.010577716225922051,0.011144531249999999,-0.15161904960481953,-0.21256137512303863,0.012797888358826011,0.015781874999999987
2355,0.086661687239562857,0.047118671021628145,0.0083040334057662892,0.0090937499999999942,0.086306903058416484,0.63423989476647546,-0.11506592825869238,-0.10957324218750006
2356,0.080516106663847092,0.033869926669623546,0.0097956977987869436,0.010757812499999995,-0.31832023128778308,0.8523519258418577,-0.24584115299722456,-0.2400328125
2357,0.085367113826577884,0.03178036459950706,0.011253217337684873,0.011015624999999999,0.13250333548637439,0.57034387918624929,-0.09194651417697372,-0.093272109375000051
2358,0.095219791017213895,0.045734671699839871,0.010391875056648545,0.011730468749999995,-0.15399891285267897,0.83913985644017386,-0.2085591415514991,-0.2010476953125
2359,0.075390625000000017,0.045211185588113698,0.0063376822764961271,0.0062695312499999982,-0.44292968750000006,0.3048118240521912,-0.15702571742596017,-0.15749601562500001
2360,0.1028870593110762,0.042429284525790339,0.012696132704910029,0.010992187499999998,0.66721231879533816,0.83883145604783005,-0.036040018823023295,-0.043561171875000027
2361,0.063202629430359869,0.033165033165033178,0.0063078952157186044,0.0074414062499999975,0.11115084374026363,0.48710352319047978,-0.078950062684545394,-0.072899179687500024
2362,0.094238836085594441,0.02965755146020374,0.013562069771332046,0.012691406249999997,0.01863901510266941,0.43877963825817257,-0.088229530862655656,-0.094786757812500039
2363,0.10151397132771983,0.024087757459928943,0.016259504912236086,0.017496093749999993,0.44072361026207335,-0.042652615078982548,0.10150900732162174,0.10574437499999999
2364,0.07629763310173987,0.042705622726907311,0.0070543221787148372,0.0056953124999999981,-0.083752588492578051,0.72171007045231739,-0.16914715837842803,-0.17836289062500005
2365,0.069834339900475606,0.039807295164577691,0.0063056793945385622,0.0057304687499999977,5.4658435715837506e-05,0.81365400833070378,-0.17085586347794746,-0.17387191406249999
2366,0.0716552805248592,0.044472859951491958,0.0057083083204071206,0.0044062499999999987,-0.35780152309806279,0.64287640138897961,-0.21014236414227891,-0.21827050781250004
2367,0.066978557504873304,0.050687607899468815,0.0034210994171349428,0.0036210937499999971,-0.63047489966746939,0.22701200625797302,-0.1800722502443429,-0.17838339843749998
2368,0.086424853342146557,0.039476189697142547,0.0098592193654508421,0.0091289062499999973,-0.73778971912651725,0.70462661377268543,-0.30290742990883252,-0.30850007812499997
2369,0.090693727957499692,0.039482510575056376,0.010754355650313095,0.0082499999999999969,0.036801545302782568,0.59306389648492064,-0.11681509374824899,-0.124520390625
2370,0.086068278777907431,0.043522472188586528,0.00893461938375739,0.0058710937499999978,0.0075224550898203013,0.18921558713770792,-0.038155557730056397,-0.059293828125000031
2371,0.086183668203084762,0.031859555111828738,0.011408063749163765,0.013312499999999998,0.15839619698575402,0.27792107781896069,-0.025100224974973401,-0.013844296875000009
2372,0.096041582290329663,0.02714116212387728,0.014469088234955,0.014730468749999996,-0.43700606041325352,0.55715901671347645,-0.20877466619661328,-0.20725863281250004
2373,0.088777717417254265,0.021820377698382534,0.014061041340963063,0.011695312499999999,0.20671612625980074,0.5755595480515171,-0.077457118576260434,-0.087080390625000031
2374,0.074509022948006987,0.031066225985713875,0.009122987362081553,0.0096093749999999964,0.1971023315665309,0.32460474795694383,-0.026775507441986715,-0.02432226562500004
2375,0.11818683170440271,0.03425006689247391,0.017626720610505048,0.018046874999999997,0.13006581083979296,0.66003310596333598,-0.11129313197594402,-0.10911351562500002
2376,0.098239832236180935,0.031334766464725411,0.01405006381200566,0.015609374999999997,-0.23711542932513785,0.71307656830173938,-0.19954031950164422,-0.1888419140625
2377,0.080915978473068806,0.058100152341638428,0.0047913234876003795,0.0043945312499999965,-0.17432152900156017,0.86216152145068548,-0.21766144059497156,-0.21982546875
2378,0.10038922276203011,0.04927256778612861,0.010734497544939313,0.010558593749999996,-0.19246776501239893,0.43576251224996432,-0.13192835822509627,-0.13315453125000004
2379,0.11368404579443367,0.037901361759985416,0.015914363647234132,0.016054687499999994,0.38996019151110872,0.23118460643524474,0.033342872865931433,0.033857109374999972
2380,0.071215293394546353,0.034620584001079174,0.0076848889726281074,0.0066328124999999981,0.20237956718500516,0.27613377168953479,-0.015488382945951222,-0.020389335937500003
2381,0.10155720771955687,0.04540300370740652,0.011792382842551572,0.0093632812499999957,0.061114844856482331,0.72501369661256565,-0.1394187588687775,-0.15180703125
2382,0.089066877765024588,0.039240800523129102,0.010463476220798051,0.010289062499999996,0.01701572503869675,-0.0498416996779385,0.014040059190493401,0.012770390625000018
2383,0.10078124999999999,0.031480302943338687,0.014553198881898873,0.014484374999999999,0.7653710937499999,0.87252415939294203,-0.022502143785017848,-0.022894218750000021
2384,0.071813731312341672,0.03602579501258292,0.0075154666229493372,0.0089296874999999984,-0.40137147459934597,0.73668772163120577,-0.23899243120841585,-0.23065980468750003
2385,0.081210516462715543,0.037688457561313601,0.0091396323692944075,0.0093984374999999971,-0.011605354894520858,0.3885561054204919,-0.08403390666615268,-0.082554843750000023
2386,0.08344562914437495,0.047287333634751919,0.007593242057020836,0.0082031249999999986,0.39790723655372051,0.6565656533762575,-0.054318267532732764,-0.051819023437499979
2387,0.080078125,0.03366697900888603,0.0097463406581339337,0.0096796874999999973,0.11507812499999981,0.45997936925498895,-0.072429261293547723,-0.07298542968750002
2388,0.087424295364546933,0.03316985627427016,0.011393432208958122,0.010476562499999998,0.21699117749825292,0.46337788798141244,-0.051741209201463495,-0.056591132812500028
2389,0.074598776630639935,0.044484918189297659,0.0063239102726818774,0.0063632812499999991,-0.54125369704566217,0.54978936633337616,-0.22911904330959806,-0.22873218749999999
2390,0.074417650298599314,0.053828808131931832,0.0043236568550001709,0.0017812499999999992,0.074529728542784501,0.95348755257409845,-0.18458114304657591,-0.1991384765625
2391,0.10119180625242741,0.050083546475878218,0.010732734553075329,0.0097968749999999966,-0.95732695706326143,0.50679588236512152,-0.3074657962799604,-0.31531230468750004
2392,0.073211455433135564,0.0362250892433362,0.0077671368998578662,0.005507812499999998,0.19011392106935965,0.50860613066923144,-0.066883364015973071,-0.079180781249999999
2393,0.079688451244369546,0.045639639639639643,0.0071502504369932796,0.0060000000000000001,0.079521778472584126,0.49877644144144151,-0.08804347922346005,-0.095846601562500022
2394,0.083976320818426098,0.02564846619539797,0.012248849470835906,0.0094687499999999997,-0.4194344583818268,0.14962100502813547,-0.11950164731609207,-0.14034960937500002
2395,0.08527663773576441,0.033534056613797741,0.010865942035613,0.0078632812499999979,0.057985870954719854,0.80656760018586859,-0.15720216313854124,-0.1705116796875
2396,0.098768010658729449,0.043882254656248468,0.011526008760521006,0.011156249999999996,-0.3129554408600056,0.78197798417612641,-0.22993601925758772,-0.23232843750000001
2397,0.097166641495168737,0.048761965790346432,0.010164981898012683,0.0094921874999999972,0.16031496685111235,0.32553980539957172,-0.034697216095176467,-0.038790351562500033
2398,0.065572056683557645,0.037963136733805511,0.005797873189447948,0.003316406249999999,0.27576929316185184,0.23950456887340965,0.0076155921005728582,-0.0037652343750000307
2399,0.072234803042271672,0.042093399896482059,0.0063296946606158184,0.0088124999999999992,-0.33642364632330968,0.77641512920263356,-0.23369614286044807,-0.21825128906250002
2400,0.081169766230583029,0.040431284359584596,0.00855508119290967,0.0090351562499999989,-0.60972324519746313,0.52839128599289797,-0.23900405154997581,-0.23584488281250005
2401,0.074113196932683284,0.037644360069609237,0.00765845574124555,0.0053906249999999978,-0.79878686704738178,0.43223208353108689,-0.25851397962147837,-0.27235710937500002
2402,0.099492571254066103,0.032119979673620666,0.014148244231893542,0.013031249999999996,-0.19918503289697931,0.84815637735648575,-0.21994169615322764,-0.22696148437500002
2403,0.091530950910774928,0.027975951627960918,0.013346549849390942,0.011519531249999994,-0.21939304183389952,0.51777276191794652,-0.15480481878788765,-0.16581433593750003
2404,0.096560448002258464,0.036635550917961585,0.012584228387702344,0.010874999999999999,0.5457812215825032,0.67480316985814626,-0.027094609137885042,-0.035568398437500016
2405,0.075813769454768476,0.043963963963963959,0.006688459153068948,0.0054492187499999975,0.27685136013470424,0.90531432432432446,-0.13197722247982024,-0.13958660156250002
2406,0.083982683982683964,0.05402720242297443,0.0062906511275390023,0.0041953124999999994,-0.041852092352092418,0.67377207131514105,-0.15028107437011903,-0.16357125000000003
2407,0.10004399583731693,0.043619882472446109,0.011849063806622873,0.010371093749999998,0.10454927231610278,0.65410789654982959,-0.11540731108908263,-0.12515707031250001
2408,0.083824162869255731,0.035498661695090056,0.010148355246574791,0.0086484374999999981,0.00013416763018891942,0.076426119618946076,-0.016021309917639004,-0.026377500000000009
2409,0.096748010945268803,0.036304765894772315,0.012693081460604261,0.012011718749999995,-0.53624534024135995,0.48841578804717684,-0.2151788369405927,-0.22006066406250002
2410,0.097631773487046825,0.028032939451197156,0.01461575514752843,0.012867187499999997,0.43132637152735354,0.77633128401816187,-0.072451031623069748,-0.08268527343750004
2411,0.08448000433300229,0.030856345294252768,0.011260968398137399,0.012328124999999997,0.061302027186512009,0.70136895309135994,-0.13441405444001805,-0.13003570312499999
2412,0.088902839554886259,0.033554817275747509,0.011623084678619137,0.0093515625000000005,0.4107125017167032,0.55597745609871863,-0.030505640420223239,-0.040120312500000033
2413,0.071603786085390669,0.029616789177212693,0.0088172693507173744,0.0072187499999999986,0.59308404055562802,0.14519863758890583,0.09405593462301165,0.085087382812499945
2414,0.071872033659149792,0.023893693284307932,0.010075451478716791,0.01011328125,0.012906363499759932,0.062117167097855419,-0.010334268755600052,-0.010254023437500003
2415,0.069294844176360754,0.041341884420387706,0.0058701215487543396,0.0065976562499999994,-0.5125075766781928,0.50235012531363388,-0.21312011741828357,-0.20794160156250002
2416,0.083784666381388012,0.028527369809218009,0.011604032280155701,0.0089882812499999971,0.13992962293136746,0.13083425922343772,0.0019100263786652448,-0.013877460937500015
2417,0.08456971807057484,0.041599491145426618,0.0090237476542811262,0.0082617187499999974,-0.12506480031555256,0.79474223492959151,-0.19315947740148023,-0.19867582031250003
2418,0.093254700266088036,0.025241202105952598,0.014282834613628441,0.013511718749999997,-0.028835525530695683,0.40136014686248334,-0.090341091202567586,-0.094404374999999999
2419,0.066354600868674979,0.044922232902199502,0.00450079727295985,0.0038203124999999995,-0.64711613642931631,0.43226570659291852,-0.22667018703466932,-0.23081367187499999
2420,0.074496764476453509,0.039881728390208954,0.0072691575781113566,0.0078632812499999979,-0.17270758618659576,0.39591157928356491,-0.11941002474873373,-0.11549332031250004
2421,0.07088184432487632,0.043435835990103963,0.0057636617503021943,0.0036562499999999972,-0.57425890779820721,0.048632182983401551,-0.13080712906413783,-0.14769773437500003
2422,0.092618415780570479,0.024557472111651671,0.014292798170472949,0.013886718749999994,0.38189632704957066,0.30352038920831481,0.016458946946663729,0.013892695312499991
2423,0.052271527632379022,0.035672810464129331,0.003485730605332435,0.0028007812499999977,-1.0152499286638736,0.39365370454685988,-0.29586976297425405,-0.3004215234375
2424,0.075390791450806266,0.022276477948721188,0.011154005835437866,0.008050781249999998,-0.25051833411828028,0.10659823995762452,-0.074994480555940005,-0.092329101562500002
2425,0.09368967825681071,0.034095013179064285,0.012514879666326749,0.011179687499999997,0.0079332524833538587,0.49373203072493965,-0.10201774343073301,-0.10918687500000003
2426,0.097147183525136266,0.037363989348894636,0.012554470777010742,0.011449218749999998,-0.33890430042398545,0.85882513121769333,-0.25152318064475249,-0.26030625000000002
2427,0.084379067760665782,0.035776094073730683,0.010206624474256371,0.009925781249999998,-0.66976803709066446,0.16152677463540044,-0.17457191046247361,-0.17659851562500001
2428,0.053531912415560212,0.048840025484981162,0.00098529625542160063,7.0312499999999886e-05,0.40941838457954816,0.774143399432073,-0.076592253119030215,-0.080719921875000017
2429,0.089805065556854247,0.029030508189482981,0.012762657047147965,0.012914062499999998,-0.50331234503298639,0.14542041028013164,-0.13623387861575478,-0.13515316406250005
2430,0.082909206796171919,0.045733472428326219,0.0078069042172475966,0.0040898437499999989,-0.38000040430754001,0.49267298377450436,-0.1832614114972293,-0.20541843750000005
2431,0.0707461280934987,0.043552234796825129,0.0057107175923014498,0.0065859374999999989,-0.30491864600994145,0.42033467175408623,-0.15230319673044582,-0.14667867187500003
2432,0.12530959402668851,0.049212970590380087,0.015980290921624767,0.015093749999999994,0.47707386688358844,0.27879803584756002,0.041637924517565969,0.036727031249999979
2433,0.09401949063092066,0.028720062500225546,0.013712879907445973,0.012070312499999999,-0.84397489767071676,0.903339666352722,-0.36693605844492216,-0.37936429687500001
2434,0.085240577505896475,0.043004504504504507,0.0088695753302923137,0.0077109374999999973,-0.29870126563654631,0.29234837837837835,-0.12412042524313417,-0.13120417968750001
2435,0.090230163537250135,0.019157251188830923,0.014925311593168034,0.013687499999999997,-0.13344421562689279,0.38328292698113209,-0.10851269994768523,-0.11458757812500001
2436,0.09048710470809504,0.024637384279224891,0.013828441290062731,0.013476562499999995,-0.48563413464101057,0.72221896383186701,-0.25364915067930427,-0.25591253906250006
2437,0.073610791790586938,0.042553971046323733,0.006521932356295273,0.0073710937499999974,0.56854774459986301,0.9765485990157543,-0.085680179427337161,-0.082327851562500012
2438,0.091614875994171618,0.028801533210590355,0.013190801984552065,0.013277343749999998,-0.14203962723548269,0.66828266596322727,-0.1701676815717291,-0.16966218750000003
2439,0.095851506853471491,0.035882702212214471,0.012593448974663973,0.011718749999999995,-0.29742720604410189,0.24282265295189553,-0.11345247038915945,-0.11981250000000002
2440,0.10078125000000002,0.039338287831630764,0.012903022055357543,0.012832031249999997,0.018460937500000107,0.54276012841321686,-0.11010283009177552,-0.11062746093750001
2441,0.090056693312275088,0.036202507628102634,0.011309378993676214,0.0076523437499999977,-0.14240947322153619,0.6973694779663353,-0.17635357974945301,-0.19613039062500004
2442,0.099499509440173328,0.044331801694599354,0.011585218626570535,0.012082031249999998,-0.34331909928250448,0.20073193395076783,-0.11425071697898719,-0.11091304687499999
2443,0.11165521135536129,0.045102430981893676,0.013976083878428197,0.013499999999999996,0.4601287748982652,-0.28830338533129651,0.15717075364820796,0.15476308593749999
2444,0.097212800705385766,0.031085557029829458,0.013886721171866824,0.013499999999999996,-0.43419513926862485,0.81290756302521006,-0.26189156748170533,-0.26427703125000002
2445,0.08105815247187298,0.035159219322507165,0.00963877596136682,0.011425781249999996,0.20427454515977728,0.84697233484944223,-0.13496653583482965,-0.1257732421875
2446,0.082419829046515708,0.035517306220884129,0.0098495297933826314,0.0093515624999999988,0.035019276076247552,0.54526554760339296,-0.10715171702070053,-0.10994578125000004
2447,0.088901930501930487,0.033000810219088517,0.011739235259396814,0.013289062499999997,-0.75995122779922808,0.60084634984660656,-0.28576749130562523,-0.27230472656249999
2448,0.089066273781120225,0.047008728452923601,0.0088320845189212901,0.0088710937499999962,0.11247734127900366,1.0674730084723592,-0.20054909011060465,-0.20049878906250002
2449,0.087545417997284408,0.039074025700233855,0.010178992382380616,0.0093632812499999975,-0.16958917098406301,0.2911777185141986,-0.096761046794634931,-0.10114699218749998
2450,0.072269173872558823,0.043210853258814297,0.0061022473288863503,0.0063515624999999987,-0.448000320579098,0.18923620582320255,-0.1338196705444831,-0.13233972656250004
2451,0.086123650150655151,0.030081081081081096,0.01176893950461055,0.010582031249999995,0.17079498940282534,0.12208986486486495,0.010228076152971681,0.0034344140624999932
2452,0.12265073675047317,0.03823721116040453,0.017726840373914414,0.017871093749999997,0.2396084194464958,0.21755747496197864,0.0046306983417486042,0.0053666015624999905
2453,0.076835708294623412,0.026588517576318235,0.010551910050844087,0.0084023437499999975,-0.11136736556707905,0.36813179347826097,-0.1006948233995214,-0.1103466796875
2454,0.087046341469992516,0.040855272032017928,0.0097001245819746638,0.0069960937499999962,-0.64406552478350321,0.48296693194378937,-0.23667681591273146,-0.25633148437500003
2455,0.067344478291856441,0.043817270019156723,0.0049407137372669404,0.0040781249999999984,0.30507291493399358,0.5334316746686435,-0.047955339544276485,-0.052557656250000001
2456,0.098149058968352548,0.022853234316982593,0.015812123176787689,0.017320312499999997,0.050724268788908677,0.062541137385186629,-0.0024815424052183699,0.0061701562499999604
2457,0.088281250000000006,0.034649507650027903,0.011262665893494141,0.011191406249999996,0.19784765624999978,0.25436514101490959,-0.011868671800631059,-0.012378164062500007
2458,0.085857056329497278,0.029472997272595072,0.011840652401949463,0.010722656249999997,-0.3492666262870987,0.46037317882373607,-0.17002435907327529,-0.17752441406250002
2459,0.091759479605141997,0.042591177309325559,0.010325343482121451,0.010160156249999996,-0.34149418971285816,0.061442081417158456,-0.08461661693730349,-0.085662187500000042
2460,0.086046511627906969,0.048485656093043658,0.0078877796623212943,0.008847656249999997,0.54458213362864516,0.33728505668441111,0.043532386158289152,0.04779187499999997
2461,0.078983844353198496,0.026323047318176973,0.01105876737735452,0.011812499999999998,-0.34844075367435434,0.6873152309495606,-0.2175087567710221,-0.21286488281249999
2462,0.13064093840889471,0.040936446495995205,0.018837943301708893,0.016429687499999998,-0.49357885791172995,0.61991842325609703,-0.23383442904524365,-0.24819738281250003
2463,0.091015625000000017,0.034657138068894727,0.01183528225553211,0.011765624999999997,-0.083640625000000135,0.75516154690808412,-0.17614845610069768,-0.17654847656250003
2464,0.096116497818745761,0.038154154840574009,0.012172092025416067,0.010593749999999997,0.037442714900647767,0.80023254391493004,-0.16018586409299926,-0.167615390625
2465,0.078347277954350647,0.024179945285811771,0.011375139860393164,0.010488281249999998,0.035299163322738858,0.034566804385864791,0.00015379537674355402,-0.0054157031250000372
2466,0.074155953955605453,0.040433500149139948,0.0070817152993577562,0.005578124999999998,0.0041795959743020639,0.20795821082550936,-0.042793509118753528,-0.052249453125000019
2467,0.09792230850101119,0.032100671140939604,0.013822543845615032,0.014753906249999997,-0.080604239881750805,0.6712937807606264,-0.1578985843348992,-0.151398046875
2468,0.077090762295633442,0.031358981719221052,0.0096036739210466019,0.0065976562499999976,0.3685384736145686,0.81247317830539245,-0.093226287985073,-0.10438980468750003
2469,0.092611485184429493,0.05872697407862508,0.0071157473322189264,0.0057656249999999964,-0.192082794894466,0.59988971267688929,-0.1663142265899846,-0.17392113281250002
2470,0.072002080184300432,0.036805517021462356,0.0073912782641959961,0.0066562499999999972,0.02350885293388616,-0.1672705538604301,0.040063675426806417,0.035769257812499962
2471,0.08815134417524062,0.037833230951043212,0.010566803777081456,0.0089414062499999971,0.13311079262589387,1.1756907285632039,-0.2189417865468351,-0.22757683593750003
2472,0.089873828819906576,0.024811536191035002,0.01366308145206303,0.015210937499999997,0.20095393644131831,0.60558167464640444,-0.08497182502306809,-0.077205117187500019
2473,0.076755502908537276,0.030480276781836915,0.0097177974866070761,0.009808593749999997,0.10621347523992863,-0.19942077514705836,0.06418319258126727,0.064509726562499953
2474,0.086775520424809516,0.037657901475916133,0.01031469997926761,0.010980468749999996,0.38444146164525311,0.46214631258859762,-0.016318018698102347,-0.013599492187500038
2475,0.098034248719113509,0.041531279178338001,0.011865623603562856,0.011484374999999996,0.31421835172102175,0.31695006142807991,-0.00057365903848221374,-0.0029721093750000095
2476,0.077110841913991507,0.03527262423957972,0.0087860257116264742,0.0076054687499999985,0.23700472440944886,0.39190493923928227,-0.032529045114265014,-0.038388867187500002
2477,0.087048023066980423,0.029596967284115608,0.012064721714401611,0.012749999999999994,0.67124844876029699,0.7399239749960469,-0.014421860509507479,-0.012206250000000009
2478,0.090714535290007003,0.042780169534195875,0.010066216808720337,0.009128906249999999,-0.13577917540181683,0.89383113246423729,-0.21621816465187135,-0.22151964843750002
2479,0.088058645171383648,0.046505552786651902,0.0087261494007936664,0.0050859374999999984,0.77060114280605818,0.25801554262795312,0.10764297603740206,0.088043789062499975
2480,0.088675131213337449,0.043683449338019903,0.0094482531938166851,0.0076757812499999977,0.55635226921889491,-0.18241819803740622,0.15514179812382323,0.14574621093749995
2481,0.084387161500683677,0.038680111276978471,0.0095984805469780925,0.0067148437499999995,0.78299351027038577,0.78485025542466225,-0.0003899164823980594,-0.012997851562500022
2482,0.096573106071952769,0.027566353209572361,0.014491418101099884,0.011789062499999996,-0.5206399065392564,0.45778457403568396,-0.20546914092073748,-0.22196929687500003
2483,0.086840390644967375,0.03419058861784019,0.011056458425696709,0.0086015624999999981,-0.046846258238929961,0.5669045982455273,-0.12888767986173602,-0.14368921875000001
2484,0.10319058368885234,0.053393098662361305,0.010457471855563116,0.0073242187499999974,-0.18808744332421423,-0.10500149979818574,-0.017448048140465983,-0.037550625000000032
2485,0.085266045478247093,0.040526432986939698,0.0093953186231745534,0.0079218749999999966,-0.056167176766646398,-0.16624500896560612,0.023116344761781541,0.016037695312499985
2486,0.08222483215636972,0.034880634313295841,0.0099422815470455138,0.009925781249999998,-0.23181784016517692,0.390259456818978,-0.13063623236667252,-0.13076765625
2487,0.09452444945589572,0.037780202356976572,0.01191629189077302,0.011203124999999998,0.083098806324149121,0.45155260453271129,-0.077375297623798051,-0.081959531250000009
2488,0.076445598011728816,0.031944842146215666,0.0093451587317577613,0.0062109374999999977,0.48516031974066215,0.56440390418066366,-0.016641152732400317,-0.031472929687499977
2489,0.074424282336293834,0.046282024727622259,0.0059098740978210306,0.0062109374999999977,0.13136628994938793,0.40854722529322468,-0.058207996422205713,-0.056937070312499997
2490,0.085433070866141742,0.034947905029088761,0.010601884825781126,0.0093984374999999971,0.36410000000000009,0.29979755885240134,0.013503512640995738,0.0080058984374999833
2491,0.076348408618665153,0.036230697533818676,0.0084247193278177597,0.0076640624999999999,0.16304405255443588,0.034183156157896133,0.027060788243273345,0.023122617187499968
2492,0.069439546229354027,0.027929292909484052,0.0087171531971726949,0.0090937499999999977,0.24549836889437482,-0.078855024107542415,0.068114212530402618,0.070105429687499971
2493,0.083216673648704942,0.032511235837016469,0.010648141940454579,0.0085312499999999989,0.36207758693539849,-0.29260654587337009,0.1374836678898414,0.12742957031250002
2494,0.096496749897646672,0.040219859675866915,0.011818146946573748,0.012703124999999997,-0.65513766368848214,0.54114273845909289,-0.25121888445099072,-0.24567960937500005
2495,0.093894815720455133,0.032220857764347424,0.012951531170782618,0.014214843749999997,-0.52893637475104005,0.78037931742645572,-0.27495629535727412,-0.26650945312500002
2496,0.089265079109604961,0.048916365256327934,0.0084732299091881749,0.009515624999999998,0.61094756113210757,0.6453440874931986,-0.0072232705358291158,-0.0031502343750000163
2497,0.09594523515735448,0.031990025843611256,0.013430593955886076,0.011261718749999997,0.32294462075803587,0.65168692088249192,-0.069035883026135766,-0.078982382812500002
2498,0.11604902168313816,0.042375322362078985,0.015471476857422426,0.015714843749999995,-0.6551902734833368,0.4905508231971894,-0.24060563030291049,-0.23907667968750004
2499,0.089335588746197764,0.043508781876954505,0.0096236294425410835,0.0087421874999999965,-0.62396489444819503,0.44395603740400313,-0.22426339568896159,-0.2305471875
2500,0.083606520211294749,0.02104010046527395,0.013138948146664367,0.011753906249999994,-0.35763889455666653,0.4555067888885983,-0.17076059352350562,-0.17832738281249999
2501,0.076423602946196267,0.036233806294494103,0.0084398572968574538,0.007546874999999998,-0.67950726308683085,0.080695641696990505,-0.15964261000460248,-0.16647726562500004
2502,0.06469201100862873,0.042883609400513667,0.0045797643377041633,0.0031640624999999993,-0.53662994303505995,0.39593999923921264,-0.19583968787759723,-0.20723460937500005
2503,0.081435568865055596,0.037049151943336758,0.0093211475535609559,0.011121093749999998,-0.23637941360819004,0.25902966145563711,-0.1040359057634037,-0.091957968750000021
2504,0.091787634162941278,0.038823047354825377,0.011122563229704339,0.013066406249999997,0.61758154018297606,0.41770152115468318,0.041974803995941508,0.05161476562500001
2505,0.073994679568173904,0.040995567870952238,0.0069298134564165495,0.0042890624999999951,0.24533031314233045,0.051292821647451636,0.040747873213924549,0.027357773437499979
2506,0.085074728005119893,0.024373542521624686,0.012747248951533993,0.010863281249999997,0.4575142717313555,0.75291639715522352,-0.062034446339012284,-0.070911445312500002
2507,0.080817427004503811,0.050795710972757452,0.006304560366666735,0.0067734374999999965,-0.13005759980391551,0.52348448707937623,-0.13724383824549127,-0.13496039062499998
2508,0.081731145284170026,0.034816180296951132,0.0098521426473159677,0.0076289062499999959,-0.052931188846196187,0.069272610828386316,-0.025662797931662325,-0.03949406250000001
2509,0.097991241991418343,0.026425929855346905,0.015028715548575001,0.015398437499999995,-0.051305766178804446,0.80707602749746332,-0.18026017667201621,-0.17821300781250002
2510,0.078895368480884659,0.034694233428796212,0.0092822383609385741,0.0091054687499999964,0.053332227425140655,0.37470353276592172,-0.067487974121564015,-0.068520820312500008
2511,0.073534781649837122,0.034984374709902108,0.0080955854573863534,0.0061874999999999994,-0.066315813259001377,0.7273149940765713,-0.16666246954047026,-0.17542511718749998
2512,0.10327248812736506,0.019164898606031489,0.017662593799480049,0.016359374999999999,0.44838998024933197,0.53965463844708972,-0.019165578221529127,-0.024350156249999984
2513,0.093252318089047159,0.04050990620390682,0.011075906495879471,0.010277343749999999,-0.33762992165180761,0.40404243272020957,-0.1557511944181236,-0.16149328125000004
2514,0.089275273901217617,0.045779910850726177,0.0091340262406032022,0.0078515624999999974,0.076665522763669669,0.49719959256537116,-0.088312154658357317,-0.096820312500000047
2515,0.083463759545293059,0.039731076270516599,0.0091838634877030555,0.010101562499999996,-0.026760686240639098,0.33119586694418457,-0.075170876168812961,-0.06952347656250002
2516,0.063683882010312998,0.041560930603740512,0.0046458197953802216,0.0028007812499999973,0.036503314847024626,0.75993523807202412,-0.1519207038772499,-0.16109683593749999
2517,0.059957595916314471,0.051166699237834679,0.0018460883024807564,0.0033867187500000008,-0.11190537720460947,0.36816083642759423,-0.10081390486276277,-0.093965624999999997
2518,0.087210780574624946,0.040296116641755281,0.0098520794259026288,0.0081328124999999977,0.14812228492733726,0.094259855043853369,0.011311110275531616,0.0034168359374999822
2519,0.109166801074022,0.030942441767766823,0.016427115454313586,0.013593749999999998,0.16850233001010528,0.52734580416286181,-0.075357129572078865,-0.093046171875000014
2520,0.07133200899461109,0.039657701557773845,0.0066516045617358212,0.0064101562500000001,-0.0023529071084190667,0.19615582139299026,-0.041686832985295956,-0.043065468750000016
2521,0.073671131224852138,0.049477920245862408,0.0050805743055878433,0.0043124999999999986,-0.36554355836492047,0.57357086177796834,-0.19721402823000664,-0.20248242187500004
2522,0.098519227057178943,0.040718991551117606,0.01213804945627288,0.013007812499999995,-0.24354146201123994,0.092910476393769814,-0.07065490706505205,-0.06561492187500001
2523,0.074460494679031514,0.044661300996417824,0.0062578306733488747,0.0079101562499999979,0.12739785035284112,-0.090538243796836948,0.045766579771432392,0.051671132812499979
2524,0.078261342925499022,0.03995204406120452,0.0080449527615018453,0.007499999999999998,0.50676974210207959,0.44460268001233505,0.013055083038846354,0.0099970312499999721
2525,0.087278826409261184,0.043276274993590755,0.0092405357972907901,0.008800781249999997,0.32064927499710094,0.3288167459108241,-0.0017151688918818641,-0.0045870703125000392
2526,0.083933732242439052,0.04212249920687329,0.0087803589374688094,0.010124999999999997,-0.0086867823429066515,0.190251935248684,-0.041777130694234034,-0.033052734375000024
2527,0.073382290773595121,0.052661320709991091,0.004351403713356846,0.0038789062499999965,-0.30069688113166382,0.39942472808667429,-0.14702553793585099,-0.15067324218750006
2528,0.056074723979233271,0.038428598345352075,0.0037056863831150511,0.0023085937499999986,0.085373914620598956,0.30344931525126695,-0.045795834132440275,-0.054038554687500046
2529,0.10520457706456333,0.049797941190268008,0.011635393533602018,0.010453124999999997,0.79336245746678147,0.33160281386018853,0.096969525157384509,0.091867734374999996
2530,0.083601773997548062,0.03842983142728762,0.009486107939754693,0.0066679687499999977,0.27600301750746814,0.43629543165050511,-0.033661406970037763,-0.047332500000000027
2531,0.095272619682216758,0.039245880728608171,0.011765615180257804,0.011917968749999997,-0.053808899691410894,0.27682444860284683,-0.069433003141794125,-0.06869097656250002
2532,0.080782009884915962,0.030730841821767621,0.010510745293261152,0.0079101562499999962,0.19052549163597898,0.22191172782345014,-0.0065911095993689437,-0.020086523437500014
2533,0.080060840164188574,0.034623910578376049,0.0095417552130206296,0.0082031249999999986,-0.2331649620913625,0.24953757244317254,-0.10136753225225235,-0.10818445312500001
2534,0.083225104363114366,0.045088981602331712,0.0080085857797643576,0.0053320312499999974,-0.3499056511265759,0.3613539239528053,-0.14936451076667004,-0.16489429687500004
2535,0.092055223618429549,0.033856771173051553,0.012221675013529379,0.0091874999999999978,0.33727145089024546,0.41026099418764772,-0.015327804092454473,-0.032784375000000004
2536,0.079995395065044689,0.041366579539542564,0.0081120512603554459,0.0088124999999999957,-0.41062178901723001,0.63610668685007243,-0.21981297993213347,-0.21599695312500003
2537,0.098900188034844017,0.029366228523790713,0.014602131497321194,0.015363281249999996,-0.135082666257339,0.38489504002206365,-0.10919531831867456,-0.10360886718750004
2538,0.075213675213675224,0.04337342989202507,0.006686451517546532,0.0051914062499999972,-0.3272942936815616,0.63983258792739872,-0.20309664513788167,-0.21232148437499998
2539,0.065603090308701012,0.031921393164802997,0.0070731564002185828,0.0071132812499999963,0.14750975800156119,0.26237647376738804,-0.024122010310823637,-0.024151171875000016
2540,0.084976137748419001,0.032163605093471825,0.011090631857538906,0.011496093749999999,0.1944809826292363,0.23509161750782892,-0.0085282333245044507,-0.0066535546875000403
2541,0.080886408794501985,0.030253117333782192,0.010632991206751156,0.0095976562499999977,0.18338262339082456,0.32111545647950535,-0.028923894948622964,-0.034419375000000002
2542,0.097837587141469923,0.035254444935587353,0.01314245986323534,0.011636718749999999,-0.32355334289896664,0.22153577570721072,-0.11446871490729724,-0.12478980468749999
2543,0.074056052494967689,0.053423356358297577,0.0043328661887007229,0.003785156249999999,-0.33686093681146662,0.5609790487210401,-0.1885463969618264,-0.19097953125000003
2544,0.066313921577079465,0.028740774236944336,0.007890360941428377,0.0051445312499999972,0.13033280888544041,0.71046986155913772,-0.12182878106147643,-0.13517964843749997
2545,0.075973102288891758,0.044981717595541273,0.0065081907856036018,0.0035742187499999993,0.19613981206086495,0.54037038859032593,-0.072288421071186798,-0.088061953124999995
2546,0.089972091651548125,0.036856483105590226,0.011154277794651158,0.0096796874999999973,0.25801906325126811,0.12884866672020345,0.027125783271523578,0.019762148437499995
2547,0.053545429087175189,0.037479308897333141,0.00337388523986683,0.0023437499999999977,0.18841991370855604,-0.13326644647557184,0.067554135638666857,0.062022421874999976
2548,0.086206142375978734,0.032948547104928186,0.011184095006920615,0.010499999999999999,0.37063104189044038,0.50703746986821319,-0.028645349875332286,-0.03137390625
2549,0.096264576829773629,0.037867710906819493,0.012263341843820368,0.012679687499999997,-0.040236732891318572,0.039078867021842489,-0.016656275981763821,-0.014259843750000032
2550,0.063648116702686025,0.042250561435379086,0.0044934866061344574,0.0027070312499999981,-0.14321848950293303,0.30274274714735439,-0.093651859696560355,-0.10243710937500002
2551,0.082442440707224729,0.04263268963922294,0.0083600477242803759,0.0063749999999999996,-0.079807565387049695,0.75216805908880657,-0.17471488113992981,-0.18765539062500003
2552,0.095507307391591995,0.0340363806570885,0.012908894614245733,0.012890624999999998,-0.0045476671025262982,0.14945359903370259,-0.032340265888608062,-0.032521406250000003
2553,0.085207478340173282,0.035732344257976834,0.010389778157261253,0.0097734374999999974,0.31191445508435939,0.60298206309907676,-0.061124197683090645,-0.06394488281250002
2554,0.095655094530656737,0.033128230349522308,0.013130641478038229,0.012632812499999996,0.57592532467532465,0.3619519458883641,0.044934409545261712,0.042546562500000003
2555,0.082421746031412835,0.033272203093570221,0.010321404016946948,0.0077578124999999991,-0.77964640538379004,0.22152176401691293,-0.21024531557414763,-0.22920539062500001
2556,0.099628701685123139,0.028105375802941618,0.015019898435258118,0.013124999999999996,0.27723780445919499,0.2122990132622391,0.013637146151360737,0.0028567968749999648
2557,0.079435285117180537,0.026747203579418344,0.01106449712293006,0.012023437499999998,-0.025655155915266348,0.7892171588366893,-0.17112318609791069,-0.166653515625
2558,0.076341679878025648,0.049066598628297889,0.0057277670624428295,0.0048749999999999974,0.062072926701610243,0.6378795012139582,-0.12091938064759307,-0.12429351562499999
2559,0.068963595979369796,0.042822574436520711,0.0054896145239983077,0.0036328124999999989,-0.063183977713360706,0.17462086428340662,-0.049939016819321135,-0.059948437500000021
2560,0.073449787092343732,0.040399555513125116,0.0069405486316359089,0.006761718749999996,0.043325878617630931,0.5405013273822965,-0.10440684424057976,-0.10558031250000002
2561,0.09180428321946138,0.044450602043467749,0.0099442730469586627,0.010406249999999997,-0.31234961242685144,0.48555314908818703,-0.16755957991815806,-0.16481484374999997
2562,0.075376976291811115,0.034581689885983632,0.0085670101452237704,0.0082851562499999965,0.24111334152370101,-0.47594266500578186,0.15058176137119139,0.14890511718749999
2563,0.080435585086747891,0.029326578448231083,0.010732891394088529,0.011742187499999996,-0.28286028054632706,0.6304838684694184,-0.19180227129330654,-0.18575343750000006
2564,0.087053571428571425,0.042825071900721087,0.0092879849008485702,0.0056601562499999994,-0.40862007783882792,0.71275960575310149,-0.23548973355430516,-0.25279945312500002
2565,0.063793128587467385,0.029252534915542722,0.0072535246711041791,0.006515624999999998,-0.21438890940991784,0.84215365149441912,-0.22187393778991077,-0.22582371093750001
2566,0.061535722853316932,0.043198882521753745,0.003850736469628269,0.0036210937499999971,0.059063640500866876,1.1012818307171346,-0.21886581994541621,-0.21998566406250003
2567,0.070402690169333954,0.026054123343980246,0.0093131990333242785,0.0080273437499999972,-0.56600763328285664,0.54596195215633458,-0.23351361294223014,-0.24274195312500002
2568,0.08400193969317582,0.041654491635410323,0.0088929640921307541,0.0092460937499999965,-0.14207010815258914,0.27776222075707835,-0.088164789071030175,-0.086150976562500009
2569,0.076215230278157797,0.036559283852551611,0.0083277487493772992,0.0077109374999999973,-0.19902170542635678,0.51600865527111617,-0.15015637574646931,-0.15380062500000005
2570,0.085938916738517002,0.03205057386191755,0.011316552004085885,0.0090468749999999976,0.013994993983818871,0.3519415614475403,-0.070968779167381493,-0.084301406250000016
2571,0.085681113684771604,0.04183662916958715,0.0092073417481887358,0.0079218749999999984,-0.27357226024900549,0.28124792862600001,-0.11651223966375115,-0.1250801953125
2572,0.081784879834550073,0.043545385235327652,0.0080302938658367087,0.0047695312499999969,0.37366160756680628,0.56714517953836496,-0.040631550114027325,-0.055127578125000028
2573,0.076651024917113481,0.03451848364077674,0.0088478336680307152,0.0097148437499999969,0.38376197441831961,0.43948601650793029,-0.011702048838818242,-0.0074062500000000231
2574,0.0863602289764209,0.028984764669228655,0.012048847504510371,0.011542968749999999,-0.63609895539243388,0.48706546997134897,-0.2358645293263944,-0.23844140625000002
2575,0.085069258982302443,0.038444444793961086,0.0097912109795516844,0.0093281249999999996,-0.11956822130735167,0.50980529327453361,-0.13216843806219591,-0.13502835937500002
2576,0.066295412357464861,0.042412444924564419,0.0050154231609090931,0.0062460937499999982,-0.82797415079503689,0.58514484604811667,-0.29675498933706224,-0.28753781249999993
2577,0.050634772065501626,0.038246204699064298,0.0026015991469518387,0.00091406250000000081,0.018431637156856251,0.75543442528300131,-0.15477058550649045,-0.16607859375000003
2578,0.091956819440436072,0.044046594759730315,0.010061147182948208,0.0095273437499999985,0.14002352322930278,0.52432285387284194,-0.080702859435143215,-0.083780390625000006
2579,0.071691682842298793,0.038790375075755862,0.0069092746309740152,0.0067851562499999995,-0.17349001961209587,0.33649041547888958,-0.10709589136910694,-0.10810921875000001
2580,0.07581524831033673,0.038316018873447502,0.0078748381817467378,0.0069609374999999992,-0.062345320903277823,1.0667759904206298,-0.23711547537802058,-0.24160113281250006
2581,0.10268421077911036,0.046395468149530772,0.011820635952211712,0.0095976562499999977,0.028549848942598266,0.46718785570080323,-0.092113981419223043,-0.10329398437499999
2582,0.090326237275839383,0.042180945675368411,0.010110511236098903,0.0086718749999999973,-1.0179347978870528,0.053498263223705655,-0.22500094283325928,-0.23643949218750002
2583,0.073658015460597109,0.0397553599080403,0.0071195576660369299,0.0074179687499999966,-0.098843493968861607,0.40563440858768873,-0.10594035953687557,-0.10443257812500004
2584,0.074526082007179251,0.036318980730099565,0.0080234912681867339,0.0069023437499999988,-0.81663026334771516,0.68456725212645675,-0.31525147824957611,-0.32431113281250007
2585,0.080443919653670426,0.041195758189590898,0.0082421139074567006,0.0072304687499999973,0.19446865540279246,1.0701428568936286,-0.18389158231307559,-0.18838429687500002
2586,0.094503104542892763,0.039293673004811125,0.011593980622997144,0.0096210937499999986,0.29638176243623515,0.73797054900947978,-0.092733645180381366,-0.10371503906250004
2587,0.10244393639829075,0.035044006094103367,0.014153985363879349,0.014707031249999997,0.52988553016960127,0.92540851954935799,-0.083059827769748906,-0.081475781250000032
2588,0.088855842802308155,0.051483027020561345,0.00784829131416683,0.0066562499999999972,0.23832545311268716,0.89515597969224336,-0.1379344105817068,-0.14400164062500001
2589,0.068953493799264742,0.039781374155462276,0.0061261451251985177,0.0059999999999999984,-0.14770943897325239,0.31289318982738867,-0.096726552048134615,-0.097451132812499994
2590,0.075978371234070502,0.036139872494133404,0.0083660847353867907,0.0081328124999999977,-0.5901396469154867,0.46136637245517598,-0.22081626406783916,-0.22276464843750005
2591,0.076935567878917865,0.030552706872502264,0.0097404008113472756,0.010207031249999996,-0.12775762125065115,-0.021617299544806401,-0.022289467558227399,-0.019766015625000032
2592,0.085448776685636274,0.048555612795802464,0.0077475644168650999,0.0071835937499999973,-0.033394148053106809,0.7813342229546576,-0.17109295791163051,-0.17416101562500003
2593,0.085628988437480263,0.039207908078576825,0.0097484268753697222,0.0090351562499999989,-0.020794455433995496,0.11037864588507329,-0.027546351277004444,-0.031913085937500044
2594,0.048343052969962108,0.045667791338358202,0.00056180494263682033,0.0020859374999999993,-0.075727281481005937,-0.17163555767470462,0.020140738000676724,0.028662656249999988
2595,0.094259367837535316,0.037016272784773721,0.012021049961079935,0.011695312499999994,-0.12968186283094874,0.51114319188085811,-0.13457326148947943,-0.13668644531249999
2596,0.10124441326392941,0.032353016767631262,0.014467193264222611,0.015023437499999997,0.0032631076725326835,0.10465850573297364,-0.021293033592692599,-0.017779921875000042
2597,0.079066261609171656,0.0375065947435856,0.0087275300417730718,0.0088242187499999996,-0.36053304189399715,0.12426408493670849,-0.10180739663444818,-0.10132136718750001
2598,0.11627029635414725,0.041534544410951155,0.015694507908071181,0.013722656249999996,-0.32500220818556957,0.49067334194298617,-0.17129186552699671,-0.183961875
2599,0.070861641950490217,0.04366939023868982,0.0057103728594780833,0.0065507812499999993,-0.28560718469707824,0.46794340026304015,-0.15824562284162486,-0.15394417968750002
2600,0.08645341265498932,0.041639819677630502,0.0094108545252453522,0.010687499999999996,-0.84548419860211022,0.30704198813212225,-0.24203049921418882,-0.23371195312500004
2601,0.07386916978770483,0.028780443772109629,0.0094686324632749924,0.012749999999999997,0.33471087995935744,0.17936223128006634,0.03262321622265113,0.050087578124999969
2602,0.078843702286690215,0.042980168942526598,0.0075313420022743594,0.005367187499999997,-0.21470001645014314,0.14736335408006651,-0.076033307811344028,-0.093219023437499993
2603,0.095530127036205476,0.037481475870101463,0.012190216744881842,0.010769531249999997,0.798686063170435,0.60444660394897376,0.04079028643650686,0.034644843749999994
2604,0.07586323343182777,0.042573196186464574,0.0069909078215262708,0.0077460937499999969,-0.30491041099044458,0.71351869785692379,-0.21387011285794733,-0.2097413671875
2605,0.065386356093292713,0.030989492266739388,0.0072233414035761979,0.0054257812499999992,-0.47938355007090483,0.24682256125582314,-0.15250328337861288,-0.1630702734375
2606,0.074501886308588339,0.03591275167785235,0.0081037182724545565,0.0091054687499999981,-0.49006716851382137,0.22407619686800895,-0.14997010673018435,-0.14136890625000004
2607,0.095260765475005449,0.031628626606336849,0.013362749162420405,0.015867187499999998,-0.42961082972488851,-0.44435621302433792,0.0030965304928843762,0.024066328124999998
2608,0.11048549620539114,0.0358018018018018,0.01568357582475376,0.014472656249999995,-0.72599085019279608,-0.074200945945946062,-0.1368758798918385,-0.14771378906250004
2609,0.094647481454078142,0.038565282520694161,0.011777261776010635,0.011261718749999998,-0.40888634416557967,0.29817577393692607,-0.14848304480152619,-0.15138164062500001
2610,0.064564680456931145,0.036395409139985763,0.00591554697655853,0.0040546874999999993,-0.10380480086446431,-0.078651163947818126,-0.0052822637524956983,-0.013419960937500008
2611,0.10475680499776885,0.041596911606853901,0.013263577612092138,0.0094804687500000002,-0.033728514056224901,0.75330534801695914,-0.16527711103536863,-0.18283652343749998
2612,0.11726160525330209,0.039922563411334613,0.016241198786813169,0.017953124999999997,-0.89460728733920925,0.48167334700649134,-0.28901893321259708,-0.2752552734375
2613,0.080317775969949878,0.043492426062066825,0.0077333234806554411,0.0072890624999999987,-0.46162684423554023,0.8064231379607788,-0.26629049626122697,-0.27002167968750002
2614,0.090263404037051548,0.026163398074694144,0.013461001252095055,0.011777343749999997,-0.10197070271248831,0.32983295417204017,-0.090678767945750985,-0.10005667968750002
2615,0.089182825668911975,0.046628091931286808,0.0089364940849012853,0.0074414062499999992,0.23175383241212011,0.62932473643650044,-0.083489889845119861,-0.091487929687500011
2616,0.10328084241127719,0.043139102200134768,0.012629765444339908,0.012199218749999997,0.38669493452102138,0.014199711903430279,0.07822399674969413,0.076076132812499975
2617,0.076717005540260147,0.037173717210217103,0.0083040905493090393,0.0084023437499999958,-0.33636772136215909,0.45861837430149544,-0.16694708008936746,-0.16642546875
2618,0.094552561381646832,0.037897168273157811,0.011897632552782695,0.011402343749999997,0.074500477034210033,0.90996428296739595,-0.17544739924596903,-0.1776437109375
2619,0.092557164480507825,0.038785957411557132,0.011291953484479646,0.011332031249999994,0.14545051731151926,0.081145902852206131,0.013503969036455756,0.013522617187499976
2620,0.077970149253731358,0.042520093204509612,0.0074445117703365662,0.0041601562499999989,-0.30770973134328361,0.4845061420066612,-0.16636533340348841,-0.18709593750000003
2621,0.06827132193028862,0.039641640293424457,0.0060122331437414741,0.0063867187499999992,-0.69074582672074292,0.91658320837992535,-0.3375390973711403,-0.33508429687499997
2622,0.078282067588222842,0.036366380482383942,0.008802294292226169,0.010921874999999996,-0.12872112699103377,0.47715669692017881,-0.12723434302135464,-0.11470125000000003
2623,0.078348813209494328,0.034947711572653181,0.0091142313437366403,0.0093046874999999987,-0.13933530558422214,0.47587550629642927,-0.12919427049493679,-0.12787031250000003
2624,0.081808317145559001,0.047031804378807635,0.0073030676810177863,0.0063281249999999978,0.16434309066780717,0.34387597354601662,-0.037701905404423981,-0.04429816406250002
2625,0.086183036554606046,0.050712401996608508,0.0074488332571794828,0.0055429687499999967,-0.3526918796822649,0.49744664124962101,-0.17852908939569603,-0.19187449218750005
2626,0.056481817065070716,0.033325743965722993,0.0048627753508630215,0.0046289062499999985,-0.042796535178750705,0.39753393828227468,-0.092469399426815327,-0.094035585937500027
2627,0.091760260672408528,0.033669479402092375,0.012199064066766392,0.012457031249999997,-0.27901904019596946,0.30148593063384033,-0.12190604387426004,-0.12018550781250002
2628,0.090372575579958703,0.032625370704840909,0.012126913023774737,0.014156249999999995,-0.19193295692045431,0.1465461569335742,-0.071080613909345988,-0.058299375000000021
2629,0.075524447059433036,0.044231302837753964,0.0065715602865526052,0.0079453124999999975,-0.044041415498247805,0.22577149091226789,-0.056660710346208294,-0.04652695312500002
2630,0.075213779344689202,0.044748361221321392,0.0063977378059072399,0.0060585937499999971,-0.47034739238694245,0.27442919469840732,-0.15640308328792343,-0.15881261718750003
2631,0.092594256408513015,0.048642020341561287,0.0092299695740598632,0.0084257812499999966,0.21860128504148091,0.13102374126965677,0.018391284192083069,0.014288671874999982
2632,0.068570929419986021,0.041775678720462658,0.0056270026468999059,0.0046640624999999981,0.093711565338923886,0.91543388461716979,-0.17256168704843164,-0.1784848828125
2633,0.09149690212071826,0.0438063597532036,0.010015013897178078,0.0077812499999999974,0.072400854189462183,0.15550616990982458,-0.017452116301276101,-0.031490742187500025
2634,0.075983098086135237,0.048126439121699796,0.0058498983825314424,0.0043359374999999978,0.27981403847181996,1.1234833807582623,-0.17717056188015287,-0.18348117187500002
2635,0.07845287570362286,0.040567979920471536,0.0079558281144617785,0.0062109374999999977,0.40836382177270003,0.14131662483431562,0.056079911357060724,0.047251054687499988
2636,0.096726545728579943,0.039809767583619468,0.011952523410441699,0.011390624999999996,0.14638968456976509,0.57215850273899083,-0.089411451815537404,-0.092481210937500002
2637,0.063716579749308638,0.034316659675715441,0.0061739832154545709,0.0054609374999999979,-0.35591022643875381,0.6922892669530849,-0.22012189361228615,-0.22431609375
2638,0.086010517567350842,0.033604296643685638,0.011005306393969693,0.010277343749999996,0.77348282632891241,0.48330250905717498,0.060937866627064859,0.057626601562499984
2639,0.068502969114680484,0.031119583088542971,0.0078505110654888775,0.0063632812499999957,-0.17727155101039305,0.29023250787907973,-0.098175852366789274,-0.10775050781250003
2640,0.078707108436066653,0.036048428271491573,0.0089583228345607672,0.0075585937499999967,0.092414192680613905,0.18878438359447247,-0.020237740091910299,-0.028128515625000041
2641,0.092125237738196752,0.042498192677259433,0.010421679462796837,0.0094101562499999975,-0.014457944783797583,0.65940396836757553,-0.14151100176178835,-0.14813953124999998
2642,0.084958147001490653,0.040306498959209486,0.0093768460888790442,0.0095742187499999968,0.25086568054122238,1.040285653998315,-0.16577819442598943,-0.16507652343750004
2643,0.088127139586025527,0.038845325488916269,0.010349180960392943,0.0089296874999999984,0.052439456800199458,0.38089371857642951,-0.068975394973008308,-0.076170937500000008
2644,0.10523924894003633,0.04597574773100481,0.012445335253896619,0.011261718749999998,-0.26973870381586917,0.42152969151280939,-0.1451663630190225,-0.15239671875000002
2645,0.11984143514506636,0.04714188685785918,0.015266905140313506,0.015867187499999994,-0.51266090918655927,0.15666657149364105,-0.14055877094284205,-0.13588851562500004
2646,0.076466831912709282,0.039492908784039105,0.0077645238570207371,0.0069960937499999962,0.3168621835251334,0.12938477718719299,0.039370255330967482,0.035391445312499971
2647,0.068765074558144956,0.035988531571892107,0.0068830740271130977,0.0062929687499999973,-1.3952025506661774,0.55155065177461249,-0.40881817251256586,-0.41317957031250002
2648,0.085848919024543474,0.052596692891977465,0.0069829674878388618,0.0059882812499999979,0.38928316987900635,0.73605240425690899,-0.072821539219359549,-0.077635546875000017
2649,0.096481862782480499,0.037600582397019675,0.012365068880946772,0.011132812499999995,0.084637891151274958,0.69651326671419367,-0.12849382886821292,-0.13591476562500002
2650,0.083395625769358078,0.040618360549823068,0.008983225696102352,0.010992187499999997,-0.25093509314113782,0.13482395091982946,-0.081009399252803121,-0.068546132812500035
2651,0.077849174475680488,0.036291617995008033,0.0087270868609412161,0.005074218749999998,-0.62992289156626513,0.35253666680315265,-0.20631650725757772,-0.24259195312500004
2652,0.088148073057721765,0.024479140406603803,0.013370475856734771,0.013769531249999996,0.27211864575482225,0.37846754956499362,-0.022333269800135988,-0.020418867187500016
2653,0.074605472920597327,0.031396256474297821,0.009073935453722896,0.0087890624999999983,-0.11809372851856748,-0.10867684505943442,-0.0019775455264179407,-0.0043299609375000436
2654,0.092353034528100841,0.046167913317148077,0.0096988754543000811,0.0083203124999999961,0.31983078283343536,0.18318849454445807,0.028694880540685228,0.021225117187499986
2655,0.087362834084883184,0.036638427488994763,0.010652125385136569,0.0093398437499999983,0.5464583857482922,0.075694764499161571,0.098860360462317429,0.092814843749999987
2656,0.073096085669294403,0.029748882008943933,0.0091029127686735982,0.0086953124999999982,0.65481136533306716,0.17343834095041522,0.10108833512035691,0.098385937499999979
2657,0.084207078621718195,0.046897968210984561,0.0078349131862540632,0.0072890624999999987,0.10040774712543699,0.36110849559145214,-0.05474715717786318,-0.057109570312500038
2658,0.087493468289756321,0.035856775704133051,0.010843705442980887,0.0094804687499999967,-0.20491337016895383,0.6480790970764192,-0.17912841812152833,-0.1864151953125
2659,0.11090958102749443,0.038552652943339247,0.015194954897672587,0.015023437499999997,0.62878661542083281,0.097928690938559715,0.11148016414127734,0.11063027343749997
2660,0.071559586315083773,0.046047492190239556,0.0053575397662172855,0.0043242187499999973,0.08138118439189268,0.33140472081017447,-0.052504942647839177,-0.057079453125000026
2661,0.068724226618963463,0.053067912066251083,0.0032878260560695997,0.00032812499999999801,-0.04072050519418946,0.98209593214165647,-0.21479145184052764,-0.22848750000000004
2662,0.079228767475956391,0.036303362539113621,0.0090143350367369816,0.0074882812499999984,0.28695073191426612,0.22863541239604335,0.012246217098826782,0.0050157421874999983
2663,0.09868981342020805,0.04406658854021038,0.01147087722479951,0.013453124999999996,0.12446995645107917,0.42860331852149536,-0.0638680060347874,-0.051155039062500018
2664,0.086567308519849062,0.03392271307981598,0.011055365042406947,0.01048828125,-0.34607457365477379,0.88255528553742746,-0.25801227043036223,-0.26158945312500004
2665,0.0877016691788087,0.034939731992547851,0.011080006809114779,0.010957031249999997,-0.021576856445497561,0.14021934412246639,-0.03397720211927243,-0.034640859374999992
2666,0.077684555945425532,0.021670492750288664,0.011762953270978743,0.011285156249999994,-0.082627540888410733,0.58999169997872203,-0.14125004058209786,-0.144035625
2667,0.091441434331636373,0.033979087274666198,0.012067092881963736,0.011238281249999997,-0.073762473729133471,0.6549540788261512,-0.15303047603660977,-0.15667242187499997
2668,0.076087045434095613,0.037488300736752467,0.0081057363864420612,0.0070195312499999971,-0.46162236322009587,0.52293606534160952,-0.20675726999795813,-0.21329718750000001
2669,0.10069524998434952,0.042666248721325142,0.012186090265235119,0.012796874999999996,0.41316633340330011,0.57623417906625618,-0.034244247589220775,-0.031140820312500032
2670,0.068454597430763736,0.04493613406384879,0.0049388773070521384,0.0029648437499999987,-0.11633445159376965,0.3512736647916288,-0.098197704440933675,-0.10944445312500002
2671,0.063613216307701503,0.038446326662120237,0.0052850468255720654,0.0024843749999999996,0.017200820777042214,0.61536100647167724,-0.12561363899587336,-0.14033003906249999
2672,0.0849611547938251,0.03099549549549549,0.011332788452649218,0.010160156249999996,-0.41567296220467242,0.48544675675675664,-0.18923514098190009,-0.19806867187500005
2673,0.087270406211487989,0.040015389800473714,0.0099235534463129969,0.0097031249999999982,-0.12859555676941425,0.83431937293860536,-0.20221213523868412,-0.20334632812500003
2674,0.074406389455048016,0.043467608815785569,0.0064971439342451139,0.0075585937499999959,0.10120124487648646,0.77011691210000077,-0.14047229011693801,-0.13691449218750001
2675,0.1086028394113821,0.030036093998584271,0.016499016536687543,0.016640624999999996,0.51165657598090752,0.0036958376260660675,0.1066717550545167,0.10731082031249997
2676,0.063200424740852856,0.034496461808825818,0.0060278322157256781,0.0043945312499999991,-0.040458171990465641,0.43113540121752747,-0.099034650373678548,-0.10684875000000002
2677,0.097270035942675886,0.033027867715078624,0.013490855327795424,0.011496093749999999,-0.36772298047033347,0.22469299259944497,-0.12440735434465347,-0.13852722656250005
2678,0.07679421618762125,0.054208534066096992,0.0047429932455200939,0.0051328124999999976,-0.05150311526479745,0.91485938084033791,-0.20293612418207843,-0.20100187500000005
2679,0.095694881436574314,0.045393580914524251,0.010563273109630513,0.0078515624999999992,0.52581003952114203,1.008786756334759,-0.10142511053085956,-0.11678578125000003
2680,0.08047591589031089,0.030008564878958102,0.010598143712384085,0.0097851562499999978,-0.38881635917602897,0.22750393606569763,-0.12942726200076257,-0.13440679687500004
2681,0.08495854764121899,0.033773101911898529,0.010748943603157297,0.012363281249999995,-0.15880664462430638,0.51779697659381241,-0.14208676045580493,-0.13180078125000003
2682,0.073750645387502201,0.028956307517089885,0.0094068109527865856,0.010734374999999997,0.2481260567016268,0.7192271251920076,-0.098931224382979965,-0.093217851562499995
2683,0.064797464455071091,0.024010847417599415,0.0085651895778690521,0.0096679687500000003,-0.2495752611418629,0.23610480335477368,-0.10199281354429368,-0.095351249999999985
2684,0.071736878006738558,0.046030823423428291,0.0053982714624951555,0.0048398437499999978,0.018961982386316856,0.41141011273331773,-0.08241410737287018,-0.085510664062500019
2685,0.091359796470856847,0.039748844052122742,0.010838300007934162,0.0080390624999999976,0.073563307061308647,0.4413329093649897,-0.077231616483773025,-0.088727343750000007
2686,0.06141358869129046,0.027166544926216396,0.0071918791906655536,0.006562499999999998,0.34806155950752393,0.33515213996894,0.0027109781031026256,-0.00029601562500003453
2687,0.088875859495762488,0.029472859525041681,0.012474629993851368,0.012128906249999998,0.38009139019394328,0.92251367445805288,-0.11390867969546301,-0.1154246484375
2688,0.092764776044608477,0.041868834621168166,0.010688147698922465,0.010464843749999999,-0.30608298220677665,0.1956067710631334,-0.1053548481866811,-0.10676367187499998
2689,0.074143007411178741,0.034438861676025584,0.0083378706043821631,0.0059414062499999962,-0.11555176777986464,0.32722869449880343,-0.092983897078520297,-0.10647234375000003
2690,0.087164364818730217,0.03807402415322178,0.010308971539756771,0.0082265624999999978,0.3368709348627375,0.059344775260445459,0.058280493516481326,0.048366093750000012
2691,0.075196975571571123,0.045947576866967751,0.0061423737279667082,0.0064453124999999979,0.45885997299092873,0.66858281305619893,-0.044041796413706744,-0.04260105468749998
2692,0.078249190355197146,0.023182482105246177,0.011564008732489703,0.011882812499999998,-0.16490505665754024,0.75229508567872738,-0.19261202989061621,-0.19154097656250002
2693,0.10063534814183944,0.041311673957299955,0.012457971578753292,0.013277343749999997,0.023480773183570669,0.47840106755728251,-0.095533261818479487,-0.091963710937500026
2694,0.09278378562198189,0.062396381663464784,0.0063813548312885923,0.0049101562499999987,-0.14540823868144814,0.83803368570704784,-0.20652280412158414,-0.21652839843750002
2695,0.084738091850601743,0.032338122509306261,0.011003993561672051,0.011578125,0.15242233762283464,0.3689436292077749,-0.045469471232837455,-0.042920156250000029
2696,0.1018993148010941,0.032338815228708184,0.014607704910201042,0.013171874999999998,0.37660308019208294,0.48619054904894543,-0.023013368459941123,-0.029481210937500012
2697,0.074163154770373496,0.055096101282300441,0.0040040812324953412,0.0045820312499999976,-1.2529508023804032,0.27495532478414086,-0.32086028670455424,-0.31589695312499999
2698,0.088649759407953443,0.037765495126124635,0.01068569549918405,0.010406249999999997,-0.13243539116317848,0.04918950518800036,-0.038141228233747555,-0.039672421875000016
2699,0.073229419692827813,0.036523920418607317,0.0077081548475863041,0.0073710937499999974,-0.31507753927219839,0.22737782833074582,-0.11391562719661828,-0.11618554687500002
2700,0.11965609335991174,0.037133163775456432,0.017329815212735616,0.016042968749999997,0.15825211433879727,0.52482235153418666,-0.07697974981103177,-0.0837420703125
2701,0.064469365326606798,0.030831941295135154,0.0070638590466090452,0.0068789062499999987,0.20209492351547076,0.21900614618328973,-0.0035513567602419838,-0.0046510546875000005
2702,0.066801938219261059,0.031289296837100897,0.007457654690253634,0.0063164062499999982,0.18751029678982445,0.20271325756814484,-0.0031926217634472829,-0.0086975390625000232
2703,0.10353743590871275,0.039462592973590643,0.013455717016375643,0.013488281249999998,0.053381344533503294,0.61789094815408974,-0.11854701676032314,-0.11859574218750002
2704,0.092518268067391163,0.031243394144320827,0.012867723523844771,0.010546874999999997,0.19133620180955435,0.84757368998039639,-0.13780987251587681,-0.148970390625
2705,0.083034414091504305,0.041372836051744785,0.0087489313883494981,0.0077695312499999969,-0.13469458998366113,0.31998466363990752,-0.095482643260949407,-0.10073812500000001
2706,0.092532181273144082,0.045839826138592582,0.009805394578255815,0.010171874999999997,0.27073010345030246,0.81468896308739713,-0.11423136052378988,-0.11227746093750003
2707,0.080972796682469567,0.044009981126340414,0.0077621912667871218,0.0052499999999999969,-0.43262961803043243,0.356405078216121,-0.16569728621177621,-0.1804048828125
2708,0.071613213447723589,0.037665422463522225,0.0071290361066822863,0.0052968749999999986,-0.37562609138927738,0.49162544099818573,-0.18212282180136724,-0.19322542968749995
2709,0.090442982119561061,0.056240157160716314,0.0071825932413573969,0.0046171874999999972,-0.25166463625201474,0.83585197953679424,-0.22837848931564989,-0.2419517578125
2710,0.081718016944234778,0.041797207076169338,0.0083833700722937415,0.0050507812499999971,-0.31368169577133664,0.83461748568791605,-0.24114282810644305,-0.26165589843750003
2711,0.098685743927160868,0.034507006627206946,0.013477534832990324,0.012808593749999996,0.37773315821669096,0.59213294323311016,-0.045023954853448032,-0.048384492187500017
2712,0.071026576453738666,0.035740270349616424,0.0074101242818656703,0.0080859374999999976,0.27296228731919814,0.88382970768892799,-0.12828215827764328,-0.12550464843750003
2713,0.081436081043153724,0.034843902117446743,0.009784357574398465,0.0089296874999999984,0.16988306240565565,0.47993954169948783,-0.065111860651704753,-0.07009617187500003
2714,0.07373803712983007,0.048212261869853668,0.0053604128045950444,0.0029296874999999987,-0.19650944101650736,0.36752080922254882,-0.11844635255020179,-0.13443867187500003
2715,0.092956646985739577,0.043812601338991342,0.010320249585817129,0.010359374999999997,0.37111965050778239,0.94031947361522306,-0.11953196285256254,-0.11952503906250003
2716,0.076555870786764596,0.039974295832580373,0.0076821307403786869,0.0070898437499999981,0.11666814060656761,0.48458577540905068,-0.077262703308521447,-0.080604726562500006
2717,0.090907136904111396,0.039608108108108095,0.010772796047160693,0.0095624999999999981,0.29639096656342445,0.275942162162162,0.0042942489242651155,-0.00091957031250003321
2718,0.075750353587860447,0.042360568419373648,0.0070118548853822273,0.0048984374999999983,0.18027682854469762,1.3028749656310921,-0.23574560878814282,-0.24620718750000001
2719,0.081060548666423704,0.035383378896190268,0.0095922056517490206,0.0068085937499999978,0.36061098452782603,0.728026052898194,-0.077157164357777266,-0.091291406249999985
2720,0.092211582307341527,0.039294242968386045,0.011112641261180651,0.010511718749999999,0.53397783857729131,0.15960206749510875,0.078618911927258339,0.075326484374999975
2721,0.091525166644546713,0.040081521739130432,0.010803165430137419,0.0087890624999999983,-0.30281996971822778,0.86624956637372819,-0.24550460257931075,-0.25744957031250004
2722,0.082258854449163893,0.037480519790676042,0.0094034502782824481,0.0080976562499999964,0.24956448703471057,0.26605856645936588,-0.003463756679177614,-0.0096425390625000194
2723,0.10068144146356439,0.042220744680851061,0.012276746324369798,0.013617187499999996,-0.07327996418953997,0.72835242221459628,-0.1683428011448686,-0.16249113281249999
2724,0.078775657826287288,0.035277128076354136,0.0091346912474859609,0.01093359375,0.094225112589737536,0.027127783549286577,0.014090439098494702,0.025193437499999992
2725,0.089061388882451326,0.030015323785475098,0.012399673670365007,0.012222656249999997,0.056631503258566362,0.84428858667867279,-0.16540798751822233,-0.166466484375
2726,0.082374145173388008,0.045889686268713606,0.0076617363699816241,0.0079218749999999966,-0.0054842273860200574,0.08639875982485834,-0.019295427314284463,-0.018351445312500013
2727,0.075957162405878714,0.027175646098766507,0.010244118424493564,0.007312499999999997,0.22453921218637318,0.63210836377208646,-0.085589521832999782,-0.1013574609375
2728,0.07446755046563161,0.03098226093956645,0.0091319108004736839,0.0087773437499999996,0.10708538229000908,-0.29378043959519284,0.084181822595892394,0.081952031249999988
2729,0.084205037520687392,0.040157035589264367,0.0092500804055988348,0.0078281249999999983,-0.079449454759799587,0.86236662702988243,-0.19778137717583322,-0.20504402343750006
2730,0.083193842986065358,0.032391158362020833,0.01066856377104935,0.008167968749999999,-0.26765875801394534,0.37650965101401757,-0.13527536589587222,-0.14843824218749999
2731,0.070494974899645846,0.031643845797522413,0.0081587371114459212,0.0079335937499999988,-0.78677202952724656,0.32434227015050066,-0.23333400293232689,-0.23485710937500001
2732,0.071550263829124411,0.048626154964863597,0.0048140628614947705,0.0043124999999999986,-0.51191753149399322,0.4276988880100181,-0.19731944809584237,-0.20001621093750002
2733,0.069669635432642679,0.033018415634958678,0.0076967561575136401,0.0059882812499999979,-0.55616707067581272,0.050679009560337551,-0.12743767684959156,-0.14059148437500002
2734,0.070840728289985749,0.049945664607641271,0.0043879633732923405,0.0058476562499999987,-0.57599921764880646,0.50350799302219162,-0.22669651424090956,-0.21591960937499999
2735,0.078183095100388317,0.040152796838684543,0.0079863626349577915,0.0072656249999999978,-0.058127360255843197,-0.072085819309406385,0.0029312764012482694,-0.0014055468749999988
2736,0.087895475002281481,0.018421722518564776,0.014589488021580508,0.012152343749999999,-0.084045456510358107,0.14299859561161277,-0.047679250945613885,-0.064533046875000041
2737,0.081604209154070656,0.032176366213073099,0.010379847017609486,0.011824218749999997,0.045596560186854096,0.48126848156588864,-0.091491103489597256,-0.084576445312500012
2738,0.10829684411388923,0.042509264972809505,0.013815391619626742,0.012222656249999997,-0.084839105858930619,0.41017799212612649,-0.10395359057686199,-0.11191734375000006
2739,0.070230975661209533,0.041041016827656235,0.0061298913550461923,0.0067148437499999995,0.15818486883741933,0.3045004754124071,-0.03072627738074743,-0.027749531249999997
2740,0.087470747825404399,0.04459228955602848,0.0090044762365689424,0.0095859374999999972,0.38422365832478866,1.0598344598376044,-0.14187826831769129,-0.1391377734375
2741,0.062212410452153921,0.026956385752989268,0.0074037651868245772,0.0059296874999999957,-0.72964860137958387,0.37492927072898941,-0.23196135314280039,-0.24207035156250001
2742,0.074101762250937842,0.028156389528467302,0.0096485282717188123,0.010042968749999997,-0.18156379748983131,0.53788068547867551,-0.15108334142338642,-0.14896910156250001
2743,0.071189381592923207,0.020391873771664099,0.010667476642464412,0.0081562499999999986,0.10186150052657794,0.20467442951971659,-0.021590715088559115,-0.035984531250000021
2744,0.095111109235790386,0.030751928977865162,0.013515427854164297,0.011695312499999997,0.22343202777858984,1.0709604129596979,-0.1779809608880327,-0.18731824218749998
2745,0.095131964595995905,0.032752379228977668,0.013099712927073829,0.012105468749999997,-0.062481572921085138,0.56508668622086367,-0.13178933441980925,-0.13646003906250001
2746,0.060759782832167042,0.036198680351906168,0.0051578315208547837,0.0048164062499999986,-0.43014007782101205,0.63674619774596053,-0.22404611786906423,-0.2262057421875
2747,0.082050124768922622,0.036273574798934491,0.0096130754936975069,0.0083789062499999983,0.020791088513182232,-0.34798867585044324,0.077443750516361348,0.070413984374999974
2748,0.080084538617655326,0.03742265613398979,0.008958995321569763,0.010371093749999998,0.45141170109278,0.22758668429819473,0.047003253526862909,0.052168359374999994
2749,0.054315325386610575,0.026948564863256821,0.005747019709904288,0.0041718749999999985,-0.43566119570559214,0.73924230587737705,-0.24672973533242351,-0.25537769531250004
2750,0.097137808400216796,0.039150626695141758,0.012177308158065758,0.0080624999999999968,-0.51412402087803577,0.95929735955205642,-0.30941848989031934,-0.33237398437500004
2751,0.073124098124098119,0.034553676476943504,0.0080997885459024692,0.0059765624999999975,-0.14623124098124096,0.32727737095028142,-0.0994368085056197,-0.11031046875000002
2752,0.088078719274306688,0.035094610670916487,0.011126662806711941,0.011003906249999997,0.21514884784655897,0.88974788444703812,-0.1416657976861006,-0.14241222656250002
2753,0.093058393843210574,0.033292291175590336,0.012550881560200249,0.010957031249999995,0.23033454353087823,0.5258109657707728,-0.062050048670377854,-0.070337695312500004
2754,0.085122915333358418,0.036552186107500689,0.010199853137430123,0.0084140624999999979,0.36798572450400946,0.44279923107679708,-0.015710836380285399,-0.02340691406250001
2755,0.07736431399953414,0.040401008710181485,0.0077622941107640571,0.006832031249999997,0.13146415676682977,0.78534135669550365,-0.1373142119850215,-0.14197277343749998
2756,0.084464581185622833,0.033145458577591436,0.010777015747686592,0.012585937499999998,0.21222081826068551,0.33696532755342978,-0.026196346951476296,-0.017558671875000015
2757,0.092038586415308793,0.032464588321314394,0.012510539599738824,0.013019531249999999,0.068232301916355653,0.32528142069647747,-0.053980314943825582,-0.051554765625000026
2758,0.075566650659025347,0.046106459208019382,0.0061866402047112525,0.006175781249999999,0.20814637924554846,0.41891438404038595,-0.04426128100691587,-0.044433515625000017
2759,0.082771368289556363,0.033007847796461084,0.010450339303550008,0.0092109374999999969,0.39481926332646977,0.46934911321245942,-0.015651268476057828,-0.023050546875000015
2760,0.054952903820234961,0.0464230780288655,0.0017912634161875868,0.0014414062499999998,-0.90866854492983173,0.74502864268874713,-0.34727640939990156,-0.3495819140625
2761,0.086293301803945427,0.031843868305415843,0.011434381034691212,0.012011718749999997,-0.50957544485382511,0.89723551534777723,-0.29543030164233647,-0.29134980468750005
2762,0.085454463336826686,0.02967907264129345,0.01171283204606198,0.012539062499999996,-0.44548347016407708,0.84183310734496142,-0.27033648127689808,-0.26360109375000002
2763,0.070341452396190191,0.020418299821349198,0.010483862040716607,0.0085546874999999981,-0.20191225388698586,0.48392705208552744,-0.1440262542542278,-0.15374109375
2764,0.074719772253238198,0.046063674994742898,0.0060177804242840128,0.0040312499999999992,0.29761687195025022,0.55128062131033495,-0.053269387365617794,-0.063453632812500035
2765,0.092315161077440061,0.0296267271992154,0.013164571114427178,0.012316406249999997,-0.5279661839779719,0.43387748053740427,-0.20198716954822898,-0.2077790625
2766,0.083970123106581196,0.025716806591991825,0.012233196468063767,0.012269531249999998,-0.7837273733475536,0.46892190148278212,-0.26305634771437048,-0.26273285156250004
2767,0.10194051710868204,0.03615582702009322,0.013814784918603653,0.014613281249999997,0.019761815880846134,0.728506622664019,-0.1488364094244663,-0.1446048046875
2768,0.089564570767578289,0.054930886281145078,0.007273073742150974,0.0065507812499999993,0.16701532434836297,0.18356553804547615,-0.003475544876393768,-0.0072549609375000476
2769,0.098895978547180047,0.045638265020374866,0.011184119840629088,0.011835937499999996,-0.40473819099500585,0.6623377137558164,-0.22408593999767268,-0.21928136718750005
2770,0.11566848808868621,0.02825000639299928,0.018357881156094255,0.019136718749999997,-1.0326172458526615,0.52753081887298459,-0.32763109359238568,-0.32087871093750003
2771,0.097359733973103935,0.038860188334689336,0.012284904584067065,0.011214843749999997,0.29613177205384056,0.43929477676176376,-0.03006423098866387,-0.035172187500000035
2772,0.062684235690658646,0.032787533618098413,0.0062783074352376483,0.0039492187499999961,0.098921823212472337,0.55003749406739444,-0.094734290879533639,-0.10509457031249997
2773,0.0887551056963925,0.027790664325510611,0.012802532687885197,0.012281249999999997,-0.35725724012153603,0.084039516898309796,-0.092672318974167625,-0.096049101562500003
2774,0.09891300225288438,0.045781677384284694,0.011157578222405934,0.010300781249999997,-0.26507238813329187,0.5865257424203254,-0.17883560741625965,-0.18306785156250002
2775,0.083563610766388491,0.049378347830360228,0.0071789052165659346,0.0067968749999999991,-0.18491639985336938,-0.11080674234606114,-0.015563028076534731,-0.018293671875000007
2776,0.081529372882756357,0.041139400804361362,0.0084818941364629488,0.0077929687499999978,0.10888807344800272,0.28736849857698876,-0.037480889277087065,-0.040912851562499991
2777,0.079682996987583327,0.040839097711135627,0.0081572188480540167,0.0066210937500000002,0.13891234027591726,0.9856423197655424,-0.17781329569282128,-0.1846484765625
2778,0.079701711280658671,0.025745721759981535,0.011330757799342199,0.0082851562499999983,0.05031513570987256,0.70053883998340427,-0.13654697789744166,-0.14948414062499998
2779,0.08998043799657135,0.030178706204533057,0.012558363676328042,0.0091874999999999978,-0.4030033990884605,0.40032771003811385,-0.1686995329165806,-0.194373984375
2780,0.094143382334062609,0.030078925813522978,0.013453535869313322,0.011871093749999997,0.60009397000148912,-0.08748547660869932,0.14439168378813957,0.13659328124999998
2781,0.096629532592619,0.034917863075646927,0.012959450598564135,0.013828124999999995,0.17823008659152972,0.32230694635728008,-0.030256140550807574,-0.02569031250000002
2782,0.071190181564490806,0.034381018003215497,0.0077299243478678144,0.0088828124999999983,-0.12831991528488118,0.55768115314865618,-0.14406022437104285,-0.13755914062499999
2783,0.05670732599125386,0.038461734965000771,0.0038315741155131484,0.0035390624999999988,0.19076678659704849,0.68770306822190364,-0.10435661914121958,-0.1058780859375
2784,0.11014155610947135,0.046069420053088547,0.013455148571840388,0.012644531249999997,0.25119928098869526,0.59587344093330763,-0.072381573588368595,-0.076319414062500021
2785,0.092158333078532911,0.038153153153153152,0.011341087784329748,0.010207031249999998,0.26156330801374028,0.52515540540540528,-0.055354340452249649,-0.062326757812499987
2786,0.09569993216293704,0.037311931991129282,0.012261480036079629,0.0094687499999999963,0.5885193595965803,-0.11259622631937516,0.14723427304235065,0.13124332031249999
2787,0.088501944589378961,0.041697934116547916,0.0098288421992945192,0.011179687499999997,0.05851156577374661,0.44152275129798213,-0.080432348960089453,-0.073462617187500037
2788,0.097881412856574979,0.038246533802098318,0.012523324601440098,0.012820312499999997,0.21731868714982094,0.81897074791687408,-0.12634693276108117,-0.12492597656249999
2789,0.08881207238136779,0.04759853101085329,0.0086548436878080455,0.0071015624999999985,0.094809279560301607,0.61803694725495684,-0.1098778102158776,-0.11906332031250001
2790,0.099915560214302368,0.044532332311777514,0.011630477859530218,0.010746093749999996,0.38471829140461189,0.41217631612628292,-0.0057661851915509149,-0.010042968749999997
2791,0.096119633056398063,0.053317813304175843,0.0089883821479666663,0.010828124999999997,-0.70038595495576161,0.039059925201399892,-0.15528363483300392,-0.14229820312500002
2792,0.10072622941301698,0.040248109515302083,0.012700405178520129,0.011355468749999997,0.51258314625224988,0.70661694741627046,-0.040747098244444321,-0.046316953125000032
2793,0.076944759336989493,0.037082095675533874,0.0083711593689056799,0.0088359375,0.0017904653941605009,1.0241790530467823,-0.21470160340705055,-0.21195222656250004
2794,0.090142181213058253,0.03528551109512966,0.011519900724765005,0.010195312499999996,0.10943264852856149,0.090980172487016508,0.0038750199687244465,-0.0048587109375000104
2795,0.086276227666239103,0.043896396396396392,0.0088997645666669695,0.0076992187499999977,0.64219684981922276,0.43612986486486482,0.043274066840415168,0.037257773437499961
2796,0.076953223278047655,0.035911927927367623,0.0086186720236428056,0.0071835937499999973,-0.415734212614426,0.83852537996586196,-0.26339451444186046,-0.27264023437500007
2797,0.06469574394664282,0.022378308471023706,0.008886661449880014,0.011050781249999999,-0.77112683270296412,0.29573593551408095,-0.22404118132557946,-0.20603027343750008
2798,0.078278809313292091,0.039053350991084868,0.008237346247663516,0.0067617187499999986,0.047317826293953535,0.089332677628536472,-0.0088231187802624168,-0.016281210937500016
2799,0.072387247100748509,0.046419484215973777,0.0054532302058026933,0.0051328124999999976,0.27052755335917217,0.54510520887240521,-0.057661307657778937,-0.059342343750000019
2800,0.10352498516349168,0.024394223088204839,0.016617460035810237,0.015152343749999997,-0.012072131417016574,0.13519266375595085,-0.030925606986323156,-0.038607070312500012
2801,0.065645189693445155,0.036499835078034143,0.0061205244692363126,0.0046289062499999993,-0.68048871046033221,0.042229942253638852,-0.15177091706993392,-0.16219734375000003
2802,0.06940280961617587,0.018560434763338948,0.010676898719095752,0.011062499999999998,0.17179142420501969,0.030177893385555765,0.029738841472087423,0.031625039062499985
2803,0.091860573778151572,0.038527112790032333,0.01120002680750504,0.013769531249999996,-0.45663517428277745,0.53107132242701061,-0.20741836430905547,-0.18742910156250006
2804,0.085210040019561228,0.047188198846966622,0.0079845866462448668,0.0064335937499999992,0.15709823293505076,0.80913565107877905,-0.13692785781018293,-0.14437582031250001
2805,0.10412915152251645,0.039840079932046565,0.013500705033998675,0.014214843749999997,0.23604979801662257,0.36197156758889837,-0.026443571610177918,-0.02368898437500002
2806,0.095323428073634919,0.035375544440125473,0.012589055563036983,0.0077460937499999986,0.17305045977433231,0.46995655300166439,-0.062350279577739733,-0.088914375000000004
2807,0.071121489024513596,0.045388509484635881,0.0054039257033743201,0.0033984374999999978,0.28048440743934211,0.29790605263863545,-0.0036585454918516024,-0.014424257812500016
2808,0.082865773926481062,0.038830048308721291,0.0092475023797295511,0.0076992187499999995,0.0092581474649394702,0.10609972176322913,-0.020336730602640827,-0.028379882812500003
2809,0.06512357028120222,0.03106596853754387,0.007152096366168253,0.0057421874999999999,-0.19845764548779821,0.7030284874471795,-0.18931208791634532,-0.1986699609375
2810,0.093436990449569046,0.030975785048529769,0.013116853134218247,0.012164062499999996,-0.063507890752387608,0.32209627190730883,-0.080976874158536244,-0.088309335937500039
2811,0.066892212725546074,0.029877034727212856,0.0077731873796499755,0.0094804687499999984,-0.3913829534662866,0.64293977931290491,-0.21720777388363022,-0.20528566406250001
2812,0.11953914556915743,0.030560555321030233,0.018685503952106712,0.018398437499999996,-0.012277982536966436,0.35822609868033328,-0.077805857055632935,-0.079304414062500023
2813,0.071277892821892369,0.031475469569915759,0.0083585088829150871,0.0068671874999999983,0.081066362176075435,0.63496398458419312,-0.11631850070570471,-0.12381925781250003
2814,0.099239940008642835,0.039220229094407449,0.012604139291989431,0.011355468749999997,0.31227111953604736,0.19008337463638902,0.02565942642892825,0.019099453124999995
2815,0.083965203079997663,0.052354137896005556,0.0066383236886383423,0.006996093749999998,0.3724260859342855,0.12690225237751396,0.051560005046922021,0.053147343749999978
2816,0.078335187113359322,0.024331183716653659,0.011340840713308188,0.010570312499999996,0.066143208378539264,0.43871372521853041,-0.078239808536398142,-0.081825703124999996
2817,0.08491781144040475,0.034443974205718431,0.010599505819284127,0.0097382812499999961,-0.14981790322458288,0.45393128124753224,-0.12678732873914417,-0.13198324218749999
2818,0.080629005594599207,0.032469612792238922,0.010113472488495659,0.0083906249999999988,-0.25427476965144791,0.21391360726472786,-0.098319559152396901,-0.11105085937500003
2819,0.072460272707928125,0.024826554958164271,0.010003080727450408,0.0099843750000000002,0.54428286631828415,-0.15052841640003944,0.14591036937084795,0.14560359374999998
2820,0.093742057668500411,0.039618862886364223,0.0113658709042486,0.010570312499999996,0.027990411356976219,0.89144696072751117,-0.18132587536781233,-0.18561433593749999
2821,0.077695089130384004,0.041733812853459673,0.0075518680181541091,0.0084492187499999975,-0.16070728300787218,0.3206852672861541,-0.10109243556174552,-0.096592148437500025
2822,0.059473513557206703,0.036193318831048371,0.0048888408924932496,0.0041718749999999985,-0.78982269136086847,0.31377484921558374,-0.23175548352105496,-0.23621953125000006
2823,0.1081848357791754,0.038370086370457662,0.014661097375830724,0.013734374999999997,0.0060616119263917634,0.62536110052362348,-0.13005289260541866,-0.13564382812499998
2824,0.090185466899310313,0.037109554530515898,0.011145941597446826,0.010441406249999997,-0.37589727388931271,0.45091156775581021,-0.17362985674547582,-0.17883515625000002
2825,0.065433749461193597,0.038959843774550515,0.0055595201941950473,0.005437499999999997,0.0079738682319737686,0.89778343920450721,-0.18686000990423202,-0.18766687500000007
2826,0.089082156292013742,0.026767349250055347,0.013086109478811262,0.012058593749999997,-0.38501243212640901,0.87349534368939463,-0.26428663292131876,-0.27208230468750005
2827,0.068896807832251772,0.039088423779903111,0.0062597606509932182,0.003726562499999999,0.067807974792752801,0.81037696624944378,-0.15593948820590509,-0.16860105468750003
2828,0.068430951730596656,0.042442524057472814,0.0054575698113560065,0.0084023437499999975,-0.64730919733094017,0.082133095182811755,-0.15318288142788788,-0.13376835937500001
2829,0.09656708595387839,0.040905082509736193,0.01168902072326986,0.010746093749999996,0.35717155835080372,0.60699485377781082,-0.052462892039671485,-0.058285429687500015
2830,0.081936257485380581,0.031052580293857851,0.010685572210219773,0.0082851562499999983,-0.14717275812457165,0.36047856746727858,-0.10660677837428854,-0.12203636718750001
2831,0.10812557888237112,0.038622477983310699,0.014595651188802688,0.012914062499999997,-0.14859649969126276,0.47411968246978431,-0.13077039825381989,-0.14268796875
2832,0.074237347910421442,0.030272782147279367,0.009232558810259835,0.0095859374999999955,-0.34946379239405179,0.14231706566123481,-0.10327398019161019,-0.10059890625000004
2833,0.080842590959854244,0.044322343316662863,0.0076692520050701896,0.0080273437499999972,-0.37068256627285012,0.6345225655461193,-0.21109307768198357,-0.20897085937500001
2834,0.086227508598061192,0.038191715936716747,0.010087516458882333,0.011859374999999998,-0.27732361753447554,0.45278270269063992,-0.15332232724727424,-0.139904296875
2835,0.071107388467642391,0.041320323797652742,0.0062552835806978261,0.0066093749999999998,-0.018937356727208643,0.17472430565061337,-0.04066894909934262,-0.038585390625000035
2836,0.074290576147544501,0.027706753658966674,0.009782602722601343,0.0090468749999999959,-0.14478404601382633,0.62717399929465711,-0.16211118951478151,-0.16602023437499994
2837,0.080140231710991217,0.028031329231334876,0.010942869520727832,0.012105468749999999,-0.34997162314327923,0.1697471977392716,-0.10914095238533567,-0.10310109375
2838,0.12018935615071751,0.039938415554824289,0.016852697525137576,0.014308593749999996,-0.28998330903230751,0.63663214817331526,-0.19458924601318078,-0.20738765625
2839,0.13067325736950913,0.034626126126126117,0.020169897561110432,0.019066406249999997,0.20060383157258677,0.52157261261261256,-0.067403444018405409,-0.074966484375000031
2840,0.067715234282632319,0.021241610738255021,0.0097594609443192332,0.010722656249999997,0.050391904478280125,0.75711662192393725,-0.14841219066358799,-0.14259468750000001
2841,0.11679548729646212,0.031924394409032136,0.017822929506360295,0.019042968749999997,-0.00030249601208320875,0.56390305493592363,-0.11848316569908143,-0.11368535156250002
2842,0.085088391188455514,0.037414247545226834,0.010011570165078023,0.010488281249999998,0.30715153650540772,0.53916466213293368,-0.048722756381780453,-0.045942421875000035
2843,0.085433562363186943,0.030044994499970806,0.011631599251275389,0.010101562499999996,0.091822247782975541,0.2167137049364537,-0.026227206002230413,-0.03515343750000003
2844,0.066252941131678955,0.031354220573860045,0.0073287313171419705,0.0069843749999999984,-0.2867917792990019,0.54790385472370762,-0.17528608314476898,-0.17730750000000001
2845,0.09014485881829265,0.035053941860092405,0.011569092561222051,0.010230468749999999,-0.079611435815060694,0.83907492652050708,-0.19292413609046924,-0.19998023437500001
2846,0.067100512462147682,0.040864857870597626,0.0055094874642255117,0.0045117187499999984,-0.55877154670393692,0.54034227511121524,-0.23081390258118195,-0.23880574218750003
2847,0.064660430697368793,0.044312136652375933,0.0042731417494485001,0.0041484374999999993,-0.68383197293292808,0.72238918318331802,-0.29530644278441165,-0.29616468750000002
2848,0.080142182523308292,0.033776437561502434,0.0097368064419792299,0.0069960937499999988,-0.047998602986587979,0.73247699458009075,-0.16389987548900253,-0.17908628906250001
2849,0.085668674929966604,0.037894030851777324,0.010032675256419748,0.010781249999999996,0.053035342875781821,0.71504235694541096,-0.13902147295462211,-0.13502929687500001
2850,0.067827130852340933,0.033428440628833683,0.0072237249469365222,0.0064570312499999958,0.40887249636696771,-0.13528085998988337,0.11427220483493872,0.110567109375
2851,0.080844894125541411,0.045384723663477761,0.0074466357970333664,0.0082499999999999969,-0.1206748258161684,0.37585084901731447,-0.1042703917150314,-0.10058109375
2852,0.079452674772953563,0.038632607961434098,0.0085722140304190873,0.0067617187499999978,0.21680249223063697,0.41758119005835537,-0.042163526543820863,-0.050142187500000018
2853,0.072619047619047611,0.030983208053789082,0.008743526308704291,0.0064335937499999975,-0.87637265512265505,0.60392153228479306,-0.31086177935556408,-0.32702531250000005
2854,0.098437499999999983,0.041695077353090734,0.011915908755850942,0.011847656249999998,0.25992187500000014,0.72570704274757025,-0.097814885226989723,-0.098202656249999992
2855,0.10633564332010137,0.030251223925665233,0.015977728072831588,0.012878906249999997,0.4665091838794323,0.018979110399918731,0.093981315430697848,0.079291874999999998
2856,0.070075114962028756,0.028941341342776442,0.0086380924600429863,0.0091640624999999986,-0.071991415432910877,0.60891885958624281,-0.14299115775402227,-0.14036156249999998
2857,0.073007592012731909,0.035947111611883256,0.0077827008841782168,0.0064453124999999979,0.24172925884930663,0.49949808819642938,-0.054131454162895776,-0.061030312500000024
2858,0.086064956495151501,0.044585087994688216,0.0087107723850972894,0.0070898437499999981,-0.51516054703193026,0.64612572126054157,-0.24387011634141909,-0.25411289062499998
2859,0.069906934208402827,0.051470742835516503,0.0038716001883061279,0.0040195312499999997,-0.50285042718323125,0.80629927321404782,-0.27492143708342859,-0.2740419140625
2860,0.1023028555213607,0.028923288613691103,0.015409709050610615,0.015023437499999997,0.052967631660031378,0.59310491916064678,-0.11342883037512923,-0.11557371093749999
2861,0.075987220815969703,0.042564467647524112,0.007018778165373574,0.0047812499999999982,0.27570482200529567,0.16563122923588047,0.023115454481577192,0.011834179687499988
2862,0.091796875,0.037661952133821397,0.011368333801897506,0.011296874999999998,0.50273046874999994,0.56051968145918729,-0.012135734668929345,-0.012662343750000025
2863,0.075195085022129043,0.045793641975395455,0.006174303039814053,0.0052148437499999964,-0.33477026554856748,0.29190306987132342,-0.13160140043817709,-0.13759230468750006
2864,0.097033401354494064,0.039901786411162848,0.011997639138099555,0.013054687499999997,-0.13506797858979869,0.36590870492738536,-0.10520510353860865,-0.098372226562499984
2865,0.070034750807787649,0.040345355509868661,0.006234773012562987,0.0074062499999999988,0.25474984685066759,0.63497780662273451,-0.079847871552134048,-0.074394375000000026
2866,0.088326493388052874,0.040256458055970334,0.010094707419737333,0.0094804687499999967,-0.82198832649338782,-0.45179860429636542,-0.077739841661374695,-0.082378828125000025
2867,0.077420705231799669,0.018422806539406977,0.012389558725402464,0.011871093749999997,0.046572460522985137,0.23673866311193037,-0.039934902543678499,-0.042738046875000019
2868,0.076563591893780591,0.039566980353217346,0.0077692884235182813,0.0068437499999999983,0.14390257395760542,0.20557713496491592,-0.012951657811535205,-0.016875117187500014
2869,0.082853451458102606,0.036185286786152127,0.0098003145811096006,0.010792968749999998,-0.35386729420450358,-0.19526765676754076,-0.033305923861762191,-0.028338164062500022
2870,0.066973574942750302,0.046360866758675817,0.0043286687186556419,0.0033515624999999969,-0.195883424982362,0.26388425166935403,-0.096551212096860364,-0.10236140625000001
2871,0.09230513345566882,0.045736942699108135,0.009779320058877744,0.0087070312499999969,0.094893828964792593,0.52796546969629099,-0.090945044553614657,-0.096906679687500039
2872,0.095162889889884722,0.041369009839218068,0.011296714810639997,0.010312499999999997,-0.27897014526702024,0.83238172501865826,-0.2333838927599925,-0.23859808593750004
2873,0.10260243632336655,0.028657729405966864,0.015528388452653932,0.016558593749999996,-0.022513658176448903,0.31504819811978546,-0.070887989822209216,-0.064820390625000016
2874,0.090151281259648053,0.039646146640055571,0.01060607827011442,0.0087656249999999974,-0.079306595399814883,0.01520177064327477,-0.019846756869048826,-0.030538828125000014
2875,0.063331722545704461,0.035994464471941656,0.0057408241954901885,0.0040781249999999984,-0.41181469563508766,0.16368836131770104,-0.12085564196008562,-0.13145484374999999
2876,0.075546758802496589,0.048558558558558562,0.0056675220512269857,0.0045000000000000005,-0.088066086044636727,0.49934657657657677,-0.12335665915045484,-0.13029023437500004
2877,0.082772457820337458,0.031443880706011063,0.010779001194008543,0.010195312499999998,-0.18920410396716814,0.27961119339230622,-0.098451212445489614,-0.10195464843750005
2878,0.1060290104700896,0.031106079245350818,0.015733815557195142,0.014437499999999997,0.48215231948288217,0.19671201599065213,0.059942463733368305,0.054713203124999978
2879,0.075644372605224747,0.031218869673828142,0.0093293556155932874,0.0096210937499999986,0.28075509113036901,0.13283432905544945,0.031063360035733106,0.032789882812499983
2880,0.068769599884855426,0.044925468638828833,0.005007267561665584,0.0048281249999999973,0.14945298406150498,0.036465154650238363,0.023727444176365988,0.022725585937499976
2881,0.086673221397313288,0.048905816373728025,0.0079311550549529056,0.0058593749999999965,-0.033579433674883585,0.40108760696114715,-0.091280078533566456,-0.102432421875
2882,0.076707259498515312,0.046638190159784862,0.0063145045611333944,0.0040664062499999988,-0.29869550387531663,0.36376000632811256,-0.13911565714272012,-0.15072796875000002
2883,0.074059633907671063,0.049756482822166645,0.005103661727955928,0.0058242187499999952,0.021724640239456638,0.4542068454339746,-0.090821263090848772,-0.088057734374999988
2884,0.096294041769932032,0.036816681475179275,0.012490245661898079,0.010874999999999999,-0.090648651390640156,0.46753114537160068,-0.11721775732007057,-0.12569156250000002
2885,0.071615477027416302,0.04860660543287082,0.0048318630348545511,0.0062929687499999965,0.94730601613726406,0.30884576900527672,0.13407665189771734,0.14051894531249998
2886,0.080463446278248807,0.039288745634513317,0.0086466871351844523,0.0069843749999999984,-0.72814784419032663,0.27746296290343653,-0.21117826948969029,-0.22286472656249995
2887,0.071353274793351129,0.032161000847581542,0.0082303775286116133,0.0060937499999999976,-0.6947801200723468,0.27148162435450895,-0.20291496632963971,-0.2182245703125
2888,0.086446434084594015,0.036318913234632169,0.010526779378491988,0.0087304687499999978,-0.57818394952145746,0.21187093414531821,-0.16591152557002289,-0.17944207031249998
2889,0.072297121751953741,0.041239408737493058,0.0065221197330367431,0.0063398437499999957,-1.4646533892630136,0.59947081108752176,-0.43346608207361242,-0.43479281250000001
2890,0.090487331342100713,0.029804443994761176,0.012743406342941303,0.012070312499999998,0.1599760693505663,0.039120582564656003,0.025379652225041162,0.021389999999999968
2891,0.098587495336069503,0.034002860675061822,0.013562773278811613,0.013230468749999997,0.30414396125701482,0.51551813797366441,-0.044388577110496416,-0.046024218749999991
2892,0.077519339580702562,0.033160793307277378,0.0093152947174192889,0.0094101562499999975,-0.26169751090071303,0.27270097817543648,-0.1122236827059914,-0.11183027343750002
2893,0.085552405505640111,0.040365048588528976,0.0094893449525933378,0.0097382812499999978,-0.76038458479500681,0.26579109564068304,-0.21549689289149487,-0.21366679687500004
2894,0.074779856906989517,0.03128423297242125,0.0091340810262593355,0.0099726562499999963,-0.20472801517414907,0.4065920232939072,-0.12837720807829181,-0.12326156250000002
2895,0.080919140867933365,0.039452339512089263,0.0087080282847272605,0.0076640624999999981,0.080596154102601791,0.29462531243121848,-0.044946123249009505,-0.049976601562500014
2896,0.061756104196422495,0.04185887802358193,0.0041784174962965189,0.0027187499999999976,-0.0086406402321521636,0.37522116964874141,-0.080610980074987654,-0.089598984375000038
2897,0.1041737513886055,0.036965883817644346,0.014113652189901843,0.012796874999999996,0.021728944206397593,0.50145193912222696,-0.10074182893232417,-0.10787777343749998
2898,0.080012243146707351,0.027990150389198165,0.010924639479076929,0.010124999999999997,-0.30717404671525694,0.16080620072045748,-0.09827585196150003,-0.10372394531250005
2899,0.093564057366535086,0.04567318031282705,0.010057084181278687,0.010570312499999996,0.41628027839155235,0.13409369578930774,0.059259182346471366,0.061550859374999989
2900,0.079267400874614258,0.033595130217510816,0.0095911768379917228,0.0093164062499999974,-0.62279302502449785,0.69965687463713544,-0.27771447892894302,-0.27967910156249998
2901,0.076941162640333877,0.050854304783816542,0.0054782401498686397,0.0058359374999999965,-0.11987002586257567,1.0247676376491057,-0.24037390933745312,-0.23901117187500001
2902,0.1028199320189275,0.040159476538114941,0.013158695650970637,0.012117187499999998,0.22157479176210804,0.48036506568931692,-0.054345957524713863,-0.059909765624999993
2903,0.10170569222395098,0.049229501232769798,0.011020000108148048,0.0091054687499999964,-0.30282326745311861,0.4766840143557351,-0.16369652917985927,-0.17533910156250002
2904,0.068299171684296667,0.037813176824712691,0.0064020589205126344,0.0058242187499999987,-0.0058381005760227422,0.70896450819989032,-0.15010854784294173,-0.15316195312500003
2905,0.090400990284706856,0.027619766166939855,0.01318405706473107,0.010628906249999999,-0.26531733373344824,0.1899479828189512,-0.095605716476003882,-0.11159144531250004
2906,0.092448176990067563,0.024147525566865016,0.014343136798872533,0.015843749999999997,0.50889306118766109,0.45683709457172428,0.010931752989346729,0.016088671874999991
2907,0.073841136734218493,0.039730129239233927,0.0071633115739467585,0.0062343749999999986,-0.74955101327742857,0.22328610829429241,-0.20429579553006139,-0.21283874999999999
2908,0.10722155275518848,0.042035800597301692,0.013689007953156225,0.011695312499999997,0.93339093690332509,0.19866617911956408,0.1542921991345898,0.14719171874999998
2909,0.089744389017951565,0.024398730165580154,0.013722588358997995,0.0131484375,-0.73645580202655569,0.66508780234313392,-0.2943241569176348,-0.29760222656250002
2910,0.094392537973560342,0.032293443821593951,0.013040809771912942,0.013546874999999998,-0.87919747722597852,0.50838378661237837,-0.29139206540605495,-0.28752128906250002
2911,0.091044710631389608,0.039109129657532091,0.010906472004510078,0.010617187499999998,0.12757890541588057,0.43543665174718804,-0.06465012672957457,-0.066618515625000055
2912,0.086866155823928065,0.04460901193668608,0.0088740002163208171,0.0062578124999999978,0.15503389608399543,0.46613164245551708,-0.065330526738019548,-0.078973710937499997
2913,0.071170564878954096,0.048336920757780011,0.0047950652654465574,0.0019335937499999989,0.33829560501413758,0.84256614993259982,-0.10589681443287706,-0.121471640625
2914,0.053469437355693261,0.032801805747774665,0.0043402026376629047,0.0050273437499999988,-0.071759096616916263,0.29597771642315285,-0.077224730738414515,-0.072975585937500004
2915,0.090783167067996801,0.026914127326923026,0.013412498345625492,0.013617187499999996,-0.12823323013415888,0.090170857596582277,-0.04586485842345564,-0.04497984375000004
2916,0.081327177907187825,0.039714139987326452,0.0087387379631708884,0.0092929687499999965,0.70891462780440651,-0.015473375645345566,0.15212148072444792,0.15529582031249997
2917,0.068350336391285349,0.045385344913646805,0.0048226482103040941,0.0070898437499999981,-0.27929594948431813,0.78175838574423484,-0.22282141039799611,-0.20897636718750001
2918,0.090804249027790301,0.043101493815653577,0.010017578594548712,0.0092578124999999987,-0.11402505290332943,0.4454456885910773,-0.11748885571382539,-0.12117503906250002
2919,0.084108527131782934,0.038491392839406502,0.0095795982013990501,0.010546874999999995,-0.5481587301587304,0.28931293529219626,-0.17586904974469458,-0.16937378906249997
2920,0.094908247297995629,0.030240909518446255,0.013580140933705367,0.013617187499999996,-0.03677460024262158,0.34627094441980655,-0.080439564379109901,-0.080390859374999998
2921,0.057555859553123562,0.038422398879039921,0.0040180267415575645,0.0033867187499999991,0.025582489740082148,0.30421712554020974,-0.058513273518026793,-0.061882734375000012
2922,0.087680620265710496,0.035762384682723178,0.010902829472427336,0.010781249999999996,-0.20198957072114498,0.6019891248232363,-0.16883552606432006,-0.16962351562500003
2923,0.089407448848960847,0.047656324360033184,0.0087677361426748094,0.0063984374999999979,0.27662756746189399,0.51020334787874466,-0.049050913887538641,-0.060633164062500008
2924,0.092724403548525514,0.036322532907897442,0.011844392834531894,0.011308593749999998,-0.71147338438598884,0.16071734091781587,-0.18316005231379898,-0.187813828125
2925,0.06415828506662144,0.024837195925553945,0.0082574287196241734,0.0093281249999999979,0.12743754921942863,-0.012190444146109258,0.029321878606762955,0.034943437499999959
2926,0.087116729840939294,0.042248154772400945,0.0094224007643930532,0.0086953124999999982,0.39459171747481453,0.36166215331133356,0.0069152084743310041,0.0031021874999999709
2927,0.084941819325418666,0.040244671973667434,0.0093864009438677579,0.010124999999999997,-0.049081688812013469,0.40363705927404281,-0.095070937098071809,-0.090717890625000019
2928,0.093136276972043908,0.03504987782452075,0.012198143820979862,0.011437499999999998,-0.46787614198770744,0.53731169861702388,-0.2110894465269936,-0.21629953125000001
2929,0.082035521235521242,0.041852815241966768,0.0084383682586464392,0.0099492187499999989,-0.75514767567567587,0.07883716505608207,-0.17513681655366917,-0.16221023437500001
2930,0.075017754395118624,0.038773141460259342,0.0076113687163204494,0.0060585937499999989,0.36514707161180915,0.48619525047846035,-0.02542011756199675,-0.033051093750000017
2931,0.061829841626958398,0.040593945328086189,0.0044595382227631637,0.0047812499999999982,-0.72148952916511488,0.43659263533257858,-0.24319725454451563,-0.24107414062500002
2932,0.093605407196679702,0.029257696764104557,0.01351301919084078,0.012515624999999997,0.24082632688460093,-0.16921271175835617,0.08610819811502099,0.080742070312499969
2933,0.067702176706916056,0.040316425671732853,0.0057510077173884722,0.0064804687499999984,0.17189157340816108,0.07648091888268671,0.020036237450349617,0.023572851562500007
2934,0.079197460492177046,0.047104793876553072,0.0067394599892810344,0.007535156249999995,-0.48212904906046083,0.4869685410157209,-0.20351049391599818,-0.19891523437500006
2935,0.079027644245035528,0.029875470471225046,0.010321956492500201,0.0098906249999999966,0.25121724339115636,0.54625575457281972,-0.061958087348149303,-0.063826406249999995
2936,0.078102883054015138,0.036918204213354858,0.0086487825565386579,0.0091171874999999968,-0.41172563497656212,0.59804496697777476,-0.21205182641041073,-0.20874750000000006
2937,0.087319439262299459,0.029839428439997692,0.012070802272683371,0.011730468749999999,-0.36689785040395373,0.19444439652693912,-0.1178818718554875,-0.12032121093749999
2938,0.090643139949807633,0.03817716557419451,0.011017854618878756,0.010195312499999996,-0.34698587110004375,0.50898770731902654,-0.17975445146800476,-0.18583816406250001
2939,0.09835423197492163,0.032517702471286727,0.013825671195763329,0.013347656249999998,0.51622892287622402,0.92781742435440473,-0.086433585310417949,-0.089389218750000013
2940,0.093269582646087035,0.04029301199336878,0.011125079837070832,0.011730468749999999,0.21388758435222682,0.44390150509981874,-0.0483029233569943,-0.045983085937499994
2941,0.10254707714331401,0.043105988729802786,0.012482628566837357,0.012152343749999996,0.21976751163127162,0.78512576548214619,-0.11872523330868366,-0.12036257812499997
2942,0.091928767782272491,0.049130659723062811,0.0089876026924340328,0.0093046874999999987,-0.54854370123425888,0.58065514794162165,-0.23713175832693489,-0.23456015624999998
2943,0.060817755527663137,0.042903536301395734,0.0037619860375161544,0.00076171875000000024,0.26304558415126034,0.80469531345960732,-0.11374644315475287,-0.1262673046875
2944,0.081421017302122783,0.038687367880817294,0.0089740663784741524,0.0090703124999999968,-0.9103720648430117,0.7306566794434215,-0.34461603630015097,-0.34379953125000001
2945,0.078526062610394992,0.027370418249961975,0.010742685315690934,0.0097031249999999982,0.28820688246397341,0.2954876875945005,-0.001528969077410689,-0.0068432812500000221
2946,0.074574985340146421,0.028040540540540546,0.0097722334079172329,0.0085429687499999976,0.33930724661461054,0.20612797297297303,0.027967647464743877,0.021467460937500002
2947,0.097409940720474236,0.026005659764769012,0.014994899000698097,0.014355468749999998,0.28971637026903785,0.52547713835738019,-0.049509761298551891,-0.0526700390625
2948,0.079919381362914627,0.034991587702440194,0.0094348366686996307,0.0091992187499999982,0.25756245673469536,0.26995907691734267,-0.0026032902383559351,-0.0039994921875000245
2949,0.099594355687154967,0.0234420829295829,0.015991977279090134,0.014191406249999998,0.17102631264981172,0.33052365954525309,-0.033494442848042684,-0.042059531250000032
2950,0.068446306659171396,0.051472026880478625,0.003564598753525482,0.0027421874999999972,-0.16930742650531605,0.71504911217901623,-0.18571487312370977,-0.19251621093749999
2951,0.067003023396127265,0.028504504504504494,0.0080846889672407819,0.0067968749999999974,0.24051284209226176,0.28893774774774794,-0.010169230187652098,-0.016976250000000023
2952,0.097133378740753784,0.027340756930307519,0.014656450580193716,0.010828124999999997,0.45289984329676924,0.51701870307491204,-0.013464960553409988,-0.029724375000000015
2953,0.093346029155047722,0.038902346563725224,0.011433173344177724,0.0099960937499999972,-0.78687914031150108,0.32634113117191133,-0.23377625701151658,-0.24443964843750002
2954,0.058259539854292997,0.036240519120464887,0.0046239943541039026,0.0049570312499999988,-0.6137810588253656,0.67477629428183816,-0.27059704415251279,-0.26830359375000001
2955,0.079862219853308103,0.035687517922690495,0.0092766874054296972,0.0084257812499999949,-0.47382295591108159,0.41628840939077849,-0.18692338671339062,-0.19263433593750001
2956,0.10085422088791456,0.037160609894887148,0.013375658308535755,0.011003906249999997,-0.018067887702171159,0.30838035442894807,-0.068554130847535033,-0.082772578125000051
2957,0.077502370768903261,0.032585274266259956,0.0094325902655550947,0.008050781249999998,0.07447325385612813,0.70111077704299674,-0.1315938798692424,-0.1389610546875
2958,0.058930457668039699,0.041810480199105785,0.0035951952684761218,0.0020624999999999992,-0.032908397220952623,0.15990547367324615,-0.040490912887781741,-0.048673359375000003
2959,0.10010476659325057,0.034896109613559531,0.013693817965735117,0.012082031249999996,0.10549573372684429,0.60453958407759856,-0.10479920857365839,-0.11236980468750005
2960,0.069793804957259731,0.029368330601902332,0.0084893496146250542,0.0089765624999999967,-0.37026682802781963,0.32928572840877024,-0.14690603685168388,-0.14401675781249995
2961,0.092627696467407289,0.036297608621216448,0.011829318447700077,0.012175781249999995,0.025525407041673942,0.64277757404347402,-0.12962295507037802,-0.12768187500000003
2962,0.075330741503794763,0.035933905499122898,0.0082733355609810912,0.0093867187499999966,-0.019562342449069625,-0.14087498870107562,0.025475655712921257,0.033657421874999989
2963,0.075337634873899911,0.044262884830497506,0.0065256975091145045,0.005847656249999997,-0.48288168474203086,0.55803798699291185,-0.21859313106433795,-0.22320410156250006
2964,0.10683981764531864,0.034617782538663627,0.015166627372397551,0.014296874999999997,0.17658961852675015,0.5618955683037502,-0.080914249453170009,-0.086437734375000005
2965,0.0977765265896441,0.032076138711209803,0.013797081454471201,0.012386718749999996,0.14459323615347031,0.32517282875102782,-0.03792171444548708,-0.044431875000000023
2966,0.055253839162587692,0.039580182107477019,0.0032914679815732413,0.0032812499999999977,-0.17077602358588062,0.32544161927065907,-0.10420570499987333,-0.10440691406250002
2967,0.080773111028513783,0.052563127299022988,0.005924096583193067,0.0050390624999999993,-0.47211132434708081,0.12495936822414677,-0.12538484543995779,-0.13171546875000001
2968,0.073236708210097007,0.026752045150278403,0.0097617792425619063,0.0081445312499999981,-0.5467492202872315,0.54765575889780216,-0.22982504562885706,-0.23950253906249996
2969,0.052496355735237088,0.042034985339032618,0.0021968877832029385,0.0022968749999999981,0.052765684545842517,0.16713264137874106,-0.024017060934908695,-0.023606015625000022
2970,0.076810117504822084,0.036705779737965558,0.0084219109310398697,0.0060585937499999971,0.18098105670555864,0.63811794127228993,-0.095998745759013571,-0.10552160156249998
2971,0.068415153499083808,0.038372532527050626,0.0063089504041269678,0.0041015624999999993,-0.22617889335345032,0.22542868448811726,-0.094837591346729186,-0.11039976562500003
2972,0.087806637806637805,0.047701998189005806,0.0084219743197027196,0.006152343749999999,-0.51215440115440136,0.63271801823975848,-0.24042320807277354,-0.25668902343750005
2973,0.073913943720297387,0.047584001475290974,0.0055292878714513468,0.0067968749999999974,0.093605011733154497,1.1881452127785903,-0.22985344221954149,-0.22346953124999999
2974,0.08665336681053773,0.040999304541673609,0.0095873530764614655,0.0086953124999999964,-0.16387385364595575,0.67752243252468025,-0.17669322009583355,-0.18159433593750002
2975,0.082492054778824403,0.048831527334858293,0.0070687107632328829,0.0096210937499999968,-0.27759458837573769,0.34311815515446997,-0.1303496761413436,-0.11481644531250002
2976,0.092505367902987023,0.038308127364432051,0.011381420513096544,0.0081562499999999968,0.27117022077405328,0.19896200536876285,0.015163725235110991,-0.0012649218750000202
2977,0.063708513708513714,0.03779909466108089,0.0054409779999608932,0.0031406249999999993,-0.26377958152958136,0.087073521404140153,-0.073679151616081517,-0.086528437500000027
2978,0.090048705281563945,0.034328556406142893,0.011701231263838421,0.011789062499999997,0.53419630174726118,0.33771499312711095,0.041261074810231543,0.041565585937499989
2979,0.095274170274170261,0.041547058365950879,0.01128269350072607,0.0092578124999999969,-0.1948225108225109,0.28163592576810642,-0.10005627168402963,-0.11102824218750001
2980,0.064630054039916868,0.047558868180496802,0.0035849490304782137,0.0036796874999999985,0.17949404069905117,0.24093421945153259,-0.012902437538021097,-0.012626249999999999
2981,0.092894984514244383,0.046946508137584955,0.0096491800390984799,0.011742187499999996,0.26845557631493933,0.4898297597120389,-0.046488578513390909,-0.036267656250000023
2982,0.065684738950372468,0.039865196424039018,0.0054221039305300239,0.0036445312499999976,-0.51829977750089817,0.7068740404410726,-0.25728650176781387,-0.26918156250000003
2983,0.093931940880397774,0.034019032833074572,0.012581710689937872,0.012246093749999996,-0.082543726727938638,0.32486025458570544,-0.085554836075865254,-0.087440507812499998
2984,0.087891577596536236,0.023271108413011582,0.013570298528540177,0.012867187499999998,0.4278638818582583,0.28728180525342462,0.029522236087015073,0.026304843749999984
2985,0.074235913898335559,0.042996235749932041,0.0065603324111647389,0.0057304687499999995,-0.65016955408429256,0.2817700861093364,-0.19570732444066208,-0.20048214843750001
2986,0.077698236466008985,0.032446925372967242,0.0095027753295387658,0.010183593749999997,0.26898837076562182,0.17245263200612371,0.020272505139494603,0.022755351562499988
2987,0.090130248898021403,0.033602245709879699,0.011870880669509757,0.012562499999999997,-0.12933704526121603,-0.028494036582345172,-0.021177031822562881,-0.016935937500000067
2988,0.072230999774732935,0.043678011558339599,0.0059961275254426004,0.0076289062499999959,-0.3990571044253387,0.73322522954583835,-0.23777929013394716,-0.2295371484375
2989,0.06728366996231705,0.02928897551442855,0.007978885834056584,0.0093515624999999988,-0.35142768192221463,-0.25252118761022346,-0.020770363805518145,-0.013772343750000004
2990,0.069792889545922276,0.054724674695189948,0.003164325118653789,0.0015703124999999979,-0.45519040682928247,-0.0018916941410096477,-0.09519272966453729,-0.10832121093750008
2991,0.075536581233409977,0.048461170958743666,0.0056858361576799252,0.0025546874999999984,-0.44124340843344001,0.54719445978030601,-0.20757195232488665,-0.22558921875000004
2992,0.065643986197289977,0.036548881236818015,0.006109972041699112,0.0059296875000000001,-0.30545222903521296,0.47034025785694089,-0.16291642224735231,-0.164017734375
2993,0.085890056845324109,0.036694137730870227,0.010331143014035316,0.0085429687499999976,0.13115614425891176,-0.32503800630308821,0.095800771618019989,0.083602851562499969
2994,0.086063266914330749,0.034706956298091368,0.01078482522941027,0.009515624999999998,0.4243974354784239,0.14927090218544703,0.057776571991525139,0.051013945312499975
2995,0.075744758108705734,0.039607242200265319,0.0075888783407724869,0.0042656249999999986,-0.47265785843989516,1.0568951817589674,-0.3212061384417611,-0.34450300781249998
2996,0.082021508011887595,0.041762076311023882,0.0084544806571813791,0.0089179687499999997,-0.015676154293942646,0.37325945110699266,-0.081676477134196415,-0.079866679687500011
2997,0.084597881067292768,0.037683206368729655,0.0098520816866982542,0.0082382812499999999,0.38093841036566822,0.61943288141484809,-0.050083838920327771,-0.059409843750000045
2998,0.076061775703851392,0.034994967451422734,0.0086240297330100173,0.010277343749999996,0.23598609030026008,-0.036146385094010913,0.057147819832796903,0.068532070312499971
2999,0.069638688213817856,0.042154527936518471,0.0057716736582328707,0.0042070312499999981,0.15181710374849999,0.55753458232131214,-0.085200670500290551,-0.092033906250000005
3000,0.10728082213473739,0.054845637583892604,0.011011388755677403,0.011941406249999998,0.26697827170530963,0.46257693512304243,-0.041075719317723886,-0.037792734375000005
3001,0.085683781634365019,0.038734335085191113,0.0098593837753265193,0.0086718749999999973,-0.02910325267909375,0.65638861473971988,-0.14395329215795086,-0.15169042968749999
3002,0.10989227713120286,0.036555313850806334,0.015400762288883272,0.014765624999999996,-0.86291174771534462,0.25282480902514282,-0.23430467691550239,-0.23903109375000001
3003,0.076180214254561979,0.03911872256321039,0.0077829132551838331,0.0078164062499999961,-0.40065826653912551,1.1625355016332302,-0.32827069131619463,-0.32817539062499995
3004,0.084607258520301987,0.035915117789974429,0.010225349553368786,0.0097734374999999991,-0.16459852981592116,0.26839045758192559,-0.090927687353547809,-0.094298906250000022
3005,0.076110303076501268,0.03769936397185239,0.0080662972119762647,0.008964843749999998,-0.89377335223437637,0.37043452497922058,-0.26548365421485537,-0.25931414062499997
3006,0.093618220167977634,0.032847449830372036,0.012761861770897175,0.012410156249999997,-0.084482185689157552,0.37568627450980402,-0.096635376641781928,-0.098482851562500015
3007,0.089213856664472735,0.032912234042553196,0.011823340750603102,0.009808593749999997,0.20326317243546177,0.43539879162812234,-0.048748480030458716,-0.059442070312500019
3008,0.097177333513963349,0.035402150125478357,0.012972788511581847,0.011636718749999999,0.09041101391496198,0.3132259476168805,-0.046791136077402887,-0.053555156250000027
3009,0.073883498342158932,0.034107282922448801,0.0083530052381391266,0.006796875,0.25817850131893283,0.20260285528058042,0.011670885668054005,0.0056316796874999932
3010,0.090945297649579093,0.032623492187450198,0.012247579147047067,0.010570312499999998,-0.38740409739613191,0.5255411906425913,-0.19171851048813188,-0.20215042968750002
3011,0.10065974231522151,0.032725005850595942,0.014266294657571369,0.014554687499999996,0.40605296972786814,0.88748217921922123,-0.10110013399318414,-0.099966562499999967
3012,0.068877324918561827,0.047747987751804138,0.0044371608050191146,0.0035976562499999963,-0.71503371655510806,0.58944706415433235,-0.27394096394898249,-0.28065351562500007
3013,0.07952268762312889,0.035984216117772042,0.0091430790161249383,0.0084726562499999967,0.57140317780791594,0.70223440863841569,-0.027474558474404946,-0.030643828125000015
3014,0.072996487927725645,0.035344402617947232,0.0079069379150534663,0.0070195312499999971,-0.34658520378363189,-0.066557353037460909,-0.058805848656695907,-0.065766210937500041
3015,0.086910047012289798,0.03242239231442616,0.011442407486551363,0.011320312499999999,0.27090487447068856,0.35764861619267818,-0.01821618576161782,-0.018791015625000008
3016,0.054417125090274049,0.03662686127082411,0.0037359554020844872,0.003316406249999999,-0.47332609720244889,1.0735466705980639,-0.32484328123810768,-0.3272771484375
3017,0.083967915021378431,0.029091918469075717,0.01152395927598357,0.013382812499999997,-0.096724765778665178,0.43864383725828471,-0.11242740663775948,-0.09965109375000003
3018,0.091138703815869165,0.040680538955074078,0.010596214620766969,0.0094335937499999984,0.054361114476075056,0.46269967374389043,-0.085751097446241223,-0.091611679687500003
3019,0.079078193525470603,0.034158941480987998,0.0094330429293413461,0.0088945312499999971,-0.51622091642365397,0.51202173526056149,-0.21593095685368527,-0.21963585937499999
3020,0.092993579336872745,0.022023378185342182,0.014903742241821418,0.014613281249999997,-0.85310327175932021,0.0246218681067637,-0.18432227937187762,-0.18632425781250003
3021,0.065288929840726623,0.036253092192518807,0.0060975259061236409,0.0058007812499999986,-0.19055200883389639,0.96371399909192934,-0.2423958616644234,-0.24373253906250003
3022,0.088677776978162787,0.037375825730792692,0.01077340976194772,0.010593749999999997,0.47628639281615037,-0.0710086230880278,0.11493195333987741,0.1138709765625
3023,0.082376544597940471,0.030443148972102249,0.010906013081426027,0.0092578124999999969,0.51813039471742162,0.32953640403581153,0.039604738043138119,0.03235464843749998
3024,0.086875358330466695,0.04868080951818228,0.0080208552505797275,0.0082265624999999995,0.17901997477353515,0.73040748131386946,-0.1157913763734702,-0.11492554687500001
3025,0.067404589143719579,0.036082174255059621,0.006577707126618591,0.0061289062499999972,-0.066206190988799762,0.89033552734906474,-0.20087376085095154,-0.20374500000000004
3026,0.085849198925866704,0.044275222769595751,0.0087305349928168997,0.0071601562499999981,-0.38765832905892661,0.52890972814470816,-0.19247929201276329,-0.20114015625000001
3027,0.1000928661882651,0.041567159969160772,0.012290398306011908,0.013042968749999995,0.19146103841283257,0.87486813403787211,-0.1435154900812583,-0.13931859375000002
3028,0.078913178710307064,0.028301341350601278,0.010628485845538214,0.008507812499999998,0.61998673705327823,0.65971293940795539,-0.0083425024944822051,-0.017720039062500016
3029,0.11253495471920778,0.036444879132439226,0.015978915873221398,0.016007812499999999,-0.31024315290651028,0.27051790271468057,-0.12195982168045007,-0.12174656250000002
3030,0.091919744642042861,0.035917807127495427,0.011760406878054961,0.011132812499999999,0.11766046511627903,0.086023128681051664,0.0066438406513977472,0.0036809765624999801
3031,0.089902490782053202,0.037906445245210918,0.010919169562736879,0.011800781249999996,-0.62665349495118394,0.77482591440338622,-0.2943106759644597,-0.28765242187500001
3032,0.09550578513867064,0.039260216712338522,0.011811569369529745,0.012433593749999998,-0.47144367576474921,-0.12080615695577102,-0.07363387894988542,-0.069910781250000012
3033,0.090513571630855938,0.038121371475743848,0.011002362032573539,0.0072656249999999978,-0.77237263000097389,0.1617781020412935,-0.19617165372887616,-0.22298285156250003
3034,0.069983115495018677,0.041004643560943008,0.00608547910615589,0.0024843749999999974,0.036269042730785683,0.32908834683271693,-0.061492053861405556,-0.076312265625
3035,0.091014138448901827,0.029911264111840835,0.012831603610782808,0.012117187499999998,-0.49727255274579468,0.0076252174376978399,-0.10602853173853341,-0.11008335937500004
3036,0.089276022879177686,0.044207400488751325,0.0094644107019895354,0.0086015624999999981,0.131470239706859,0.57202125938299775,-0.092515714131989127,-0.097231054687499985
3037,0.10992711063496011,0.038165685920449791,0.015069899190047167,0.011964843749999999,0.24751217214134025,0.4716391193819528,-0.047066658920528637,-0.062926406250000039
3038,0.1176058312307261,0.04490668444958959,0.015266820824038666,0.017765624999999997,0.10099411269974767,0.10801699245537166,-0.0014748047486810379,0.011758242187499981
3039,0.059995399322868431,0.04488539012544511,0.0031731019314588972,0.0034570312499999983,0.015203206769847433,-0.029969537620777809,0.009486276322031301,0.010744687499999976
3040,0.085906190175162184,0.045557805357309245,0.0084731608117491163,0.0052499999999999969,-0.79334742279339188,0.13291326730841568,-0.19451474492137957,-0.21367078125
3041,0.066627247722773231,0.040192388299201048,0.0055513204789501584,0.0035039062499999966,-0.65279200526014114,0.44939751357316959,-0.23145979895499522,-0.24427488281250004
3042,0.065231097004217559,0.03805031391585087,0.0057079644485570043,0.0040664062499999971,-0.1461829499833327,0.74109187548492217,-0.18632771334833351,-0.19473515625000004
3043,0.10493847372735896,0.040592376202734592,0.013512680480171116,0.013804687499999998,-0.30053410086507981,0.4507987946427372,-0.15777990805664158,-0.15612316406250001
3044,0.069320521619766651,0.033791258965006343,0.0074611451574996641,0.0061992187499999999,0.38252700882076318,0.16185949069319783,0.046340178806788722,0.038728945312499957
3045,0.086333444234583084,0.030774774774774763,0.011667320586559747,0.010441406249999998,0.23102803944855332,0.59855000000000014,-0.077179611715803828,-0.082603710937500005
3046,0.087539321723859503,0.040481596147230819,0.0098821223710920236,0.0094804687500000002,0.64978987615559902,-0.093208295247923734,0.15602961599473977,0.154126875
3047,0.075770057910652222,0.033836416474146022,0.008806064701666302,0.0081093749999999968,0.71143837333575632,-0.076485095810638337,0.16546392852074288,0.16212632812499997
3048,0.061322432268300586,0.039143504576600333,0.0046575748152570531,0.0036328124999999993,-0.55650627556074062,0.22001869892568948,-0.16307024464215031,-0.17047792968750003
3049,0.054307322367582456,0.042899045562766483,0.0023957381290113542,0.0041953124999999985,-0.76040330754636898,0.69401545956787403,-0.30542794109399102,-0.2939551171875
3050,0.068855500807732672,0.030984102383510861,0.0079529936690865798,0.0051328124999999994,-0.27329100940062379,0.6475925580578491,-0.19338554916627929,-0.207075234375
3051,0.09051747908943289,0.03892422226751735,0.010834583932602263,0.011320312499999994,0.37742397132265082,0.56007838224003559,-0.038357426292650799,-0.03618984375000002
3052,0.069364565238828502,0.032282113536327955,0.0077873148575251143,0.0069140624999999975,-0.049135423382967613,0.77972642905886347,-0.17406098901278452,-0.17940386718750001
3053,0.086943491561786518,0.025566161936119422,0.012889239221390089,0.013511718749999997,-0.20126741147444882,0.56793135270429118,-0.16153174047753541,-0.15882726562500002
3054,0.09746279344313058,0.046183818247566552,0.010768584791068445,0.009468749999999998,0.43773388360976162,0.42579217324040053,0.0025077591775658293,-0.0055701562500000178
3055,0.098845598845598848,0.031330967746418345,0.014178072530827906,0.011941406249999998,-0.0004184704184704291,0.18621305794712528,-0.039192620956775101,-0.05340210937500002
3056,0.071862871216369251,0.031098426188533299,0.0085605334558455492,0.0086015624999999981,-0.97548975089150547,0.76198749469345317,-0.36487022157284132,-0.36447433593750006
3057,0.05280468134588695,0.051229686159992197,0.00033074898903789825,-0.0022500000000000007,-0.58202918339022469,0.25897932791992795,-0.17661178737513206,-0.19391601562500005
3058,0.059179206566347481,0.024009910686140112,0.007385552134843547,0.0067382812499999977,-0.31599398084815344,-0.18872448304894651,-0.026726594537833454,-0.03050285156250002
3059,0.081100791193670446,0.034449683838719755,0.009796732544539645,0.0099843749999999985,-0.071234445591101814,-0.29456717107017216,0.04689987235060477,0.047560312500000014
3060,0.12069311445508435,0.035734985698845728,0.017841207038810109,0.017238281249999994,-0.04696251709986321,0.82521830469065383,-0.18315797257600858,-0.18704402343750004
3061,0.077212241528422043,0.046159301455852397,0.0065211174152396256,0.0073359374999999961,0.028388680320780013,0.20106528463731221,-0.036262086906471758,-0.031553906250000006
3062,0.10363562112463966,0.049403866209101491,0.011388668532263014,0.0098789062499999962,-0.00028162926389629916,0.18311632818392098,-0.03851357106404163,-0.047266875000000035
3063,0.067110796403166695,0.03443243243243245,0.0068624564338541916,0.0056484374999999989,-0.21025296080604539,0.48307765765765753,-0.14559942987737762,-0.15185601562500003
3064,0.083732952747235551,0.037394445491991751,0.009731086523601197,0.0076289062499999994,0.4584789331876451,0.1376835340981728,0.067367033808789181,0.058302304687499994
3065,0.083505036630036611,0.029479394927145089,0.01134538475760722,0.0078632812499999979,0.45856398809523802,-0.0029898610863943187,0.096926308328142793,0.080026757812499974
3066,0.10553026780196473,0.041083488539123095,0.013533823645196742,0.012714843749999996,-0.051594852549260661,0.32392446338501535,-0.078859056346197956,-0.082879804687500003
3067,0.10100658768445456,0.046533738081542694,0.011439298416611491,0.0082851562499999983,-0.46342020263006245,1.0682723928455315,-0.32165544504987476,-0.34543664062500001
3068,0.07371456537288712,0.033573957665198939,0.0084295276186145181,0.0063867187499999992,0.24043160787561624,-0.15743191548301749,0.083551339905313077,0.073291289062499987
3069,0.06607958166941999,0.042973843066509948,0.0048522051066111089,0.0034921874999999975,-0.1604867697145938,0.64039243511121713,-0.16818463301342026,-0.17379492187500001
3070,0.068553666679458142,0.04073506459316649,0.0058419064381212468,0.0065742187499999967,-0.76530052573007412,0.35560630135955917,-0.23539043368882301,-0.230289140625
3071,0.089067129779043269,0.044365816502039426,0.0093872757881708069,0.0089999999999999976,0.1150949993362651,0.52283095975232186,-0.085624551687371916,-0.087618281250000013
3072,0.076689084132518431,0.04090454655592636,0.0075147528910843343,0.0048984374999999991,-0.17899252148061406,0.23569604764267382,-0.087084599515890454,-0.10296398437500003
3073,0.068629363093329454,0.026997310552127826,0.0087427310336523414,0.0064570312499999984,0.11415665168789868,0.73598394241417486,-0.130583731052518,-0.14303953124999999
3074,0.090958931663976533,0.045881930750545766,0.00946617019182046,0.010042968749999999,0.023347380918505967,0.17323678998272662,-0.03147677590348634,-0.029154609375000012
3075,0.086132152397791484,0.043153913492401968,0.0090254301701317985,0.0089062499999999975,0.060368841019389663,0.64106246773360875,-0.121945661609986,-0.12268089843750005
3076,0.082550166265336566,0.03947032362384803,0.0090467669547125915,0.0092578124999999969,0.20465194358445127,0.40324432666583121,-0.041704400447089784,-0.040777734375000013
3077,0.0609480560153908,0.045970465163235316,0.0031452940789526516,0.0054726562500000001,0.55005264492267303,0.57191154866424843,-0.0045903697857308332,0.0044637890624999879
3078,0.071179434571402689,0.024069848012348363,0.0098930131774014086,0.0080976562499999981,-0.20856615273210022,0.44726334873607354,-0.13772419530831648,-0.14901632812500001
3079,0.076343336640236903,0.038677498196539498,0.0079098260731764545,0.008003906249999998,-0.34131038930921986,0.55870675732420294,-0.18900360079301878,-0.18856617187500002
3080,0.098045419391127042,0.025412846255874991,0.015252840358402931,0.016511718749999998,0.14465467349030658,0.35135831947305207,-0.043407765656376551,-0.036389296875000011
3081,0.1113696412039456,0.049601838425255992,0.012971238583524818,0.013851562499999996,0.13795343138761607,0.28012934356746655,-0.0298569415577686,-0.026182031250000026
3082,0.070191381389809682,0.020481708951027883,0.010439031212144177,0.0095390624999999955,-0.019780946818274803,0.33424241166318025,-0.074344905281105558,-0.07864160156250001
3083,0.090220288611783439,0.028049917328911961,0.01305577796940301,0.013523437499999997,-0.48852801862802164,0.37233339713113767,-0.18078089730942346,-0.17801191406250003
3084,0.091280044937050997,0.038931830729758685,0.010993124983531385,0.0093515624999999988,0.58214125289496588,0.15608955448742234,0.089470856665584145,0.081568828124999979
3085,0.090373733658888178,0.035315280073778363,0.011562275252873061,0.012410156249999997,-0.093437055553558634,-0.073653657956920471,-0.0041545134952940144,0.0022401562499999804
3086,0.068753007275784817,0.03712445281821912,0.006641996436088796,0.0059296874999999992,-0.41753899130502403,0.86019257582905162,-0.26832362909815588,-0.27254601562499997
3087,0.088139511586150576,0.024770412148494417,0.013307510881907793,0.014566406249999997,-0.56693188561036312,0.42576504699703699,-0.20846635584755402,-0.20071886718750001
3088,0.097843663110567719,0.039643415466246418,0.012222052005307472,0.013406249999999998,-0.22776897517303951,0.45991594194394736,-0.14441383259456725,-0.1379326171875
3089,0.089334788992207204,0.028868936952045135,0.012697828928434034,0.010687499999999996,-0.19552571622181236,0.59448429225222621,-0.16590210177954809,-0.1772663671875
3090,0.071384515638677981,0.036868819712201018,0.007248296144560162,0.0064570312499999984,-0.41824683626526932,0.42780863822082982,-0.17767164964208079,-0.18212062500000001
3091,0.12194399494683932,0.030111366744255672,0.019284851922542565,0.01876171875,0.15334647511935717,0.18597935889724704,-0.0068529055933568717,-0.0094184765625000295
3092,0.062075549838191246,0.014671392870345371,0.0099548729632476327,0.0099960937499999989,0.12525552220426384,0.69517348966097614,-0.11968277316590958,-0.11969425781250002
3093,0.076294191650093601,0.04319622585876455,0.0069505728161791003,0.0065390624999999989,-0.03652256515866914,0.38595659737579247,-0.088720624132236928,-0.091388320312500049
3094,0.079373676514458716,0.03891227406208167,0.0084968945149991801,0.0086249999999999973,0.28417857090459175,0.40558991610773532,-0.025496382492660147,-0.025118203125000002
3095,0.098674537141534097,0.036355131286308906,0.013087075229597289,0.013488281249999996,-0.48019829725538954,0.14993293670134389,-0.13232755913091401,-0.12994078125000003
3096,0.062964088692119918,0.030396237717370517,0.0068392487046973743,0.005238281249999999,-0.68081963937473255,0.52101705404537391,-0.25238570561822232,-0.262850625
3097,0.091320206161499606,0.039986997989782155,0.010779973716060664,0.0087070312499999986,-0.19688012861627979,0.47387294442843486,-0.14085814533939006,-0.15297609375000001
3098,0.10092929928931288,0.040879018341455742,0.012610558999049998,0.011964843749999999,1.0051099548766715,0.62130319331321016,0.080599419928326893,0.077854453124999987
3099,0.096295051121306791,0.045634570067613164,0.01063870102127566,0.011261718749999998,0.36307381523445925,0.28319525518799382,0.01677449760975774,0.020161523437499981
3100,0.097179359463498038,0.041217076762100444,0.011752079367293495,0.010207031249999996,0.17278825698182598,0.21922666590913054,-0.0097520658747339561,-0.020367656250000046
3101,0.082998934457820417,0.027962188491389137,0.011557716652950568,0.010148437499999998,-0.26767512299077301,-0.41437500619794299,0.030806975473505693,0.019908398437499964
3102,0.086774255336378697,0.047226898526760083,0.0083049449300199082,0.005097656249999998,0.45973579647579232,0.26095979073121667,0.041742961206360889,0.023547421874999995
3103,0.09201248848492577,0.0334353836702172,0.012301192011088799,0.013441406249999996,0.38008099590031025,0.40441423747517302,-0.0051099807307211824,-0.00053238281250001407
3104,0.088515749710021324,0.035180407300607619,0.011200421905976877,0.010535156249999997,0.13891459082843804,0.29640981321281812,-0.033073996700719817,-0.036140742187500026
3105,0.087530777012196304,0.024217390491856505,0.013295811169271357,0.012222656249999995,-0.2307589981576964,0.63598505151053042,-0.18201625043032763,-0.18896625
3106,0.081360293576541343,0.039546551584443923,0.0087808858183404583,0.0093281249999999979,-0.76097060800368943,0.36816953596714197,-0.23711943023387455,-0.23290933593750004
3107,0.07865802923136761,0.033564039592170886,0.0094697378242313123,0.0097851562499999978,-0.34566846227313808,-0.036440197046278433,-0.064937935697640517,-0.063314179687500027
3108,0.063555278528447418,0.041072386253279428,0.0047214073777852774,0.001757812499999999,-0.61319738191428608,0.44474926983229707,-0.22216879686678245,-0.24032566406249997
3109,0.10572352978722066,0.036919115976285305,0.014448926900296423,0.011824218749999997,0.12104683411050066,0.49779299603215932,-0.079116694003548316,-0.090479882812500009
3110,0.1243245685800719,0.039016702249965465,0.017914651929322352,0.013957031249999998,0.22947860975284917,0.1865782171582796,0.0090090824448596091,-0.010033945312500023
3111,0.068512283799974177,0.036879914431082322,0.0066427975674672891,0.0045351562499999984,-0.10913405327027792,0.17583834412580934,-0.05984420345317832,-0.07247039062500002
3112,0.074794563054981167,0.041590564087114243,0.0069728397832520541,0.0072773437499999974,-0.20728626157548036,-0.020727471170683964,-0.039177345985007238,-0.037640507812500043
3113,0.071345034987027295,0.031251274752867902,0.008419689649173473,0.0092343749999999961,0.37211298058023429,0.80989922282951543,-0.091935110872349041,-0.089005429687500012
3114,0.099697207753027539,0.043607160684090276,0.011778909884476824,0.012421874999999995,0.37996735573809859,0.6047013526438284,-0.047194139350203258,-0.044406914062499997
3115,0.10799888244280882,0.034176784377874733,0.015502640593636157,0.013781249999999998,0.35978682626717517,0.4824725785877364,-0.025764007987317858,-0.033834140625000016
3116,0.086593462092271839,0.035367476125769973,0.010757457052965392,0.0092226562499999956,0.40477061925657065,0.26638084664150996,0.029061852249162745,0.021065859375000003
3117,0.098677507403027998,0.038565644169315988,0.012623491279079522,0.014496093749999996,-0.38083734527524349,0.59049251779795819,-0.20397927124537235,-0.19208449218750001
3118,0.086069285676358354,0.046181605296013034,0.0083764128798725166,0.0075234374999999971,-0.23008818866579206,0.29921041630526912,-0.11115270704392284,-0.11574609375000003
3119,0.099919180877846833,0.0429344078703741,0.011966802331569274,0.012246093749999996,0.2265186941270112,0.71458555812892111,-0.10249404144040107,-0.10070636718750002
3120,0.083774024983740397,0.038131608286694374,0.009584907506379664,0.0065390624999999989,-0.67340178070824641,0.20367351356666274,-0.18418581179773091,-0.20493398437500002
3121,0.07230482854515688,0.02876839853271651,0.0091426503026124772,0.0062929687499999991,0.098441543878535098,-0.16750311234741577,0.055848377807449681,0.039692695312499984
3122,0.087870497036023731,0.03174612898245685,0.011786117291249044,0.011191406249999997,0.60099115367077072,0.18152272434389571,0.08808837015864375,0.085609453124999998
3123,0.085511938097685397,0.0090542151126391107,0.016056121826859719,0.013675781249999998,-0.64713053376817375,0.52615203008827083,-0.24638933840985336,-0.26029980468750002
3124,0.082750216211966349,0.03895510469382682,0.0091969734188093004,0.0099960937499999972,-0.51179534554603368,0.66071241010142001,-0.24622662868596526,-0.24165164062500005
3125,0.093077571338440912,0.031753647998659054,0.01287802390135419,0.012457031249999995,0.089960784743393529,0.41527135160251749,-0.068315219040416028,-0.07082765625000001
3126,0.10289919475719445,0.029302042433905842,0.015455401987890607,0.014167968749999996,-0.3219566925239381,0.3672852242851663,-0.14474080252991192,-0.1543419140625
3127,0.078753072322966466,0.044412693889781529,0.0072114794709688367,0.0058828124999999974,-0.31801179578486971,0.82378046519520098,-0.23977637480581482,-0.24686097656249997
3128,0.1008530662952227,0.021041082913347026,0.01676051651019389,0.014847656249999997,-0.46832889357376806,0.39691743930376533,-0.18170172990428202,-0.19360324218749997
3129,0.10609242577687755,0.037203151055143449,0.01446674769156416,0.014121093749999997,1.0211439841007559,0.55361643594387899,0.098180785112944147,0.096235546874999967
3130,0.061803950799086793,0.037338128669753765,0.0051378226471599361,0.0038671874999999991,0.064715754038995099,1.2056520533272772,-0.23959662285053923,-0.2460348046875
3131,0.092824743850493108,0.03220882929978626,0.012729342055648438,0.013453124999999996,-0.12972705015541663,0.62590305070297192,-0.1586823211802616,-0.15461929687500001
3132,0.089483181865979505,0.036706016278031148,0.011083204773469154,0.0096328124999999973,0.31564556639201491,0.34715700818973472,-0.0066174027775211591,-0.015774023437500038
3133,0.085561311428219461,0.039895385403896477,0.0095898444651078257,0.0094101562499999975,0.11577136486554074,0.27240274913302454,-0.032892590696171599,-0.033916640625000008
3134,0.077367405127932387,0.03864546042426574,0.0081316083877699952,0.0066679687499999977,-0.60290697056025799,0.61783415963290611,-0.25635563734056444,-0.26543144531250001
3135,0.086899912986869526,0.031884417148194469,0.011553254126121761,0.011109374999999998,-0.39633082154821297,0.85292011667663936,-0.26234269702721902,-0.26559515625000002
3136,0.06520544029202538,0.026057592208281258,0.0082210480975862654,0.0082617187499999974,-0.27737734237849687,0.39264806633047633,-0.14070533582888436,-0.1405733203125
3137,0.10912614028896866,0.044314588177924316,0.013610425943319312,0.0095390624999999972,-0.28110489872028832,0.50990018777907586,-0.16611106816486648,-0.19468605468750003
3138,0.077888519748984864,0.042876181732564494,0.0073525909834482768,0.0083203124999999978,0.63089313399778502,0.51428319720466853,0.024488086726554462,0.027751523437499984
3139,0.065838747258688851,0.046889233794532553,0.003979397827472822,0.00291796875,0.11955651677397539,0.25968342197873595,-0.029426650092999718,-0.034155000000000019
3140,0.083833484355844562,0.040087185900753275,0.0091867226755691696,0.008847656249999997,0.4901015632733558,0.44566036311885471,0.0093326520324452291,0.0081237890625000028
3141,0.0903843968762649,0.022320126820082123,0.014293496711798383,0.012351562499999998,-0.053276531208568123,0.42579415118203223,-0.10060484330202607,-0.11170324218750004
3142,0.10870082168181508,0.044714731550016207,0.013437078927677763,0.011730468749999999,0.0041303412859322597,1.1236411099104371,-0.23509726141114604,-0.24603011718750001
3143,0.10676947466051188,0.043486378512563095,0.013289450191069245,0.014917968749999995,-0.17981126782952428,0.41770448189868958,-0.1254783074429249,-0.11604515625000002
3144,0.096101531306217375,0.045681328313998598,0.010588242628365942,0.0103125,0.53380702177760209,0.61638283556854145,-0.017340920896097265,-0.018913710937500015
3145,0.075362863413054704,0.03527293064876956,0.0084188858804998806,0.0093281249999999979,-0.33216822631644172,0.41885756152125264,-0.1577154154459158,-0.15272941406250004
3146,0.07600336794835813,0.034475360953221137,0.0087208814689787688,0.0078515624999999974,0.27830531513832091,0.29830580299337328,-0.0042001024495609985,-0.0086340234375000338
3147,0.11285258631293454,0.031126836699592111,0.017162407418801911,0.016781249999999998,0.24331593414288699,0.31892226645043964,-0.015877329784586055,-0.017954765624999994
3148,0.076400815531250305,0.036615361869917956,0.0083549452688797925,0.0079101562499999979,-0.2860147438408307,0.94642957867842736,-0.25881330772904421,-0.26139796875000004
3149,0.058987688098495195,0.05319788848837026,0.0012158579181262364,0.00062109374999999914,0.19072302781577755,0.82036087196548335,-0.13222394727143821,-0.13565332031250002
3150,0.093557842870778896,0.037090076541491782,0.011858230929150294,0.011730468749999999,0.25742947927734505,0.48803042580413447,-0.048426198770625775,-0.049333593750000009
3151,0.061764146666081654,0.04213393552474369,0.0041223443396809726,0.0038320312499999986,0.43460386409840135,0.87415936183760135,-0.092306654525231999,-0.093765468750000011
3152,0.085297513152248872,0.034694224250447755,0.010626690669378235,0.011484374999999998,0.13283303559682758,0.11576330174141225,0.0035846441096372183,0.0080309765624999759
3153,0.071875945609729153,0.041555322687387597,0.0063673308136917269,0.003890625,-0.5592251643859959,1.0100274371011451,-0.32954304631229964,-0.34370824218750001
3154,0.082573377421775007,0.034303690377614798,0.010136634279273643,0.0095976562499999977,0.19324621172609413,0.63847826878521519,-0.093498731982415414,-0.097007109375000053
3155,0.083595961899177784,0.039981950985645401,0.0091589422918418005,0.0074648437499999984,0.27563833897498413,0.42208833300431481,-0.030754498746159441,-0.039618281250000019
3156,0.040876229047245805,0.03820993633179294,0.00055992147024510144,-0.00082031250000000225,-0.093740275541328244,0.57752465089955374,-0.14096563455258521,-0.14781843750000001
3157,0.093075573858003524,0.033812996921376015,0.012445141156691776,0.011167968749999995,-0.24074266540292621,0.64877869121621523,-0.18679948489001968,-0.19460742187499999
3158,0.087401475745933599,0.038564554306627169,0.01025575350225435,0.0072187499999999969,0.55755559148020128,0.89405342681711819,-0.070664545420752553,-0.082093242187500012
3159,0.091519502638239769,0.033007847796461084,0.012287447516773523,0.011015624999999996,0.074979518689196167,0.51945778046792801,-0.093340434973533684,-0.099995156250000009
3160,0.071320346320346312,0.035488605475158877,0.0075246655774893608,0.0052734374999999977,-0.86137085137085168,0.33076004417384164,-0.25034748806438556,-0.26619398437500003
3161,0.10498221995476939,0.034518572825024449,0.014797365897246437,0.014437499999999997,-0.00095952850518166155,0.75399396598815482,-0.15854023384360066,-0.16075828125000002
3162,0.083380679519795192,0.04123806068259675,0.0088499499558116722,0.0088359374999999966,-0.39967348685811321,0.60199937328891362,-0.21035130063087562,-0.21054750000000005
3163,0.092610866279842746,0.043073402576885661,0.010402867377620988,0.010218749999999997,-0.467109322684088,0.85384422720734943,-0.27740024547720188,-0.27879820312500003
3164,0.087144431811069928,0.036097102655097663,0.010719939122754176,0.0077812499999999974,-0.44604291867084644,0.16293121989596937,-0.12788456909903131,-0.14628246093750003
3165,0.084585154575067711,0.029914599128649605,0.011480816643747801,0.0096210937499999968,0.50903073786049735,0.79762862175500215,-0.060605555617846009,-0.068698359375000018
3166,0.070729179015308313,0.061884261122349668,0.0018574327575213154,0.00085546874999999686,-0.29813045986821574,0.95832903897245059,-0.26385649475653994,-0.27007113281250006
3167,0.074940945400739645,0.022641803401043659,0.010982819819936157,0.0098671874999999992,0.12589092690499359,0.31209605317460065,-0.039103076516617478,-0.043927265625000038
3168,0.08116793773095371,0.036927083044809031,0.0092905794840903826,0.010089843749999996,-0.40059065178080033,0.092279070954234488,-0.10350264177435731,-0.098298046874999989
3169,0.08927936898535907,0.033658763741292244,0.011680327101254034,0.011765624999999997,-0.31893830980054394,0.47024267759150995,-0.16572800735233131,-0.16516031250000004
3170,0.10791870284304467,0.022711754943566892,0.017893459058890331,0.018539062499999995,-0.33890613501693712,1.2208943666750198,-0.32755810535531094,-0.32286527343750004
3171,0.091997477791108756,0.047167291418823365,0.0094143391381799318,0.0092929687499999983,-0.128608776664626,0.28036664721330595,-0.085884839014365708,-0.086868398437500008
3172,0.10992306053317183,0.028749445111695054,0.017046459238510121,0.016816406249999999,0.18518085697538056,-0.16311178442423735,0.073141454693919764,0.071604023437499928
3173,0.090416844096899901,0.047555766492643578,0.0090008262968938272,0.006761718749999996,0.027323998474575784,0.84616745768074697,-0.17195712643329594,-0.18319007812500002
3174,0.12160940325497288,0.034076169075330578,0.018381979177724883,0.019136718749999993,-0.3914699956757608,0.26798179587156057,-0.13848487622493749,-0.1330937109375
3175,0.071157472217534323,0.037683217770468194,0.0070295934338838869,0.0061992187499999973,0.47932397517820458,0.5077573414349098,-0.0059710069139080977,-0.0094944140625000274
3176,0.097613181014958056,0.037686305133181192,0.012584643935173142,0.0083789062499999983,0.090574287207603077,0.42893868699155463,-0.07105652395462983,-0.093527929687500025
3177,0.070969196694303044,0.031587117667282283,0.0082702365956743591,0.0071835937499999981,0.042978527759828911,0.66018535817576907,-0.12961343438734743,-0.13663921875000004
3178,0.099843986177466953,0.040114061290656089,0.012543284226230281,0.011859374999999998,0.021623357845162117,0.16458266888375694,-0.030021455318104913,-0.034307109375000013
3179,0.057614231855113773,0.03593257960666256,0.0045531469721747549,0.0032460937499999998,-0.26433016074302917,0.41024579929295601,-0.14166095160755687,-0.1506418359375
3180,0.091131552183081971,0.045338886730611941,0.0096164597450187055,0.0054843749999999971,0.43610692123198669,0.065049433641400922,0.077922072394023004,0.053569101562500041
3181,0.08752569853852471,0.040164715468847159,0.0099458064446322856,0.0092343749999999978,-0.51573735972121637,0.42073007625280967,-0.19665816155454546,-0.20093566406250002
3182,0.086946718146718144,0.02649399113096769,0.012695072673307595,0.014167968749999997,-0.57269525868725879,0.61839232111271936,-0.25012839175799545,-0.24193746093750002
3183,0.084335267431219468,0.030160874966733323,0.011376622417542091,0.010886718749999998,-0.68314492104597091,0.63298214749515314,-0.27638668439363606,-0.28008609375000004
3184,0.070293085157799529,0.028479065290515262,0.0087809441721296948,0.0090351562499999989,-0.22782148760937326,0.60159363660296805,-0.17417717608459166,-0.17280457031250002
3185,0.081733611761666103,0.035637481899901069,0.0096801872709706572,0.010218749999999997,-0.058628933558797836,0.61401451233674065,-0.14125512363806308,-0.13863222656250002
3186,0.10363717741524822,0.029206760977552329,0.015630387451916136,0.012082031249999996,0.65706936214273004,0.11144539881952842,0.11458103229787234,0.097675664062499973
3187,0.074206624079632605,0.038284650328213682,0.0075436144877979736,0.0075820312499999985,-0.50143810036906333,0.29275005242747776,-0.16677951208727362,-0.16647386718750007
3188,0.099893475439524732,0.035066589196706466,0.013613646110991836,0.013898437499999998,-0.079781711865905769,0.75108468479858248,-0.17448194329954253,-0.17302851562499999
3189,0.094944957672915054,0.026012349053496212,0.014475847810077956,0.014613281249999997,0.46542333198030106,0.19893002530084158,0.055963594402686487,0.056399296874999998
3190,0.10910672363538204,0.036579715183026343,0.015230671774994696,0.014167968749999997,-0.12652160912081112,0.028898058299424045,-0.03263813015824938,-0.039931992187500001
3191,0.086429004260915487,0.045484951027541937,0.0085982511790084447,0.010113281249999996,-0.15924262992022331,0.53990969544820078,-0.14682198832736906,-0.13729277343750004
3192,0.093989792394182425,0.043563562057704494,0.010589508370660364,0.011308593749999995,-0.19128278138071297,0.050514097043319217,-0.050777344469046755,-0.046853085937499997
3193,0.10161422708618331,0.02988301395596854,0.015063554757345101,0.014449218749999999,-0.5166406748746013,0.51306914690845473,-0.21623906257444175,-0.22023972656249999
3194,0.076406222635101689,0.030179043758265758,0.009707707564135545,0.0093632812499999975,0.14578249712549596,0.056753025990454842,0.018696188938358633,0.016573359374999964
3195,0.080625107297253723,0.033056987942840801,0.0099893050644267126,0.010300781249999997,-0.18488067627336024,0.18620013207552244,-0.077926969753265365,-0.075980507812500028
3196,0.092391000949031438,0.028752441022648206,0.013364097584540479,0.013242187499999995,-0.14901104884903649,0.28424966891876702,-0.090984750731238739,-0.09190300781250002
3197,0.098432741062574491,0.014413158733213541,0.017644112289165799,0.017460937499999996,0.37995100867365417,0.36600375902229054,0.0029289224267863611,0.001725820312499975
3198,0.058736532019889209,0.03199688451832261,0.005615325975328986,0.0042539062499999981,-0.10471604142043878,0.83761865269611524,-0.19789028576447634,-0.20550199218750001
3199,0.11114976013449859,0.022289381205615674,0.018660679575065411,0.017015624999999996,-0.11784693537400182,0.0069583724733380814,-0.026209114647941376,-0.035292304687500019
3200,0.089861012798683776,0.041513110842025511,0.010153059410898235,0.0071132812499999989,0.2991297995064186,0.54565745685778833,-0.051770808043787642,-0.068003554687500023
3201,0.0898194689586371,0.039079512123843654,0.010655390935306623,0.0080390624999999976,0.17678871537103824,0.90330703164320614,-0.15256884641715526,-0.16224609374999999
3202,0.083624220069424299,0.040172865421972209,0.009124784475964938,0.008296874999999997,0.37273030034080801,0.38135807976399383,-0.0018118336788690225,-0.0066110156250000426
3203,0.10213823462365273,0.031355855855855846,0.014864299541237346,0.013664062499999997,0.096454673730844154,0.87858860360360358,-0.16424812527327948,-0.17163914062500002
3204,0.075242453779959168,0.031810211904998636,0.0091207707937417115,0.0075820312499999968,-0.33120157154331009,0.1998752590221784,-0.11152613441875257,-0.1210339453125
3205,0.06942858114905881,0.029777123302557953,0.0083268061477651794,0.0076406249999999972,-0.29698048855169612,0.55871790845581271,-0.17969666337157686,-0.18422355468750001
3206,0.077102117844411816,0.016998246675244549,0.012621812945525125,0.0099374999999999984,-0.17535302399424846,0.31666688849906,-0.10332418162359477,-0.12228011718750001
3207,0.078755202346926623,0.040883981133621253,0.0079529564547941266,0.0069726562499999997,-0.14058203828612026,0.53235489876741937,-0.14131675678124331,-0.14758101562500003
3208,0.086812834847426051,0.040045456655138423,0.0098211494203804019,0.0088710937499999962,0.75077437106918232,0.39661559168897065,0.074373343669844452,0.069003398437499988
3209,0.077761695706066586,0.031985969882464049,0.0096129024229565322,0.0089062499999999992,0.26623450395486281,0.34231936504724492,-0.015977820829400243,-0.019535859375000006
3210,0.089179106320150497,0.037142702849832843,0.010927644728766707,0.012328124999999997,0.028953180321069194,0.48266389259935427,-0.095279249578439862,-0.08693636718750003
3211,0.080888576574908888,0.043699444690156769,0.0078097176957979443,0.0074179687499999966,-0.16336048962929506,0.89313770701262951,-0.22186462129480414,-0.2242761328125
3212,0.062810612713473407,0.034027836920861809,0.0060443829164484354,0.0066328124999999981,-0.96668598005210216,0.18277155886499241,-0.24138608317258983,-0.23665816406250001
3213,0.070114690221610682,0.040595642551640845,0.0061990000106936652,0.0061874999999999968,-0.26043316799566718,0.74318806672980908,-0.21076045929235002,-0.2110490625
3214,0.092348497924424983,0.033375639941070498,0.012384300176504442,0.014624999999999997,-0.17116984697989279,0.72929536013019269,-0.18909769349311795,-0.17308875000000001
3215,0.099831499558176329,0.027712853850502248,0.015144915598611556,0.012292968749999997,-0.059917419522411697,0.21594075676537505,-0.057930217020435215,-0.073371796875000048
3216,0.086308378504176247,0.038286501204668172,0.010084594232896696,0.010124999999999997,0.09122203164341236,0.031321245352687543,0.012579165121052211,0.01268167968749998
3217,0.10416781743795961,0.042683041168082594,0.012911803016674172,0.013617187499999996,0.1660962523521764,0.49972288264738529,-0.070061592361993871,-0.065976796874999993
3218,0.077951657657423817,0.012976825840162548,0.013644714681624866,0.011976562499999999,-0.24888412259411852,-0.043184038265149716,-0.043197017709083449,-0.053784375000000037
3219,0.10741323084090379,0.028532208543657081,0.016565014682421809,0.015644531249999996,-0.17129425809457244,0.40109158981557158,-0.12020102806113024,-0.12539132812500001
3220,0.089986289337045583,0.043820146556350706,0.0096948899839459247,0.0072890624999999987,0.073655141378444311,0.79465718629460613,-0.15141042943239397,-0.16529859375
3221,0.090012113870381577,0.032687875087140203,0.012038090144480687,0.010874999999999999,-0.041013022410660294,0.51787241924087413,-0.11736594274682223,-0.12325980468750003
3222,0.096388352912015002,0.039970981508751266,0.011847647994685384,0.011156249999999996,0.73708285743447177,0.65032507782668736,0.018219133717634724,0.014820820312499983
3223,0.099228666166753299,0.029009009009009018,0.014746128003126299,0.013582031249999998,0.69327828231623578,0.82290139639639626,-0.027220853956833699,-0.032277656250000036
3224,0.08570638248311202,0.02981911570490868,0.011736326023422701,0.010769531249999997,-0.25356423247146553,0.61581835903162696,-0.18257034421564941,-0.19009511718750005
3225,0.088646114771698564,0.044379240372562564,0.0092960436238185597,0.0086015624999999964,0.057368205936685124,0.35269964531233289,-0.062019602268886032,-0.06547664062500004
3226,0.10051519977714515,0.04657880138922979,0.011326643661462226,0.010804687499999997,0.15393524923218782,1.0498253752907338,-0.18813692647229466,-0.19100906250000002
3227,0.065212770246249802,0.041468438265782601,0.004986309715898112,0.0050273437499999971,0.12391073215247772,0.34708008759244768,-0.046865564642393692,-0.04678253906250001
3228,0.083232734282209536,0.017743175018010482,0.013752807445481801,0.013242187499999997,-0.71980195778734024,0.53745368524953496,-0.26402368503774376,-0.26774238281250001
3229,0.077960364655559611,0.042676912345158788,0.0074095249851841728,0.0059531249999999983,0.033795811130868936,0.48778202050713915,-0.095337103969016734,-0.10351804687500002
3230,0.055959872321021426,0.039721200974365711,0.0034101209827977,0.0027773437499999977,-0.13215859553123599,0.54386344278995979,-0.14196462804745111,-0.14531765625000001
3231,0.07321114748228652,0.038015556404152356,0.0073910741264081739,0.005507812499999998,-0.01409835467732945,0.36000991458963605,-0.078562736546062759,-0.086681250000000029
3232,0.094547589025609807,0.040477722372775291,0.011354671997095249,0.0097265624999999974,-0.18697718741394564,0.90383051018872829,-0.22906961649656152,-0.23859046875000001
3233,0.060063242586304411,0.035292655109641094,0.0052018233700992962,0.0085898437499999977,-0.30736783329196671,0.73881570594753343,-0.21969854324029506,-0.20021554687500001
3234,0.061756833837918496,0.022036403557700798,0.0083412903588457165,0.008050781249999998,-0.35309639770084678,0.65784008278747019,-0.21229666090254656,-0.21405046875
3235,0.064447027790537154,0.026095330443156525,0.0080538564429499318,0.0092460937499999965,0.082678726021779836,0.25615617833009119,-0.036430264984745379,-0.030672070312500015
3236,0.078073848216028308,0.041672975495622086,0.0076441832712853064,0.00833203125,-0.13998906306963188,0.53240014441504202,-0.14120173357178151,-0.13731480468750004
3237,0.11398193887002162,0.037464320950191976,0.016068699763164225,0.014308593749999998,0.3260122723062675,0.32366978443893879,0.00049192245213902977,-0.011135273437500022
3238,0.097044215626892805,0.029605012971034961,0.014162232557730147,0.012984374999999998,-0.22556935190793481,0.46390623811612425,-0.14478987390505238,-0.15135984375
3239,0.075657763138593653,0.049454415586688616,0.0055027029859000577,0.0045234374999999979,0.009804395553771994,0.79840297412740557,-0.16560570150046305,-0.17070480468750002
3240,0.074819593475110358,0.046274524587022525,0.0059944644664984446,0.0059765624999999975,0.10406701655523887,0.076611613474759532,0.0057656346469006602,0.0054097265625000016
3241,0.095454545454545459,0.035743493670926121,0.012539320874560061,0.010289062499999996,-0.64524819624819618,0.37348008479777772,-0.21393293901965452,-0.22920925781249998
3242,0.086822000923139492,0.034812521499827984,0.010921990678895417,0.010511718749999996,-0.99709620867337079,0.55887921765197313,-0.32675483952832224,-0.32997117187500002
3243,0.10115103915288201,0.028384475979444837,0.015280978266421805,0.014999999999999998,0.11514545215216532,0.40962865337131737,-0.061841472256021927,-0.063476367187500035
3244,0.094684419228650951,0.037020204608409282,0.012109485070250749,0.011578124999999996,-0.14265730684418021,0.1307003778755359,-0.057405113791140383,-0.060517148437500022
3245,0.071724563569035449,0.029267925339374515,0.0089158940282287966,0.009304687499999997,-0.039814186210544888,0.44145316335747686,-0.10106614340928456,-0.099615234374999986
3246,0.10311483868455382,0.042374691077219626,0.012755430997540179,0.012257812499999998,-0.34166757530325753,-0.063270179345303434,-0.05846345315117036,-0.062906484375000002
3247,0.088506428280746896,0.038036947841306373,0.01059859089228251,0.011519531249999998,0.32751159697009569,-0.026189687788900518,0.074277269799389201,0.079385976562499988
3248,0.092796980740300655,0.026913273668750043,0.013835578485025628,0.012492187499999998,0.25215438070660112,1.1536357150726637,-0.18931108021687315,-0.19868320312499999
3249,0.072290307411979088,0.041646255104198004,0.0064352509846340271,0.0067851562499999969,0.2740721800975725,-0.25680527702788303,0.11148426599634566,0.11293265624999999
3250,0.085942636011415663,0.024915637153969342,0.012815669760063727,0.014156249999999999,-0.42244035266269342,0.62081914178677655,-0.21908449383438869,-0.21151792968750002
3251,0.096432703200128173,0.023591948407269886,0.015296558506500239,0.016769531249999997,0.3213923322523905,0.3695656830173929,-0.010116403660650503,-0.0035121093750000165
3252,0.080710854070456362,0.028826966493560327,0.010895616391148166,0.011296874999999998,0.10667889154688592,-0.084080698923827746,0.040059513998849869,0.041905546874999949
3253,0.10138627529931876,0.029928834170562968,0.015006062637038716,0.014566406249999997,0.42015802972324723,0.52851938540297239,-0.022755884692742281,-0.025029726562500035
3254,0.084423007021101559,0.03920378985830518,0.0094960356041872401,0.0063749999999999996,-0.41287645156970409,-0.23329017483483094,-0.03771311811432336,-0.057849492187500004
3255,0.086137799841796064,0.026505638043718999,0.012522753977596184,0.012503906249999997,-0.1157419205933472,1.0714487785416638,-0.24931004681835228,-0.24946628906249999
3256,0.088908684796549092,0.034733710461403555,0.011376744610380563,0.011671874999999998,0.12710422728993376,0.33743678442279934,-0.044169836997901772,-0.042823242187500006
3257,0.069869809000243782,0.044961781480257354,0.0052306857791971501,0.0047578124999999982,-0.30861431817953555,0.75820958497422042,-0.22403301966228878,-0.226644609375
3258,0.084386098008817939,0.027559045623038944,0.011933681001013588,0.011964843749999999,-0.074849149542061122,0.039024711500241338,-0.023913510818883515,-0.02395687500000003
3259,0.092409679589954885,0.038569859159206951,0.011306362290457065,0.0071718749999999951,0.39178894520666618,0.3762921348122904,0.0032543301828189142,-0.018182929687500026
3260,0.098133993357242016,0.027820682760640703,0.014765795225286276,0.015316406249999996,-0.3949994971324281,0.3993970451471287,-0.16682327387870693,-0.16323656250000002
3261,0.082296901773343284,0.048807214650981173,0.0070328342956960431,0.0062578124999999986,0.21358094733169553,-0.11188291936418371,0.068347412006134631,0.064801874999999981
3262,0.074067509927262187,0.02638883228913351,0.010012522304007022,0.0089296874999999984,-0.051845693672273652,-0.0018142948392203539,-0.010506593754941193,-0.01657710937500001
3263,0.079416299595903878,0.038727574358275715,0.008544632299901914,0.0063281249999999978,0.12744581903218433,1.2505506966523954,-0.23585202430024432,-0.24868558593750001
3264,0.096344863506847622,0.046945381853944035,0.010373891147109753,0.010863281249999997,0.25863074849106898,0.48348116836128519,-0.0472185881727454,-0.045639023437499988
3265,0.099458874458874441,0.038614318852817839,0.012777356677271886,0.010593749999999997,0.21526551226551238,0.36456885509159798,-0.031353701993477971,-0.044467968750000003
3266,0.079576471676158028,0.03580030622888139,0.0091929947439280939,0.010523437499999996,-0.19056376428521904,0.72554143308948116,-0.19238209144868704,-0.18471046875000002
3267,0.074673982487128421,0.040171283751899572,0.0072455667343980582,0.0062109374999999977,-0.36182528589041563,0.92391234260397159,-0.27000490198382132,-0.27791261718749999
3268,0.09449986823777437,0.03504292202557012,0.012485958704562893,0.010499999999999995,0.083851176448443199,0.33871895538606345,-0.053522233576900252,-0.063715312500000024
3269,0.081381376329459659,0.040704929819466495,0.0085420537670985643,0.0062343749999999986,0.17972245220193739,0.49486763832540526,-0.066180489085928246,-0.078120468750000005
3270,0.087698008498269892,0.035430181140715139,0.010976243745086498,0.010851562499999997,-0.10260271640799368,0.13413122039909298,-0.049714126729488196,-0.050791406250000046
3271,0.070922468017410367,0.029287332962089352,0.0087433783616174127,0.0065742187499999993,0.12789958230996679,0.7054762254482162,-0.12129109505903238,-0.13392363281250003
3272,0.087916096671226629,0.052834887071939757,0.0073670540158502426,0.0067617187499999986,-0.29680948472412239,0.3010883377069784,-0.12555854271053116,-0.12943898437500001
3273,0.10856616082825132,0.045272667381538109,0.013291633623809775,0.013441406249999996,-0.20156530743988388,0.77357678490079396,-0.20477983939154235,-0.20390367187500005
3274,0.09486476758115292,0.030806306306306305,0.013452276867717789,0.012246093749999996,-0.0596814914088869,0.56507923423423412,-0.13119975238505541,-0.13702230468750001
3275,0.080599764154371561,0.036913620505362232,0.0091740901662919587,0.010957031249999997,0.31723077769987729,0.37050301642006533,-0.01118717013123949,-0.0030079687500000141
3276,0.094865481076151392,0.037036429235040413,0.012144100886633305,0.011542968749999999,-0.6823928864569081,0.81449156956046254,-0.31434573576364783,-0.31876804687500004
3277,0.088171766239978827,0.03516038906417672,0.011132389206918442,0.010335937499999996,0.1581823292226735,0.46545492828927326,-0.064527245803985944,-0.069390820312500004
3278,0.070836647020586646,0.034901640534282907,0.0075463513621237847,0.0062812499999999969,0.13897217592138666,0.070578083217965548,0.014362759467718434,0.0090582421874999697
3279,0.089278548732601992,0.040925120001782861,0.010154220033472017,0.0090703124999999968,-0.72002435508723084,0.24709231598587023,-0.20309450092535122,-0.21013324218750004
3280,0.079239348564371703,0.040363211133381052,0.0081639888605080368,0.0063749999999999987,-0.15402699521457242,0.44583546644647576,-0.1259711169488201,-0.13516171875000002
3281,0.078454429228623002,0.033962496747272433,0.0093433058210836192,0.0085312499999999972,0.066479776744682972,0.78727685389161184,-0.15136738620085505,-0.15607593750000004
3282,0.052460949012673147,0.034046314635529387,0.0038670732192001896,0.0023203125000000003,-0.12304627173592697,0.7913094563029246,-0.19201470288815883,-0.20027156250000006
3283,0.073944879658403739,0.02876613431284944,0.0094875365225664029,0.0071015624999999968,-0.24030748226456433,0.83242078388535712,-0.22527293589148348,-0.23729789062499995
3284,0.072057893726154537,0.03941133137623555,0.0068557780934829868,0.0068437499999999983,-0.30707498567402591,0.94824353615840229,-0.26361688958480994,-0.26370140624999999
3285,0.081679939251153633,0.039400425330114563,0.0088786979234182044,0.0083789062499999983,0.3232060593080085,0.72319191244669545,-0.083997029159124256,-0.086712187500000037
3286,0.075210867646494511,0.041017130822317074,0.0071806847330772618,0.0078984374999999992,0.20350573698146512,0.034534167622557899,0.035484029565370515,0.038470312500000006
3287,0.090956995760145376,0.036114766172612695,0.011516868213381862,0.010382812499999998,-0.52040327074500303,0.65946184096088512,-0.24777167345823647,-0.25540394531249999
3288,0.065670997664312947,0.039590078630897335,0.0054769929970172786,0.0033984374999999987,0.25492666556518306,0.18150128642460672,0.015419329619521031,0.0068837109374999626
3289,0.098319417252359542,0.038639662523813845,0.012532748492994596,0.0091992187499999982,0.22971407802494626,0.65829576793976252,-0.090002154882111413,-0.11040667968750001
3290,0.084566751101123216,0.035707610220259881,0.010260419584981301,0.010242187499999998,0.13881467333879016,0.70761865494292853,-0.11944883613686905,-0.11965441406250001
3291,0.081899854748592904,0.042264874180580322,0.0083233459192826424,0.011027343749999998,-0.085677061340594718,0.97736529203565015,-0.22323889420901144,-0.21131214843749999
3292,0.08525483546813506,0.037689350138760402,0.0099887519191686775,0.007886718749999997,0.32519760346046434,0.25199908938482896,0.01537168795588343,0.0058508203124999717
3293,0.094629213992609207,0.036013879786051514,0.012309220183377115,0.010921874999999996,-0.12480795302545977,0.66038945394094517,-0.16489145546294504,-0.17190949218749998
3294,0.084034986492976416,0.045493567016745826,0.0080936980900084242,0.010136718749999997,-0.66079431467938909,0.77955087296809134,-0.30247248940597088,-0.288965625
3295,0.056804610658129667,0.033003333756467426,0.0049982681493490706,0.0039492187499999987,-0.24793657040309902,0.26368078494074765,-0.1074396446222078,-0.11305066406250001
3296,0.071790398312991638,0.037645197456390986,0.0071704921798861369,0.0062812499999999986,-0.094766587524937274,0.77323969507831036,-0.18228131934668199,-0.18672492187500001
3297,0.079148860398860404,0.030084866815851097,0.010303438652431954,0.011988281249999996,-0.19527985517568858,0.24026773338179019,-0.09146499359707054,-0.081362578125000015
3298,0.094017094017094016,0.04390480776899118,0.010523580112101595,0.012105468749999997,0.62439636752136751,0.55449716326499754,0.014678832893837694,0.023260781250000005
3299,0.072952602714543957,0.037082095675533874,0.0075328064781921174,0.0080156249999999967,0.41221207757590617,0.68329107835036906,-0.056926590162637208,-0.055181953125000016
3300,0.06758167340725954,0.040352888933857217,0.0057180447394144874,0.0050156249999999984,-0.36765658621612818,0.1715406316925514,-0.11323141576082271,-0.11765531249999997
3301,0.059814875835005832,0.04608036025580671,0.0028842482716318154,0,-0.12447302519246328,0.47874186569757593,-0.12667512708690823,-0.1432941796875
3302,0.088567571752046603,0.031530621793150332,0.011977759491368216,0.010640624999999999,-0.44826793559249867,0.36138579791380376,-0.1700272840363235,-0.1788542578125
3303,0.11193406588694899,0.023644420541951663,0.018540825522449438,0.018949218749999996,0.28631513730097313,0.4450786933552936,-0.033340346771407299,-0.03101027343750002
3304,0.064453125,0.050902524260383775,0.002845626155319407,0.0027773437499999994,-0.35883593750000009,0.66436998969725158,-0.21487324471142286,-0.21542191406250003
3305,0.073095914249661498,0.03064740241677387,0.008914187484906402,0.0097851562499999961,0.23702001166909537,0.13732777459377477,0.020935369785817327,0.025295859375000004
3306,0.071279684750075789,0.039712258015764917,0.0066291596142052829,0.0041249999999999985,0.51417923856983638,0.2774364834863513,0.049715978567531863,0.038972929687499977
3307,0.082792207792207778,0.051763148985483412,0.0065161023494121166,0.0043593749999999987,-0.062494949494949603,0.19130963159334669,-0.053298962028542216,-0.065742304687500031
3308,0.072689511941848389,0.041439323857412377,0.0065625394977315626,0.0062695312499999982,-0.11710711830693399,0.49567951823639156,-0.12868519367409836,-0.13031378906250002
3309,0.081602394069237555,0.033177250349113216,0.010169280181226112,0.0087304687499999995,0.15639411457979102,0.61862655838822844,-0.097068813199771856,-0.10303699218750002
3310,0.088924051497735829,0.027360379877572602,0.012928371040234277,0.012152343749999996,-0.5202847442557873,0.67063109302969992,-0.25009232582995228,-0.25477523437500005
3311,0.074419294742094244,0.02971765980649306,0.009387343336476249,0.0065742187499999959,-0.15013544704104453,0.42408710411832939,-0.12058673574346852,-0.14401218750000003
3312,0.078645655639479339,0.022252340122008427,0.01184259625866889,0.010992187499999997,0.47708814384111353,0.58208782226607381,-0.022049932469241657,-0.025986679687500045
3313,0.10127469011812268,0.035352167670101006,0.013843729714084551,0.013089843749999996,0.22492879571708491,0.86652404463813382,-0.13473500227342028,-0.1393341796875
3314,0.085393736535904069,0.030737384667133869,0.011477833892441742,0.01039453125,0.25702458784864191,0.70539398285035193,-0.094157572950359106,-0.1009434375
3315,0.082935186736192323,0.036635165882366497,0.0097230043793034241,0.0076523437499999994,-0.43794974075235804,0.67589652524411814,-0.23390771585925996,-0.24798035156250006
3316,0.10080482441225147,0.040791479563917252,0.012602802418150186,0.011249999999999996,-0.41122832075086724,0.70940137788159263,-0.23533223671281658,-0.24319640624999997
3317,0.080871980250396769,0.03863599905397555,0.0088695560512484558,0.0092226562499999991,-0.57447532769058962,0.73555609332695859,-0.27510659841368512,-0.272919140625
3318,0.067964191921908834,0.028028566822957179,0.0083864812707798476,0.0085312499999999972,-0.83923761119723783,-0.10272769425930217,-0.15466708255696648,-0.15352324218750005
3319,0.089224861649663062,0.055424308656583376,0.0070981161285467338,0.0051796874999999985,0.6302312690584646,0.68019860876781957,-0.010493141338964541,-0.018095390625000027
3320,0.060249533522345577,0.029495960588998393,0.0064582503160029083,0.0046406249999999981,-0.14437700255368435,0.38736598264348732,-0.11166602689140605,-0.1231158984375
3321,0.074487156880032934,0.033782328875278128,0.0085480138809985087,0.0089296874999999949,0.41637321460059951,0.53249966563605433,-0.024386554717445514,-0.022823085937500025
3322,0.061871562204393354,0.028685307824380682,0.0069691134198026613,0.0090937499999999977,0.071835783241493534,-0.25022266818293315,0.067632274799129602,0.081336328124999968
3323,0.081594721946575854,0.028646933743974867,0.011119035522546207,0.011378906249999998,0.48496906166987447,0.15025519816296407,0.070289911336451183,0.070967460937499963
3324,0.086246785657394687,0.049542687214074038,0.0077078606730973361,0.0068203124999999974,0.29522403683503873,0.61085403339954925,-0.066282299278547202,-0.070558828125000014
3325,0.091886552191726895,0.033771213685915652,0.01220422108622036,0.011472656249999998,0.37725624662820589,0.37525587752910383,0.00042007751081143296,-0.0041377734375000405
3326,0.069414199848982477,0.042074861518391612,0.0057412610494240813,0.0052734375000000003,-0.074624387233082956,0.72532062595731672,-0.16798845276998392,-0.17026652343750001
3327,0.084126846094757735,0.045168772790250181,0.0081811953939465859,0.0065742187499999985,0.32700331173819142,0.52655760513287575,-0.041906401612883712,-0.050568984375000084
3328,0.089009574004278669,0.030832251132869748,0.012217237802995874,0.013031249999999996,-0.14002573468753821,0.33340562163884746,-0.099420584828540992,-0.093749179687500031
3329,0.095111137886222441,0.032387018901731998,0.013172064986742992,0.014027343749999997,0.5942752032005546,0.41962771519377451,0.036675972481423819,0.040353749999999994
3330,0.11244964800662574,0.037849001797345017,0.015666135703948952,0.013757812499999997,0.097147837217181898,0.19911066980846437,-0.021412194844169317,-0.034425468750000035
3331,0.11021070969196695,0.046055483586094986,0.01347259748223311,0.012445312499999996,0.45582077492577711,0.41181316724286321,0.0092415976134119174,0.0031474218749999849
3332,0.091588839147885154,0.056332690395403159,0.0074037912380212189,0.0056132812499999993,-0.54345226150046311,0.50603904202079164,-0.22039317373946349,-0.2313041015625
3333,0.084657783161720179,0.032824225629409468,0.010885047081785249,0.0097734374999999974,0.16232761962446962,0.79962819650398798,-0.13383312114469886,-0.14026535156250003
3334,0.09453721008609331,0.040601729239765988,0.011326450977728737,0.011789062499999996,-0.028905327981862183,0.77333721665359045,-0.16847093437344504,-0.16596609375000004
3335,0.077420677443236802,0.043670053524448874,0.0070876310229454646,0.0036796874999999985,0.024571215510812872,0.65752580967068863,-0.13292046477357392,-0.15020179687500002
3336,0.083779991049146268,0.043001306543675621,0.0085635237461488354,0.0076992187499999969,0.49811376686818731,0.082504646701095474,0.087277915235089279,0.083898867187500004
3337,0.1037467700258398,0.0318365657495496,0.015101142898020942,0.016054687499999994,0.4212676264304171,0.50914701867850809,-0.018454672372099107,-0.015093046875000011
3338,0.093098907146788284,0.030580471465931791,0.013128871492979864,0.013968749999999997,0.40698448187750613,0.40638168718217915,0.00012658688601866586,0.0034919531249999825
3339,0.069899598491776654,0.039409600302769063,0.0064028996196915941,0.0065507812499999984,-0.72039834163899474,0.43524346418283877,-0.242684779222585,-0.24160125000000007
3340,0.074487074487074478,0.032391990187370628,0.0088399677029378076,0.0083789062500000001,0.045242207850903493,0.18605188277242268,-0.02957003173351903,-0.032126015625000032
3341,0.078814904901861438,0.040969502702000699,0.0079475344619707542,0.0074882812499999949,-0.022175310001397053,0.22916666685390763,-0.052781815139613983,-0.055723945312500016
3342,0.081416430051415856,0.036913443996843182,0.0093456270714602618,0.0067734374999999982,0.12709514810835698,0.39792325941378348,-0.056873903374139563,-0.067366875000000007
3343,0.061194130522962242,0.030014156186647031,0.0065477946106261937,0.0076992187499999977,-0.60879836677671251,0.15920842279691538,-0.16128142581046184,-0.15392589843750001
3344,0.076220645998409303,0.022041794748864904,0.011377558762404323,0.009585937499999999,-0.20691648275880792,0.25874240672325766,-0.097788366791233761,-0.10870476562500002
3345,0.080875512995896015,0.039103497217129635,0.0087721233135409395,0.0081679687499999973,-0.43993041495668028,-0.29033172507051663,-0.031415724876094363,-0.034943085937500014
3346,0.091743742283771246,0.046560207239911389,0.0094885423592105701,0.0097499999999999983,-1.141328843186654,0.46316886540710978,-0.3369445188046904,-0.3346276171875
3347,0.090231948288208103,0.028280302414456157,0.013009845633487909,0.011636718749999997,-0.18470212982137002,0.039729199203802468,-0.047130579095286222,-0.054843515625000012
3348,0.11460035234811528,0.027701338957078589,0.018248792812117703,0.018562499999999996,-0.92792691148240514,0.30932099014499626,-0.25982205934175429,-0.25729839843750002
3349,0.072828892763864228,0.042757388879305386,0.0063150158157573568,0.0059882812499999979,0.62547671080585099,0.11744873425909952,0.1066858750748178,0.10528242187499998
3350,0.065589015149197738,0.036682199683196637,0.0060704312478602309,0.0063281250000000004,-0.59747516429678771,0.43483527676799805,-0.21678519262360502,-0.21489046875000004
3351,0.083152890813609104,0.040821442846297767,0.0088896040731353803,0.0045585937499999975,0.33289541800443012,0.092904214761742487,0.050398152680964405,0.031089023437499991
3352,0.072266018084038458,0.039748843251475693,0.0068286067148381801,0.006656249999999999,-0.046096983676063075,0.87034597530200675,-0.19245302138539466,-0.19339289062499998
3353,0.06170139192175661,0.044039980313265073,0.0037088964377832226,0.00063281249999999959,0.19865375572389388,0.2531068192247049,-0.011435143335170315,-0.025326445312500015
3354,0.089026773249020225,0.03232995079800853,0.011906332714712455,0.012164062499999996,0.31860264220803136,0.4867224578452608,-0.035305161283818179,-0.034324101562500042
3355,0.10199289041946161,0.034814582057789867,0.014107444755951064,0.013593749999999998,0.56639535629861459,0.35508749216692659,0.044374651467654479,0.041419921874999946
3356,0.09944272939403162,0.037539509019587775,0.012999676278633207,0.011472656249999998,-0.14508840964099878,0.23808228474387971,-0.080465845820824486,-0.088903710937499977
3357,0.067687635692374376,0.032801902367119759,0.0073260039983034696,0.0084960937499999976,0.058281880550072107,1.0125535412491935,-0.20039704874681549,-0.19448718749999996
3358,0.087321333638062604,0.027700309197285639,0.012520415132563162,0.014203124999999997,0.015508077851942859,1.0804158349721704,-0.2236306289952478,-0.21465363281250002
3359,0.070079435127978817,0.027664428941248737,0.0089071512992133159,0.0096445312499999977,-0.34993026593499388,0.46135134796316857,-0.1703691389186141,-0.16627230468749998
3360,0.085283901628502495,0.032681940700808612,0.011046411794815716,0.0102890625,-0.28462363710730143,0.22178395092828185,-0.10634559348747248,-0.11176652343750001
3361,0.077597250125739509,0.02165722102794608,0.01174740611053662,0.013218749999999996,0.096741452724263155,0.75091850693765883,-0.13737718138481309,-0.13140246093750002
3362,0.075678605112808689,0.042568256692980491,0.0069531731681639211,0.0083789062499999983,0.43148248737105627,0.40319316290751328,0.0059407581373440268,0.011322421874999994
3363,0.097885058468641914,0.023943854057875816,0.01552765292626088,0.015609374999999997,0.12424197001421655,0.28177590164052108,-0.033082125641523949,-0.032835234375000001
3364,0.074569921169639702,0.047322148116573759,0.0057220323411438477,0.0076640624999999973,0.23613814256253973,0.41844943131517187,-0.038285370638052749,-0.028603476562500028
3365,0.061166542322207917,0.043973725974255001,0.0036104914330701123,0.0028476562500000008,-0.36868995597386311,0.36625459732473464,-0.15433835619270553,-0.15948832031249999
3366,0.10646781703527267,0.026850414954803198,0.016719654436898587,0.014847656249999997,-0.27474832208191136,0.052863030158588398,-0.068798383970504945,-0.079182539062500015
3367,0.079249192838980548,0.03967284674394346,0.0083110326799577874,0.0061171874999999985,-0.53009015654651803,-0.21382343977147966,-0.066416010522758057,-0.081625664062500047
3368,0.0797194289200851,0.03649909086441594,0.009076270991690524,0.008683593749999996,0.2454561928898773,0.79653930905695591,-0.1157274543950865,-0.117837421875
3369,0.060536259451059754,0.033437036632378514,0.0056908367919230604,0.0057304687499999986,-0.49835981279296904,0.41813861449333856,-0.19246466973012458,-0.19218972656250002
3370,0.074485725920002355,0.037219463704792205,0.0078259150651941306,0.0084257812499999984,-0.60923916136407108,0.055468159855259214,-0.13958853745605937,-0.13507312500000002
3371,0.081624537754761722,0.031918925329530307,0.010438178609298597,0.010476562499999995,0.65554393757810991,0.68861600937463308,-0.006945135077269864,-0.0069076171875000368
3372,0.075899553670322417,0.032030240739687507,0.0092125557154333314,0.0073945312499999983,-0.61536130883186635,0.44991708351727122,-0.22370846239331887,-0.2359076953125
3373,0.073899371069182374,0.040927023221993597,0.0069241930479096428,0.0059882812500000005,0.08711507104588867,0.63656993531709249,-0.1153855214969528,-0.1202572265625
3374,0.076162662538925896,0.028278539485969825,0.010055665841120774,0.0096679687499999986,0.037580869090780733,0.47760640817730582,-0.092405363208170263,-0.094900664062500015
3375,0.079727242554988975,0.045654831882978641,0.0071552062411221699,0.0054843749999999979,-0.20293721147753674,0.15372122038336355,-0.074898270690789054,-0.08462121093750001
3376,0.08217471169993712,0.025521421435726291,0.011897190955484273,0.012960937499999999,0.33165458524274183,0.7869919080465323,-0.095620837788796001,-0.090291445312500052
3377,0.10211807733963921,0.035037280431780574,0.014086967350650313,0.010839843749999998,-0.035022887036372907,0.25916168283055141,-0.061778759672054102,-0.083857382812500034
3378,0.093144593267188019,0.029021836007130111,0.01346577902461216,0.013136718749999996,-0.28821703077051941,0.26580023431660038,-0.11634362566829515,-0.11906636718750001
3379,0.072590169671107291,0.048516526895429027,0.0050554649828924349,0.0043593749999999987,0.24556872141569186,0.21368299108593292,0.0066960033692493775,0.0026302734375000013
3380,0.054594067735995233,0.034112342480161206,0.0043011623037251456,0.0032109374999999985,-0.12461836826977035,0.22866514368670432,-0.074189537510859674,-0.080045859375000014
3381,0.10833156150955177,0.042874548798652753,0.013745972669288793,0.01171875,0.44701371857744449,0.89013232679030652,-0.093054907724701028,-0.10297781249999999
3382,0.082648091489392367,0.034394315604731843,0.01013329293577871,0.0076289062499999985,0.29881506395323709,0.42569020773902067,-0.026643780195014549,-0.039221953125000028
3383,0.12029236686996329,0.040102202012184243,0.016839934620133602,0.01655859375,0.3840407032015562,0.23761244868522613,0.030749933448429315,0.029247656249999983
3384,0.062552197710222746,0.038465833779858433,0.0050581364253765053,0.0033515624999999982,-0.4143245175189767,0.72231639922163648,-0.23869459251552874,-0.25154707031250001
3385,0.07308105293983666,0.044431838696284739,0.0060163349911459031,0.0040546874999999984,0.048746154152069732,0.26817580910402716,-0.046080227539911062,-0.060153046875000026
3386,0.057579563461887528,0.047230085102768438,0.002173390455415009,0.0027890624999999999,0.20030352350721936,0.11144112924011129,0.018661102796092694,0.022130390624999996
3387,0.061849120705699978,0.033566281199816014,0.0059393962962356319,0.0062578124999999986,0.58250832443078515,0.47608353037064532,0.022349206752629362,0.023264062499999981
3388,0.081034609498531474,0.03563326535959728,0.0095342822691761812,0.0082382812499999999,-0.2573174121996753,0.43891946092343803,-0.14620974335585379,-0.15412710937500002
3389,0.077769062326371874,0.043548166102089891,0.0071863882070992164,0.0059296874999999975,0.26654875387202082,0.22293650675208521,0.0091585718951864778,0.003578789062499972
3390,0.08676046176046176,0.032262281309232754,0.011444617894758091,0.0092226562499999991,-0.27273124098124091,-0.15438460290006506,-0.024852793997046926,-0.039680039062500033
3391,0.10130183641728721,0.026804159505581307,0.015644512151458238,0.014132812499999998,0.58463612223772443,0.1698526355161426,0.087104532211532179,0.079510078124999967
3392,0.092286493125243396,0.0487961093767251,0.0091329805871888416,0.006374999999999997,0.53465808944672455,0.46133141369087288,0.015398601908728849,0.0059705859374999991
3393,0.10235851185415673,0.052283388838067768,0.010515775833378682,0.010335937499999996,-0.43545958413786157,0.78558558631369257,-0.25641948579482637,-0.2575972265625
3394,0.090625000000000011,0.030300954380250364,0.012668049580147426,0.012597656249999999,0.28617968750000011,0.21468578580325781,0.015013719356315883,0.014587968749999973
3395,0.069439222000955314,0.047421988478485527,0.0046236190397186553,0.0033164062499999995,0.18719909272165669,0.63911799177150563,-0.094902968800468279,-0.10150500000000003
3396,0.059232935302200446,0.03319144170446621,0.0054687136555241897,0.0041367187499999989,-0.30630486636604681,0.13457307362551396,-0.092584367398227757,-0.10035398437500001
3397,0.076250757116898854,0.03296924585933747,0.0090891173640878908,0.0079335937499999971,0.086210115081768623,0.32369839023603997,-0.049872537782396982,-0.054109687500000003
3398,0.098241392652941378,0.040361692020459805,0.01215473713282113,0.010664062499999998,-0.62470886667828596,0.29290302114946665,-0.19269849644382803,-0.20211527343749999
3399,0.070923462227810041,0.058390335126278739,0.0026319566913215733,0.0021914062499999993,-0.86700245700245704,0.17110098748683034,-0.21800172334275034,-0.22124226562499999
3400,0.060395393447175261,0.038318896694560955,0.0046360643180490043,0.0043945312499999983,0.34857085115637809,0.97182838082189249,-0.13088408122975803,-0.13204500000000002
3401,0.10451791059505626,0.047051925306229384,0.012067856910653643,0.012152343749999999,-0.46499830886560778,0.1384322679457779,-0.12672042113039098,-0.12605660156250004
3402,0.093676909002169878,0.033979535867262808,0.012536448358330484,0.0108984375,-0.076382428550602177,0.02997791562469565,-0.022335672276812542,-0.030904570312500025
3403,0.069248338241123836,0.043034004346081234,0.0055050101179589458,0.0044648437499999983,0.079036949661707934,0.31708134582534836,-0.049989323194364485,-0.054844570312500007
3404,0.07510813073786532,0.033044003102950581,0.0088334668033320952,0.010652343749999998,-0.34459813267009842,0.28458994633082335,-0.13212949659019357,-0.12267632812500001
3405,0.10386754823352079,0.034948600165991467,0.014472979094181158,0.015585937499999996,0.14726050719238892,-0.13307947829686961,0.058871396952744293,0.066113437499999997
3406,0.091796875,0.032475231015139147,0.012457545236820779,0.012386718749999999,0.31432421874999972,0.45278219659448782,-0.029076175347342501,-0.029710429687500026
3407,0.092509737239360595,0.037744586001326283,0.011500681759987206,0.013312499999999998,0.078287011035383047,0.43990154551207272,-0.075939052240104832,-0.062244960937500038
3408,0.096152300881999497,0.043312037465309899,0.011096455317504816,0.0090234374999999967,-0.21999284035619437,0.072797684435707666,-0.06148601020629943,-0.074107734375000026
3409,0.07412424946444196,0.032976966268658689,0.0086409294711144863,0.0069257812499999996,-0.61075469933319271,0.53570853873938884,-0.2407572799952421,-0.25578761718750004
3410,0.091054759842114419,0.038245963171020497,0.011089847300929724,0.010359374999999997,0.59210109341138328,0.79018323173035743,-0.041597249046984572,-0.044376679687500004
3411,0.076284437111503345,0.031219496355501294,0.0094636375587604307,0.0068671874999999983,-0.053766834855344836,0.39463175059883671,-0.094163702945378125,-0.10792359375
3412,0.077364341085271321,0.038085811871298419,0.0082484911349343087,0.007640624999999999,0.24132795257637951,0.84878755166475695,-0.12756651580855927,-0.13052249999999999
3413,0.081988560421416778,0.044272960981552853,0.0079202758823714234,0.0087070312499999969,0.086302922792672376,0.60713902789815366,-0.10937558207215106,-0.10571308593750001
3414,0.097352058785164564,0.043330529102208401,0.011344521233420793,0.0097851562499999961,-0.082579568676899084,0.19133448441543355,-0.057521951149389849,-0.066181289062500037
3415,0.07612777460837683,0.044649419066616153,0.0066104546637697423,0.0043593749999999969,-0.30106256497731398,0.67224653707131499,-0.20439491143021207,-0.21829757812499997
3416,0.092910538821389665,0.033665273231082815,0.012441505773964438,0.011636718749999997,0.39944892190799053,1.2343797170173425,-0.1753354669729639,-0.18029859375000001
3417,0.068753007275784817,0.035428465478053173,0.0069981537775236453,0.0062812499999999986,-0.78184260343813639,0.09182502956185723,-0.18347020292999866,-0.18893777343749998
3418,0.069958105482360866,0.043085749552862929,0.0056431947451945665,0.0048281249999999991,-0.18802300509129055,0.23164990427488219,-0.088131310966896276,-0.093289570312500028
3419,0.080584707646176895,0.038217404668293792,0.0088971336253554512,0.0083789062499999949,-0.041517528573375651,0.17292643759876425,-0.045033232896149376,-0.048107812500000048
3420,0.075169631894232536,0.036421462107428373,0.0081371156552288732,0.0051328124999999976,-0.5593956511722209,0.67650163088953741,-0.25953842923296927,-0.27948867187500004
3421,0.092024807826694616,0.030015175659311374,0.01302202275515048,0.012128906249999995,-0.66041084323317034,0.1365498651912006,-0.16736174876911789,-0.17431406250000003
3422,0.088816163072623217,0.032990369618194085,0.011723416625430118,0.013207031249999996,0.32267757060110314,0.72850015181587935,-0.085222742055102996,-0.078550781250000007
3423,0.077719364513465283,0.049335529554640947,0.0059606053413531106,0.0023554687499999986,0.004128070817212337,0.19518589424371535,-0.040122142919565632,-0.06197718750000001
3424,0.08636675824175824,0.027175542482622689,0.012430155309418465,0.0089179687499999979,-0.37395089285714289,0.68583241653307259,-0.22255449497194527,-0.24281835937499999
3425,0.080941283395949498,0.044024665042921962,0.0077524898541357825,0.0070312499999999976,-0.32285971878629993,0.49395683173351046,-0.17153147560916018,-0.17619562499999999
3426,0.085334156854310089,0.032259666871970558,0.011145642896291301,0.0086953124999999982,-0.5294623581619301,0.63336148307960805,-0.24419300666072299,-0.25843476562500001
3427,0.097659147179857547,0.025229741019214699,0.015210175293734998,0.014812499999999996,0.44118738514037681,0.56681083099906615,-0.026380923630324762,-0.02836652343750001
3428,0.085179104895684032,0.052916605238586656,0.0067751249279904488,0.00638671875,-0.041594266792187695,0.61615849427490299,-0.13812807982408903,-0.14053734375000002
3429,0.064157733846962134,0.039039264470372897,0.0052748785690837395,0.006656249999999999,-0.014367500218262497,0.13115748684511552,-0.030560247283309382,-0.022620351562500005
3430,0.077309621523027811,0.034359581818321799,0.0090195083379882614,0.0084140624999999997,-0.054965526675786691,0.90793663621722298,-0.20220945420753203,-0.20522953125000001
3431,0.093915835339983961,0.034613936569519485,0.012453398741797539,0.012656249999999997,0.38627290448343066,0.13209362921397949,0.053377647806584744,0.054494999999999988
3432,0.062489001922380966,0.045503014950256035,0.0035670572641462355,0.0019453124999999987,-0.62155088363422684,0.60433234007772829,-0.25743547697951058,-0.26848148437500002
3433,0.10108566820501079,0.032956516752447984,0.014307121805038188,0.014800781249999995,0.45625653658325771,0.46651026508580495,-0.0021532829855349209,-0.00038050781249999944
3434,0.10444075676887313,0.03113918260238209,0.015393330574963117,0.013476562499999997,-0.054626731309450283,0.086052598625385279,-0.029542659286315467,-0.041339062500000023
3435,0.08851547316849176,0.047484575225439016,0.0086164885680410763,0.0062695312499999982,-0.6792069477121494,0.35778864103781038,-0.21776907363749154,-0.23224605468749998
3436,0.076171875,0.0244271028214091,0.010866402157504089,0.010792968749999998,-0.63609765625000014,0.33779293612851291,-0.20451702439948774,-0.20494031250000003
3437,0.063052277970465975,0.034108346782233498,0.0060782255495288196,0.0050156249999999993,-0.16455705624703743,0.53509647612646438,-0.14692724179843539,-0.15407355468750006
3438,0.095815295815295826,0.052454544514737675,0.0091057577731172117,0.0068085937499999969,0.3886919191919192,0.42396655631868241,-0.0074076737966202733,-0.016295039062500002
3439,0.10003716763090587,0.036235851502982128,0.013398276386863984,0.013535156249999993,0.20193628685586285,0.87216696032463592,-0.14074844142844234,-0.1402154296875
3440,0.054107883513872773,0.019409919932171699,0.0072865723521572251,0.0070546874999999976,0.23602482266368874,0.31379835499334363,-0.016332441789227527,-0.017572148437500004
3441,0.084511182011315272,0.039564286125007203,0.0094388481361246945,0.0091171874999999986,0.021655470695287393,-0.23037995586797788,0.052927439578285704,0.050895937499999988
3442,0.079179636294735539,0.042648059047283179,0.0076716312219649949,0.0069023437499999988,0.61909130162686266,0.88387415925636703,-0.055604400102195917,-0.059073867187500018
3443,0.078725680497632899,0.030738928419115172,0.010077217936488723,0.0099492187499999989,0.21537264355129937,0.17679964535027282,0.0081003296222155758,0.0074185546874999848
3444,0.080793350935531028,0.028961373174346189,0.010884715329848816,0.011578125,0.161042064833534,0.43764435836760651,-0.058086481642155227,-0.054724101562500023
3445,0.088932672791007555,0.031126848480916,0.012139223105119227,0.0097617187499999952,-0.29821048164995057,0.75483366752133474,-0.22113927132596992,-0.23720425781250004
3446,0.083438561699431257,0.047338993854973421,0.0075809092473361449,0.0071367187499999972,0.57643169469256428,0.42486085331139145,0.031829876690046291,0.029514609374999976
3447,0.072961417566213049,0.034355855855855849,0.0081071679591750122,0.0069140624999999975,-0.35344368360872469,0.90940662162162145,-0.26519856409837267,-0.27274628906250004
3448,0.086717141126589931,0.037500339891163886,0.010335528259439468,0.0091992187499999965,0.57582901271956399,0.16098161750362661,0.087117952995346845,0.082699804687499961
3449,0.10032834598452604,0.037947288900681608,0.013100021987607331,0.012832031249999995,-0.12398263934594056,-0.22161134130400029,0.020502027411192541,0.018567187499999999
3450,0.086880616300091279,0.032665963227350867,0.011385077145275486,0.011484374999999998,0.27544406561540324,0.28657341609512232,-0.0023371636007410066,-0.0021609375000000331
3451,0.078037552998182907,0.042479499144262411,0.0074671913093233037,0.0063398437499999983,0.042664688067837631,0.38983014111492964,-0.072904745139889315,-0.080070820312500027
3452,0.086313264442803433,0.025348219479545561,0.012802659442284153,0.012949218749999996,-0.065447967761970705,0.37363550528093759,-0.092207529339010733,-0.091414570312500013
3453,0.069036941411085795,0.024929470325318559,0.0092625689280111199,0.0071953124999999986,0.42999600190752374,0.369732110019236,0.012655417296540425,0.0022095703124999843
3454,0.088734723706035218,0.018076576576576575,0.014838210897186314,0.013570312499999997,0.2325191637662305,0.72217959459459469,-0.10282869047395647,-0.107916796875
3455,0.089742822248605858,0.032453078362928101,0.012030846215992329,0.01134375,-0.27169017542761398,0.27338681191435787,-0.11446616734181408,-0.11942671875000005
3456,0.088623707626706127,0.038734614537350276,0.010476709548764729,0.0099960937499999989,-0.14875075449288344,-0.27275096547059507,0.026040044305319442,0.023511679687499988
3457,0.076220645998409303,0.049885783581037235,0.0055303211076481338,0.0037499999999999977,-0.53106572455172174,0.31963903099354174,-0.17864799866450531,-0.19005398437499996
3458,0.077178531709968523,0.033124395491336597,0.0092513686059127048,0.010828124999999999,0.62266446117140728,0.15208311787595197,0.098822082092045613,0.107904375
3459,0.072415786739773919,0.040962578736834787,0.0066051736806172177,0.0082734374999999978,-0.18625411483181142,0.42680423341380047,-0.1287422531315785,-0.11957683593750006
3460,0.077241344075050511,0.032085705731786596,0.0094826840520854227,0.0089062499999999958,0.60327568646926211,0.93328152491614014,-0.069301226073844382,-0.071667187500000007
3461,0.089691549134273574,0.036288193244627148,0.011214704736825749,0.011402343749999997,-0.018732255475289561,0.34315416032546475,-0.075996147318158402,-0.075060937500000049
3462,0.075890598082618305,0.033843763448247619,0.0088298352732178436,0.0096914062499999995,-0.23170936578558543,0.59374675927303888,-0.17334578626231109,-0.16799355468750002
3463,0.07236032115333646,0.038286516270857093,0.0071554990253206666,0.0088710937499999979,0.3157071920546064,0.039761681722541242,0.057948557169733683,0.065569453124999982
3464,0.084060106175149557,0.033510990583725614,0.010615314274199027,0.0073828124999999988,-0.10929706459048005,0.58982566509829815,-0.14681577323464343,-0.16927816406250001
3465,0.10906754338436817,0.035550833881384789,0.015438508995626508,0.014812499999999998,0.12031345048361175,0.35352858018133471,-0.048975177236521818,-0.052204218750000031
3466,0.091432955970009472,0.04061567192971717,0.010671629648461384,0.0082499999999999987,0.55919402830945386,0.78684054897718991,-0.047805769340224569,-0.05852789062500003
3467,0.091115951565569481,0.053427698645375443,0.007914533113240748,0.005578124999999998,0.21272627390141141,1.2196833396167035,-0.21146098380021136,-0.22329140625000002
3468,0.075155599232533093,0.040314702368750316,0.007316588341394383,0.0048749999999999991,-0.044476722210823216,0.33263491839086146,-0.079193444526353782,-0.09253792968750002
3469,0.074783174334449698,0.027733300640672851,0.0098804734756931384,0.0096445312499999995,0.55589975830869121,0.40692875245391424,0.031283911229503164,0.030325781249999989
3470,0.074117749825297008,0.049775037376565925,0.0051119696142335269,0.004207031249999999,-0.87239182972280482,0.27766558697734334,-0.24151205750703109,-0.24935765625000006
3471,0.1052380644906605,0.037411759115049167,0.014243524128878381,0.014554687499999996,0.31277418292663139,0.59392615337438182,-0.059041913794027588,-0.05787902343750001
3472,0.076959350699403767,0.037002169956159126,0.0083910079560813745,0.0069726562499999997,0.53013933664331536,0.41273980404583699,0.024653901845470456,0.018982265624999991
3473,0.082812500000000011,0.039707128814206544,0.0090521279490166275,0.0089882812499999971,-0.15646484375000003,0.5404590605865921,-0.14635401991068434,-0.14697234375000001
3474,0.071785287539446657,0.038929319370408097,0.0068997533154980971,0.0073828124999999979,-0.25263543613468564,0.67861835016413496,-0.19556329512275231,-0.19291160156250001
3475,0.084170536091177722,0.048394729749211787,0.0075129193318128461,0.0082382812499999965,0.17133750335776499,0.59781997279627908,-0.089561318582087962,-0.085769062500000021
3476,0.08200307588431674,0.038968105778520806,0.0090373437222171452,0.0065976562499999976,0.25770813608912557,0.31777695304160303,-0.012614451560020265,-0.02555542968750002
3477,0.0751089861837895,0.025294453245662804,0.010461051917006605,0.0084726562499999967,-0.41471708767834958,0.44638924089999543,-0.18083232900145244,-0.19270359374999999
3478,0.10930392865911306,0.048418918918918905,0.012785852045440773,0.011589843749999997,-0.15658896616321105,0.73182585585585569,-0.18656711262400402,-0.19411394531250004
3479,0.089261486585964694,0.044363221744930334,0.0094286356166172151,0.0091992187499999982,0.63024870825155288,0.15390934051314464,0.10003126722506572,0.098776640624999967
3480,0.086354047993258659,0.028844683471064766,0.012076966549660718,0.013195312499999999,-0.49231713322929338,0.33952280773609222,-0.17468638760273097,-0.16746105468750003
3481,0.092048502302608831,0.033652000809167817,0.012263265313622613,0.011472656249999999,-0.116285842810676,-0.041073910462104735,-0.015794505793199964,-0.021685312500000019
3482,0.082923118952193092,0.037008369729571736,0.0096420973367504839,0.0089999999999999993,0.49850528707814823,0.041264908405142187,0.096020479521331262,0.093013007812499979
3483,0.098972975933895396,0.053816292183693465,0.0094829035875424045,0.0097968749999999983,-0.51779766515055581,0.22981803974101367,-0.15699929802722959,-0.15549480468750004
3484,0.072030705664969774,0.039639141473896647,0.0068022284801253566,0.0057070312499999986,0.35085448528656571,0.29917437142563186,0.010852823910796108,0.0034604296874999642
3485,0.099162239552276404,0.031722199632724407,0.014162408383105918,0.015070312499999995,-0.61591374165651336,0.52497536700568814,-0.2395867128190623,-0.23270437499999999
3486,0.06583224440868693,0.029272127068503601,0.0076776246414384988,0.0051093749999999985,-0.85497850948714338,0.14717587281839573,-0.21045242028416322,-0.23056605468749999
3487,0.074794174979933487,0.043321461542101078,0.0066092698219448057,0.0068085937499999995,0.34994450177731906,0.18696374286341511,0.034225959371919829,0.035025468749999983
3488,0.069508025420293357,0.037481647907749091,0.0067255392776342958,0.0061406249999999994,-0.57935752845215938,0.16365410947511894,-0.15603244396472843,-0.15973042968750001
3489,0.071535467519536544,0.026441925274293468,0.0094696438715010465,0.0077695312499999995,0.025820233533476067,-0.026101091782635422,0.010903478316383412,0.0012057421874999896
3490,0.06866073002997708,0.02960915306102839,0.0082008311634792254,0.0085781249999999972,-0.10028191676952924,0.23134544521785028,-0.069641746017349695,-0.067695468750000001
3491,0.10334135993578716,0.03344252869825956,0.014678754559880797,0.014871093749999998,-0.56127618392386214,0.65463537351295187,-0.25534142706173091,-0.25413222656250006
3492,0.078920041536863966,0.036939563002126016,0.0088159004922949685,0.0085312499999999972,-0.25809361882614468,0.87937638054209255,-0.23886869986732984,-0.240752109375
3493,0.088257496330467589,0.033797862814660351,0.01143652303831952,0.0086835937499999977,0.011693975975796134,0.02219508076481691,-0.0022052320056943631,-0.018082031250000057
3494,0.07519907532210926,0.034212299558474962,0.0086072229103632027,0.0085898437499999977,0.046783242594532259,0.46104883006077035,-0.086995773367909993,-0.087091875000000041
3495,0.080809928651718349,0.03772111768772872,0.0090486503024378214,0.0083671874999999996,0.26900713786697839,0.77022038976296092,-0.10525478289815633,-0.11009917968750002
3496,0.076528313245276952,0.035611104574065369,0.0085926138209544319,0.0054843749999999979,0.36501396752725351,0.36678986088335364,-0.00037293760478102566,-0.010295507812500002
3497,0.08775485190441229,0.028484573020175097,0.01244675856568981,0.0099609374999999976,-0.21240167916568053,0.096164244583675895,-0.064798843987364851,-0.078390703125000016
3498,0.076989552746893286,0.046860722216172448,0.0063270544114513759,0.0046992187499999985,-0.27588833367415455,0.58374417052142158,-0.18052282588107099,-0.18966785156250002
3499,0.11037945817220257,0.04344213200199773,0.014056838495743016,0.014355468749999996,-0.58385009322811654,0.32053734249343879,-0.18992136150152661,-0.18778617187499999
3500,0.085366357069143445,0.047506710817202757,0.0079505257129075437,0.0081445312499999981,-0.071551794518977307,0.27771262431913601,-0.073345527956003798,-0.072514921875000027
3501,0.075346793628401826,0.047173359763446832,0.0059164211116405482,0.0062812499999999986,-0.060620040557220922,1.0085436087067194,-0.2245243663454275,-0.222601875
3502,0.10080071359438914,0.030488442270991692,0.014765576977913463,0.015011718749999996,0.54332265552062908,0.2263095053732197,0.066572761530955968,0.067818164062499964
3503,0.097447792327252564,0.032780662104104769,0.013580097346861036,0.011683593749999997,0.20433215861234844,-0.1903105661133635,0.082874972192399504,0.073007929687499987
3504,0.091589571068124487,0.032794145658186946,0.012347039336086883,0.015082031249999996,-0.040578730959723308,-0.054475294058989654,0.0029182782508459324,0.017688398437499996
3505,0.079922328902352846,0.048067909416509194,0.006689428092027167,0.0049570312499999988,0.26347200845478486,0.55189766772892623,-0.060569388447569684,-0.066701250000000004
3506,0.094553176497625568,0.043044440783284219,0.010816834500011682,0.0098789062499999997,-0.28172755361824431,-0.071797095499563923,-0.044085396204922876,-0.049756640625000008
3507,0.06797688942892588,0.033791764883414774,0.007178876154557332,0.0045703124999999989,0.16844921254990242,-0.44731559968154366,0.12931061056860368,0.11422664062499997
3508,0.053949007061142473,0.036368776385374765,0.0036918484419112187,0.0035039062499999996,0.43371037484188957,0.33475128440464297,0.020781408991821786,0.01973871093749998
3509,0.0900506292046514,0.043962014387974688,0.0096786091115021091,0.01093359375,0.13597424614886688,0.21880355513360239,-0.017394154886794456,-0.0115039453125
3510,0.095312499999999994,0.044370156332133953,0.010697892170251869,0.010628906249999997,0.045085937500000006,0.19386247034025339,-0.031243071896453211,-0.031814531250000014
3511,0.08669110455932863,0.043565469531776119,0.0090563833557860268,0.011566406249999996,0.65983949205384484,0.55181105193150015,0.022685972425692386,0.034595039062499972
3512,0.10375967896596808,0.033673943855285354,0.014718004373243372,0.015117187499999995,-0.062999461901096954,0.54718966628011856,-0.12813971691805526,-0.1259865234375
3513,0.10646353351923643,0.033192801551333834,0.015386853713259544,0.013980468749999999,0.23099177038699592,0.58834042979015344,-0.075043218474663081,-0.081881484375000008
3514,0.090515023069132367,0.038836479694301818,0.010852494108714415,0.0083554687499999974,0.67382063843354967,0.76977512746470989,-0.020150442696543643,-0.030628828125000018
3515,0.073720597163436735,0.048353526614396167,0.005327084815298519,0.0064570312499999958,0.34664829521734808,0.41467737119911041,-0.01428610595617009,-0.0094623046875000408
3516,0.088344035328811285,0.034722566808940106,0.011260508389172948,0.011390624999999998,0.1785634832916827,0.31081097537898705,-0.027771973338333911,-0.026817187500000034
3517,0.10746986005865865,0.044383073905109524,0.013248225092245316,0.013488281249999996,-0.41533926934884513,0.74109614176639449,-0.24285143633420034,-0.24115335937499999
3518,0.092741621291882931,0.033139501908154692,0.012516445070582929,0.011542968749999995,0.012041988059804609,0.24359303188180348,-0.048625719202619759,-0.05374277343750003
3519,0.097910766218635564,0.034428659921907509,0.013331242322312892,0.012761718749999998,-0.21562712746853274,0.33749677236932357,-0.11615601896594981,-0.11921449218750001
3520,0.073472528135654608,0.040544176393266185,0.0069149538659015689,0.0053437499999999969,-0.15917382252662715,0.30621377997388871,-0.09773139652510833,-0.10581
3521,0.078455222280094383,0.037420800963229209,0.0086172284765416857,0.0090937499999999977,0.04796020098654985,0.24888645105473339,-0.042194512514318543,-0.039449882812500017
3522,0.077607510599636581,0.02906158118551673,0.010194645176965169,0.0090703124999999968,0.15147571168988505,0.20125159945885374,-0.010452936431483423,-0.016077773437500022
3523,0.079444740431237143,0.040415522763669651,0.0081961357101891733,0.0096562499999999982,-0.48920418594908366,0.36748534374285058,-0.17990480123530619,-0.16976296875000002
3524,0.084192515285754388,0.037945945945945928,0.0097117795613597766,0.0085195312499999967,-0.711723995750837,0.52067193693693703,-0.25880314586443254,-0.26919246093749999
3525,0.06911223157390245,0.019652796759249538,0.010386481311077111,0.010535156249999997,0.0013519114432288815,-0.064375582234744266,0.01380277367237436,0.014295351562499982
3526,0.082900895977586847,0.032194075893068025,0.010648432217748952,0.0073710937499999983,-0.35833648140569108,0.52240124933656795,-0.18495492345587439,-0.20544785156250003
3527,0.092236701621985301,0.043980618919656517,0.010133777367489044,0.0098437499999999983,-0.63553888230734357,0.54922574267220359,-0.2488005712457049,-0.25067835937499999
3528,0.080500745970391557,0.030313207217233407,0.010539383138163211,0.0083320312499999983,0.43127594468782182,0.37077304456447124,0.012705609025903621,0.0028545703124999845
3529,0.099915091715144344,0.04212138572328146,0.012136678258291206,0.0105234375,0.0069204178901240976,0.68310101430954528,-0.14199792524807844,-0.15115687500000002
3530,0.11454152516208707,0.035352616506902482,0.016629670817588763,0.014929687499999997,-0.32280902670577338,1.0139610600865745,-0.28072171822639308,-0.29133996093749998
3531,0.059331732290432898,0.036156226386339751,0.0048668562398595603,0.0038203124999999995,-0.0015792376821328613,0.80154778199089438,-0.16865667413133573,-0.17568960937500003
3532,0.072706275078396332,0.03954149713435709,0.0069646033682482407,0.0049570312499999996,-0.77449986512459135,0.28384345305383973,-0.22225209681747049,-0.23661984375
3533,0.086754600512462143,0.032231187597309155,0.011449916712182127,0.0105234375,-0.53218830072210577,0.49984207187833596,-0.21672637824609278,-0.2231895703125
3534,0.059814459421532101,0.034405612625437315,0.0053358578271799047,0.0044062499999999987,-0.26131953789321183,0.51482870035690897,-0.16299113003252536,-0.16754214843750004
3535,0.08325739975258728,0.049031445489621656,0.0071874503952227805,0.0055195312499999975,0.42389376338895079,1.0375561102038349,-0.12886909283112566,-0.13702535156249998
3536,0.066561174177273252,0.046335751417562729,0.0042473387795392099,0.0044531249999999996,0.37770934525857131,0.9917613509848775,-0.12895092120252427,-0.12835417968750001
3537,0.095169384687615849,0.040123892971547018,0.011559553260374455,0.0086601562499999986,-0.20819760484596606,0.73822848270064201,-0.19874947838478768,-0.21248800781250005
3538,0.088872702341098286,0.035668590357856814,0.011172863516480709,0.011261718749999998,-0.16615637692101104,0.38535157161263445,-0.11581666919206554,-0.11532011718750003
3539,0.088199677548308514,0.034910261235711934,0.011190777425645282,0.012222656249999997,0.15993385708909025,0.16600124477829392,-0.0012741514147327714,0.0046053515624999795
3540,0.086016994048307704,0.034317165462676297,0.010856964002982595,0.010453125000000001,-0.4446173355368519,0.21601513587891286,-0.1387328189973106,-0.14168707031250002
3541,0.062019566736547876,0.037858699000150486,0.005073782224643452,0.0040781249999999993,-0.21419010598648947,1.0093212809437881,-0.25693739125535831,-0.262621875
3542,0.08437278797038511,0.030853921922687461,0.011238961870016505,0.0080976562499999981,-0.44715229285837277,0.27220566920881739,-0.15106517203410993,-0.168899765625
3543,0.07998459853143744,0.038955580407138465,0.0086160938061027835,0.0068203124999999983,-0.081260823508570224,0.88687959934788962,-0.20330948879985655,-0.21272425781250004
3544,0.093049768063526994,0.043133748092102381,0.010482364193999168,0.011249999999999998,0.4585957032785597,0.40489886946592191,0.011276335100653935,0.013709062499999996
3545,0.079684232079914596,0.037285240664246821,0.008903788197290232,0.008624999999999999,0.0061676758369533236,-0.13082261795274719,0.028767961695837105,0.027345234374999982
3546,0.065223665223665239,0.030086975512599548,0.0073787048393237952,0.0050859374999999984,0.18119047619047612,0.25756617249502156,-0.016038896223954543,-0.029551289062500031
3547,0.073774466584376669,0.034283972847686528,0.0082930036847049301,0.0086601562499999986,0.63316537353788283,0.42536966140404631,0.043637099548105671,0.044650664062499984
3548,0.083872553059555571,0.035799279132513559,0.010095387524678822,0.0095273437499999968,-0.53160275758544306,0.607931742803687,-0.23930224508171727,-0.24252351562500002
3549,0.049028380781935277,0.030471573886066056,0.0038969294481325362,0.0046171874999999972,-0.79650220763964819,0.34034525550407446,-0.23873796726018176,-0.23325046875
3550,0.085783075194646563,0.024965296658069999,0.012771733492681079,0.013371093749999998,-0.58900926502838136,0.38493736208462737,-0.20452879169373184,-0.19996007812500005
3551,0.082662003444525622,0.037834203448821394,0.0094138379990978873,0.0071601562499999981,-0.14792912547455406,0.82052903021673795,-0.20337621269517131,-0.2152865625
3552,0.090827737058214064,0.041778709641023704,0.010300295757609976,0.011039062499999997,0.16547651099428218,0.57253281370465769,-0.085481823569178855,-0.081975820312500003
3553,0.058428527323247909,0.032159871477852944,0.0055164177275329419,0.0037031249999999977,-0.29317980086446471,0.18070166038424296,-0.0995151068622286,-0.11005535156250006
3554,0.081469075570874155,0.051656842873321507,0.0062605688664860559,0.0034804687499999996,0.19390552449582998,0.09714874922032779,0.020318922807855459,0.0044785546874999763
3555,0.074288557164795987,0.043658806809281442,0.0064322475746580541,0.0078398437499999987,0.12979262854857276,0.71858608848299665,-0.12364662658622902,-0.11766750000000002
3556,0.070589231726672474,0.038834212371275392,0.0066685540646333873,0.0073710937499999974,-0.18642226125638428,0.38288663559131109,-0.11955486833801603,-0.11587218750000002
3557,0.088281469021586789,0.046102123784256877,0.0088576624998392816,0.01153125,-0.86801065320998061,0.81209113462345206,-0.35282137544502085,-0.3325191796875
3558,0.082175362577067396,0.021840364683487282,0.012670349557651823,0.011367187499999997,-0.51077003101602025,0.026274829733339056,-0.11277942075736545,-0.12035003906250002
3559,0.086137799841796064,0.036552649228705561,0.010412881628749005,0.010394531249999997,0.22109170180359206,0.29083419329403404,-0.014645923212992816,-0.014847539062500043
3560,0.072045991522635078,0.027465536856990061,0.009361895479785453,0.0094570312499999976,0.058940026905382803,0.3572607902566477,-0.062647360303765623,-0.062403984374999978
3561,0.093817654601785122,0.037227818477818489,0.011883865586032993,0.008296874999999997,-0.34191968179590304,0.3714278083028083,-0.14980297292072939,-0.17456695312500004
3562,0.077841450587869315,0.035473537936573984,0.0088972616567720188,0.010382812499999996,-0.80822942951247101,0.24995135860552542,-0.22221796550477921,-0.21163183593749998
3563,0.084192906882353952,0.037246077529123914,0.0098588341641783084,0.0097265624999999974,-0.71310832960401493,0.81548051671118493,-0.32100365772619194,-0.32179593749999996
3564,0.067560188086625395,0.039131678698391889,0.0059699869715290361,0.0060117187499999988,-0.47535986410264874,0.87041481338313809,-0.28261268227201525,-0.28230421875
3565,0.094327500954064863,0.048355816928912929,0.0096540536452819053,0.0095390624999999972,-0.85607801093262237,0.33378461762923406,-0.24987115199798987,-0.25081851562500002
3566,0.099036313100929391,0.031977777059982546,0.014082292568598836,0.014167968749999997,-0.094347999710353347,0.26979062362048745,-0.076469110899476569,-0.075947109375000016
3567,0.094926618381349664,0.040415186111870366,0.011447400776590653,0.011589843749999997,0.29909518825894099,0.50409098210718861,-0.043049116708131996,-0.042359648437500008
3568,0.082596970634140371,0.039096836909761443,0.0091350280821195749,0.0070781249999999976,0.15201023707609751,-0.48763074505573201,0.13432460624768419,0.12211277343749999
3569,0.091900305410056282,0.034601259719743135,0.012032799594965761,0.010546874999999995,0.49463700122423793,0.57706041983293166,-0.017308917907825683,-0.025764609375000021
3570,0.078511918607837433,0.03609808835815026,0.0089069043524343059,0.008507812499999998,-0.36295008835589815,0.53948239225514782,-0.18951082092831964,-0.19195488281250001
3571,0.082219928907235423,0.036457939752771049,0.009610017722437518,0.0098085937499999987,0.2002363031762413,0.44338089972824846,-0.051060365275921497,-0.050195039062500016
3572,0.090477303260433239,0.048552863077070088,0.0088041324385062618,0.0081328124999999977,-0.022330975923791296,0.27838273665986513,-0.063149879642567852,-0.066628007812500015
3573,0.085045259507435494,0.046838799709917223,0.0080233565574788362,0.0084023437499999992,0.04625955151942629,0.32014674753109973,-0.057516311162451421,-0.056103749999999994
3574,0.078036446098222773,0.051953804777725043,0.0054773546773045226,0.003304687499999999,-0.19757670620768941,0.34716437272583445,-0.11439562657604001,-0.12987761718750004
3575,0.083252329271789688,0.038614787568126641,0.0093738837577692392,0.0086484374999999981,-0.14547608517091071,0.54692808663989589,-0.14540487608026939,-0.15042328125000001
3576,0.060708297823074658,0.029093858437825054,0.0066390322709024164,0.005578124999999998,0.074348868137023683,0.18830008659409025,-0.02392975587598398,-0.029832539062500017
3577,0.092265637065637063,0.024242538941793457,0.014284850606007156,0.015890624999999995,0.1214835212355212,0.37666127488277834,-0.053587328265924002,-0.045498046875000024
3578,0.08733110695793378,0.040269577370073042,0.0098829212134507547,0.010382812499999994,0.089370538313060965,0.30581251264823672,-0.045452814610386909,-0.042942070312500018
3579,0.084118751330533564,0.042342372946093734,0.0087730394607323636,0.0074062499999999962,0.66262291711017796,0.65305390704489907,0.002009492113708565,-0.0038615625000000178
3580,0.077354991335501083,0.029121848319076354,0.010128960033449192,0.0096210937499999968,0.42583522362195531,0.36231160787828742,0.013339959306170254,0.011685703124999986
3581,0.074053586987566755,0.046130059455502775,0.0058639407817334356,0.0039843749999999975,0.31994392563910656,0.17042357947329489,0.03139927269482045,0.021432070312499968
3582,0.088815027089224008,0.035029232116309761,0.011295016944311991,0.010218749999999997,0.72963641998703932,0.8638557833479944,-0.028186066305800565,-0.032515664062500012
3583,0.10288630449447071,0.047876672327257119,0.011552022755114855,0.011332031249999996,0.29729701084943727,0.31010859980882866,-0.0026904336814721906,-0.0039900000000000265
3584,0.065036480811286795,0.025519705483747823,0.0082985228187831845,0.0068671874999999983,-0.42190783998761394,0.57629630399544884,-0.20962287023644319,-0.21753492187500001
3585,0.08263646421541157,0.042670171339056845,0.0083929215040344923,0.0055429687499999967,0.13788123051280932,0.37600466215324613,-0.050005920644491726,-0.062377617187499998
3586,0.10737910447761195,0.048369666550056159,0.012391981964786716,0.0090468749999999959,0.4819237611940298,0.7704212683743048,-0.060584476507857747,-0.074472539062500009
3587,0.082451016832156304,0.032487308616775928,0.010492378725229878,0.0096679687499999969,-0.056624526856353996,0.31782622024136975,-0.078634656890521987,-0.083389101562499998
3588,0.093798068498218423,0.044362909636424377,0.010381383360976749,0.0098671874999999958,0.22127721042076365,0.9435458523178738,-0.15167641479839314,-0.15393152343750002
3589,0.098796519531129889,0.05379604672057503,0.0094500992902165192,0.011695312499999994,0.42797151846743575,0.50480626684636121,-0.016135297159574347,-0.0019212890625000022
3590,0.071468107789753821,0.037563387660843064,0.0071199912270712585,0.0059999999999999984,-0.29591253102695481,0.052725479728894742,-0.073213982258728397,-0.081102773437500011
3591,0.060423701799624641,0.035913337138702067,0.0051471765787937402,0.0023906249999999978,-0.43761905461607198,0.52929948636571689,-0.20305289360617565,-0.21870398437499999
3592,0.072735361879387728,0.047199037236710581,0.0053626281749622005,0.0036914062499999972,0.34292031370214815,0.51570440406467988,-0.036284658976131659,-0.044585742187500027
3593,0.094530656749547304,0.040924413480019572,0.011257311086600823,0.010769531249999997,0.15261502365700264,0.53901132406456842,-0.081143223085588814,-0.083216484374999983
3594,0.10380045233551324,0.046408101222275469,0.012052393733779932,0.012644531249999997,0.18692503838964625,0.39281838114978163,-0.043237601979628427,-0.040518984375000004
3595,0.10367253845514715,0.040922542646583349,0.013177499119798397,0.012738281249999999,-0.36534338229990426,0.12819512509686903,-0.10364308655332238,-0.10632117187500001
3596,0.091999466344112185,0.038897711012366151,0.011151368619666667,0.011132812499999999,-0.25979934782854253,0.70695943812759454,-0.20301934505078878,-0.2031744140625
3597,0.096901245432457761,0.037949567692732555,0.012379852325342293,0.0092460937499999948,-0.08415268504524509,-0.31900833174006349,0.04931968580591186,0.032518710937499994
3598,0.079758772274403505,0.026000047901424489,0.011289332118325593,0.0098320312499999979,0.19452712935622241,0.51139833274865454,-0.066542952712410744,-0.07298824218750001
3599,0.089872271656379621,0.042562450732051976,0.0099350623941088043,0.0094335937499999967,0.48956331898985556,0.67294140443659989,-0.038509397943816311,-0.040590937500000007
3600,0.092214957689888799,0.045755877182250937,0.0097564069066039504,0.0085078124999999963,-0.06726402882768634,0.19733382314076509,-0.055565548913374799,-0.062282109375000019
3601,0.078721441088619837,0.033331581940807889,0.0095318704210405093,0.009304687499999997,0.083335477229837696,0.25170550491860644,-0.035357705814641434,-0.036606914062500009
3602,0.098863323018474808,0.051301220352855059,0.0099880415597801472,0.010441406249999997,0.18514816630411468,-0.097324997273610103,0.0593193643513222,0.062200312499999973
3603,0.07766642548335656,0.027786550927071343,0.010474773656819895,0.0079335937499999988,0.076991886161477563,0.88325658422105502,-0.16931558659251125,-0.18506496093750005
3604,0.11789987254181872,0.044688551436250057,0.015374377432169418,0.013699218749999995,-0.083261808266608006,0.42960647677959329,-0.10770233985970228,-0.11995031250000002
3605,0.069721470093746962,0.047784756941335757,0.0046067097620063526,0.0045937499999999989,-0.48898566303538471,0.35562701737356228,-0.17736866288587885,-0.17752019531250002
3606,0.0967922157100439,0.03504587344412978,0.012966731875841965,0.014542968749999994,0.55190439962931381,0.076179846853339894,0.099902156082954524,0.10712285156249997
3607,0.081277056277056281,0.033212688890258468,0.010093517151227541,0.0078632812499999979,-0.41660137085137106,0.52397361658612607,-0.19752074736187439,-0.21278800781249999
3608,0.095810039599347752,0.041264291350155496,0.011454607132330373,0.010511718749999999,-0.24238120195667379,1.0211299129263143,-0.26533733412542748,-0.27190300781250004
3609,0.080641619599923692,0.041965122608099412,0.0081220643682830985,0.0056367187500000002,-0.20496812420580501,0.63161170591021232,-0.17568176432436364,-0.18889710937500001
3610,0.055209907944160863,0.029719527793192202,0.0053529798317034187,0.0039726562500000005,-0.55665635320207973,0.24602548530701618,-0.16856318608691012,-0.17720601562500002
3611,0.079527773198283053,0.044234110500484203,0.0074116691665377585,0.0053320312499999991,-0.16905111799171846,0.46910269018616491,-0.13401229971735551,-0.14665441406249999
3612,0.079674528208869888,0.0383880210843668,0.0086701664961456489,0.0099609374999999976,0.21905809390467557,0.40258929212577421,-0.038541551626430713,-0.034313203125000011
3613,0.056114143733764998,0.03593628896232394,0.0042373495020026223,0.0022031249999999981,-0.040190806761284614,0.3158968144255393,-0.074778400449233021,-0.085132617187500023
3614,0.086352089473031857,0.037918670912649749,0.010171017897680242,0.0079804687499999954,0.88643964673844367,-0.0025992647065050667,0.18669817140343922,0.17714097656249997
3615,0.081222858885761667,0.028291465565437685,0.011115592597268036,0.010101562499999996,-0.29105314875581767,0.14231338436150409,-0.091006971954637569,-0.098193867187500034
3616,0.074790914987728219,0.030305762818925372,0.0093418819554485968,0.0094335937499999984,0.036338432808801446,0.370565124663085,-0.070187605289399546,-0.06978750000000003
3617,0.090231948288208103,0.027527606955174186,0.013167911679937121,0.011812499999999998,-0.020437431054169619,0.24467675980519488,-0.055673980080466541,-0.062493046875000013
3618,0.1005901299808874,0.040042263239606676,0.012715052015668952,0.012374999999999994,0.59530748437107384,0.19291039546317057,0.084503388670659679,0.082806679687499982
3619,0.088837994841163337,0.033058557068192398,0.011713681932323897,0.012023437499999996,0.14007586470493361,0.27041162865348412,-0.027370510429195607,-0.025998750000000022
3620,0.095010124807725999,0.029348766705033238,0.013788885201565479,0.013277343749999998,0.081054610681672079,0.6584628731688027,-0.12125573512229743,-0.123590859375
3621,0.0899696125304843,0.036921349650781268,0.011140135204737635,0.0088124999999999957,0.05380089315556702,0.3460939579608151,-0.061381543609102092,-0.072864726562499996
3622,0.087870181236696654,0.030582340230802432,0.012030446611237786,0.012703124999999997,0.043220923002547984,0.3106273615506796,-0.056155352095107636,-0.051491367187500033
3623,0.10868978805980953,0.033893044051314838,0.015707316241783884,0.015164062499999997,0.56924743304851,0.82322702605749865,-0.053335714531887617,-0.056233359375
3624,0.077325358451660359,0.051271877144818109,0.0054712310744368725,0.0068789062499999996,0.23994149024945455,1.0259176246854267,-0.16505498823155415,-0.15685769531250002
3625,0.076158129857413881,0.037291523818275649,0.0081619872682190293,0.0056367187499999985,-0.19431260956741814,0.30907599652215723,-0.10571160727881082,-0.12221519531250002
3626,0.089483421818554121,0.033077427810101964,0.011845258741774953,0.011554687499999999,-0.7282460181650654,0.15242673466659618,-0.18494127809464891,-0.18738773437500003
3627,0.097069197278354974,0.049791331910275072,0.0099283517272967785,0.0099140624999999975,-0.30755701004939973,0.20863136665425808,-0.10839955910776813,-0.10865542968750003
3628,0.089712089712089715,0.042954969351261446,0.0098189952757739354,0.0093632812499999992,0.39109985327376623,0.55426822976993384,-0.0342653590641952,-0.036365390625000035
3629,0.080216268421083231,0.039589480942300137,0.0085316253705444486,0.008847656249999997,-0.54009069735487969,0.98640955426976928,-0.32056505284117631,-0.31862050781250001
3630,0.08024714055328877,0.044791824758435794,0.007445616316919125,0.0068085937499999978,0.42124747208774627,0.18863051775405704,0.048849560410074738,0.045835195312499993
3631,0.11355393703666589,0.048067472247918602,0.013752157605636929,0.011695312499999994,0.26261159970639114,0.75815217391304346,-0.10406352058339698,-0.11373773437500001
3632,0.084545104173751384,0.035603012515787846,0.010277839248172342,0.0087773437499999978,-0.53885451948581931,0.77230551531275038,-0.27534360730769963,-0.28512246093750004
3633,0.06372386325921009,0.044758909303502112,0.003982640330698675,0.0022499999999999977,-0.14076667772983731,0.75590585543801114,-0.18830123196524817,-0.19745460937499998
3634,0.067644326604865412,0.032474969819790811,0.0073855649248656657,0.0059999999999999984,-0.47949988871901061,0.87290035570648916,-0.28400405132935491,-0.29321964843750004
3635,0.08533704363957853,0.035955850356545874,0.010370050589436857,0.0087539062499999969,-0.21008239488673419,0.49881096616539083,-0.14886760582094627,-0.15621234375000001
3636,0.092396066023168272,0.042440692175163733,0.010490628508080952,0.012175781249999997,-0.068165772941832459,0.4871972938932142,-0.11662624403535979,-0.107308359375
3637,0.10137904863320897,0.029700450949255261,0.015052505513630278,0.015035156249999997,0.82240761235089754,0.75448089002398455,0.014264611688651728,0.013989492187499959
3638,0.077065363422185007,0.028103552764367629,0.010281980238141648,0.0097499999999999983,0.021129354154091784,-0.25972220447812955,0.058978827312766477,0.05637832031249998
3639,0.085269777214767389,0.040505778873951487,0.0094004396515713386,0.0085546874999999998,-0.069013767626734279,0.14867839181055642,-0.045715353481831048,-0.050307890625000018
3640,0.095025569558748357,0.037914541040954305,0.01199331598873675,0.010617187499999996,0.069470527019366624,0.56004487799929847,-0.10302061370578569,-0.1097305078125
3641,0.071242310000721926,0.036965404263982454,0.0071981502047152885,0.0056249999999999963,-0.10640873899869874,0.64507122419444707,-0.15781079227056061,-0.16943414062499998
3642,0.086741763351638468,0.040002624581934293,0.0098152191416378768,0.0060585937499999989,-0.00014130433811554433,0.46175324797690354,-0.096997855986154,-0.11791019531250005
3643,0.10037136025434448,0.015773690479760294,0.017765510652662679,0.015656249999999997,0.21211218665726417,0.21596074176739355,-0.00080819657312717003,-0.013090078125000008
3644,0.043866529067767446,0.025406477858619755,0.003876610753921015,0.0040898437499999997,-0.17663694530443763,0.25078008835339394,-0.08975757706814462,-0.08885273437500002
3645,0.085222812801363568,0.021301936554104089,0.013423384011924489,0.010347656249999997,0.12135468389064563,0.29025951030286112,-0.035470013546565253,-0.054389765625000024
3646,0.073740045146054201,0.051111238208328691,0.0047520494569223571,0.0011953124999999976,0.14731576163479387,0.99558872112056185,-0.17813732149201128,-0.19312687500000003
3647,0.094674045686672981,0.039900900900900912,0.011502360405012135,0.010312499999999995,-0.7530880538768161,0.40646000000000027,-0.24350509131413142,-0.25485808593750003
3648,0.075453009834917206,0.030451094563865619,0.009450402206920833,0.0067968749999999965,0.067811503767447712,0.35519734411506076,-0.060351026472998739,-0.076055976562500016
3649,0.089782019026653032,0.036131945014498526,0.011266515542552445,0.012070312499999998,-1.1903548824593129,0.40760736419800636,-0.33557207179803705,-0.32816554687499999
3650,0.087044441017883001,0.034339354794952037,0.011068068106815501,0.010265624999999999,0.15287818209853687,0.23061170624238558,-0.01632404007020823,-0.020505351562500031
3651,0.073974515738700675,0.038928561461127026,0.0073596503982904663,0.0064101562499999975,0.079248694240103279,-0.090535521206670411,0.035654685243822475,0.030813749999999987
3652,0.10451518599175789,0.041817253162626203,0.013166565894117655,0.011941406249999998,0.55550025395444413,0.51594571811649903,0.0083064525259684708,0.0026865234375000034
3653,0.088157043106139643,0.038223793916393536,0.010485982329846683,0.010136718749999997,-0.28691813564613522,-0.050509818296820219,-0.049645746643356151,-0.051979804687500061
3654,0.09411609845991839,0.035099392293392484,0.01239350829497044,0.012117187499999998,-0.12760885144720868,0.65898030254908235,-0.1651837223392211,-0.16663171874999999
3655,0.091165437424874624,0.037225236595973432,0.01132744217406925,0.010054687499999999,-0.24295548220050633,0.07225012683759624,-0.06619317789800154,-0.073723593750000024
3656,0.069988565592424445,0.035033156019682168,0.0073406360102758776,0.0086484374999999999,0.19322557606841395,0.22291855372348923,-0.0062355253075658092,-0.00033820312500001395
3657,0.098595491192153523,0.024770802066294562,0.015503184716430382,0.014847656249999997,-0.21800109032597059,0.63699297369915064,-0.17954875344527546,-0.18421535156250002
3658,0.076912150870256657,0.03857804099287454,0.0080501630742502439,0.0053203124999999987,-0.10293705438733214,0.63412821340338987,-0.15478370623605162,-0.17323816406250003
3659,0.091183077356522257,0.031515942153987689,0.012530098392532258,0.012199218749999997,0.26738483327876217,0.76052523575412601,-0.1035594845198264,-0.1056873046875
3660,0.086411961150770544,0.032402115040043908,0.011342067683252592,0.011789062499999997,-0.064323661876895755,0.65842565446941137,-0.1517773564327245,-0.14976316406250001
3661,0.079101020525169152,0.039302819473803763,0.0083576222207867312,0.0085546874999999981,0.19269831441348462,0.45951270419193146,-0.056031021853473834,-0.055154414062500018
3662,0.076703527761438017,0.032590604026845646,0.0092637139842643972,0.010218749999999999,-0.44295679832134049,0.52025838926174495,-0.20227518939244793,-0.19640882812499996
3663,0.080677777985354027,0.016286000795504851,0.013522273209868327,0.013933593749999997,-0.022746573792286728,0.027127751354318996,-0.010473608280787201,-0.0082939453125000194
3664,0.098788638828021386,0.03693773126734505,0.012988690587742029,0.011015624999999996,0.65937108894300023,0.36840685707678078,0.061102488691906084,0.053034140624999976
3665,0.098418419495400505,0.034718922366364605,0.013376894397097539,0.013523437499999992,0.024452633277745162,0.69586552567579874,-0.14099670740359124,-0.14031550781250002
3666,0.093539114020720543,0.048810113948058939,0.0093930900152589362,0.0069374999999999966,-0.87756604258425852,0.60991201529083472,-0.31237039215376955,-0.33261691406249999
3667,0.10313236186931909,0.046058915624133001,0.01198542371148908,0.012984374999999994,-0.19968259529406851,0.95519585780455352,-0.24252447515071063,-0.23711566406250004
3668,0.072785163266701924,0.035291057278375865,0.0078737622575484716,0.0053203124999999969,0.040267335500383195,-0.089389033484841285,0.027227837486897138,0.010020351562499972
3669,0.070648604381479713,0.044562561402624892,0.0054780690255595123,0.0046757812499999985,0.075513087140414714,0.66985883693981929,-0.12481260745787495,-0.12978691406250004
3670,0.11437555607600086,0.037895771357518912,0.016060754790881208,0.013535156249999998,0.53594077638780202,0.34978307135790365,0.039093118056278658,0.026323710937499988
3671,0.087940230351988502,0.039862508169925037,0.010096321658233327,0.010335937499999996,0.51921601892150826,0.2834502252660126,0.049510816667654084,0.050142070312499981
3672,0.0705069944640834,0.035051055749013973,0.0074457471301645796,0.0074296874999999997,0.095649739781695553,0.1450794148183403,-0.010380231757695396,-0.010490976562500025
3673,0.071522227168043961,0.038597317280937946,0.0069142310762922632,0.0055546874999999989,0.30496279344313049,0.18781497313568463,0.024601042264563628,0.017225859374999972
3674,0.084781369270044621,0.025387567769909247,0.012472698315028428,0.011203124999999998,-0.6700041943109889,0.0065276588181567563,-0.1420716891571206,-0.15103593750000002
3675,0.090382203281658802,0.037282164717999153,0.011151008098368526,0.010171874999999995,-0.024375792650149219,0.22339702401691086,-0.052032291500082616,-0.057355078125000014
3676,0.08466947474458178,0.034244882001058949,0.010589164476139794,0.012023437499999998,0.72618198517611376,0.21000287659957451,0.10839761280107324,0.11491863281249999
3677,0.11065985997223718,0.037214445283674319,0.015423537084598199,0.014589843749999996,0.1443650127815157,0.81642549607373172,-0.14113270149136536,-0.14684730468750004
3678,0.075268085878165469,0.054255890750325234,0.0044125609768464495,0.0030234374999999983,-0.37110285882699701,0.38202207324120407,-0.15815623573432222,-0.16806035156250004
3679,0.056843328953412348,0.047982178416961022,0.0018608416126547785,0.0029999999999999983,-0.22648947895359695,0.50230918317874862,-0.15304771904779257,-0.14705671875000001
3680,0.092028478705728667,0.031306871122317129,0.012751537592516423,0.014015624999999999,0.2955856895983896,0.36007173585839325,-0.013542069714600766,-0.0070817578125000405
3681,0.080900964942194731,0.035575804043867482,0.0095182837886487216,0.0071718749999999986,-0.57525808241153908,0.11889111430810195,-0.1457713313111246,-0.16001953125000001
3682,0.060118951644125257,0.039574778950550435,0.0043142762656507121,0.0035156249999999984,-0.33661715662027203,0.019113251631105665,-0.074703385732789312,-0.078737343749999994
3683,0.086613997614792992,0.042917782706861266,0.0091762051306656621,0.0073593749999999987,0.46764460355201143,0.7323371055266219,-0.055585425414668196,-0.062194687500000026
3684,0.082130706772960527,0.043652270472610721,0.0080804716230734597,0.0089296874999999984,0.4829725131046893,0.35749126052725755,0.026351063041260669,0.029665312499999957
3685,0.072285198971564518,0.03655421626331197,0.0075035063687330346,0.0082734374999999978,-0.57726076979162677,0.36835292126591346,-0.19857887512208344,-0.1941228515625
3686,0.091565153193060161,0.033809449543557094,0.012128697766395644,0.013171874999999998,0.062354189737910737,0.71780429234334209,-0.13764452154714057,-0.13327898437500002
3687,0.081464510943169144,0.025910505189173982,0.011666341208338983,0.011425781249999999,0.13109686520672392,0.55708068463281046,-0.08945660207947817,-0.090659414062500013
3688,0.068335609418243876,0.036534817423992325,0.0066781663187928256,0.0089179687499999962,-0.39653847979869938,0.051907706570364698,-0.094173699137503453,-0.07982496093750005
3689,0.10327859305846726,0.035897255582575144,0.014150080869937343,0.013195312499999999,0.014419986023759712,0.63860837094430867,-0.13107956083331529,-0.13670425781250001
3690,0.09118502546556298,0.046999773282615814,0.0092789029584189036,0.0085312499999999972,0.39583100813750216,0.11316100712900223,0.059360700211784981,0.055546757812499986
3691,0.088476576609804625,0.046545164932900326,0.0088055964521499015,0.0085781249999999972,-0.87259563175498855,0.65668691994946116,-0.32114933585793443,-0.32282519531250004
3692,0.097473643169245672,0.023001484467697161,0.015639153327325187,0.013488281249999996,-0.63890134645168073,0.44738387627624998,-0.22811989677286543,-0.24272542968750002
3693,0.070133331034593155,0.041638737290911207,0.0059838646861732087,0.0071249999999999977,0.76440577361432149,0.36696917262134665,0.083461686208524719,0.088159570312499977
3694,0.095730658060026022,0.040585560621709454,0.011580470462046478,0.010851562499999998,0.28553174336396853,0.41394129279290626,-0.026966005380076923,-0.029682539062500009
3695,0.087677450716494076,0.01958324809515094,0.014299782550482058,0.014390624999999995,-0.14496404009714781,0.47498446421970286,-0.13018918590653863,-0.12975750000000003
3696,0.089106531546849832,0.043576271660120125,0.0095613545762132379,0.0081914062499999982,0.28067659661293598,0.64137887100976432,-0.075747477623333948,-0.083788945312500016
3697,0.094186662519258724,0.034623676842309617,0.012508226992159312,0.011789062499999997,-0.55635881478097327,0.033811123106575414,-0.12393568695638522,-0.12951492187500002
3698,0.055511802130783411,0.051627442733192599,0.0008157154734940704,-0.0012304687500000011,-0.21617809735346161,0.48604067652960026,-0.14746594251544298,-0.15821566406249998
3699,0.085363409484640246,0.039122578617763901,0.0097105744820440328,0.009585937499999999,0.62823997225204153,0.2477371551704789,0.07990559158712815,0.079198359374999985
3700,0.094466021079336243,0.053427086839971161,0.008618176190266667,0.0063164062499999974,-0.3478473995875665,0.93729688216046503,-0.26988029916708661,-0.28740152343750003
3701,0.096919293560487813,0.029306340223106853,0.014198720200850001,0.011835937499999996,-0.074558823529411677,0.38787680309127104,-0.097111481590343371,-0.10984992187499998
3702,0.081722288966018047,0.038908136709821892,0.0089909719738011928,0.0079335937499999971,-0.25214720583261274,0.36525959458523283,-0.12965542808774758,-0.13649882812500003
3703,0.092952704905700123,0.045450450450450458,0.0099754734356024295,0.0087421874999999965,0.26329683380463831,1.0748376126126127,-0.17042356354967461,-0.17757492187500007
3704,0.072007254007756455,0.048120489498384392,0.0050162205469681332,0.0056484374999999972,0.3930682293294675,0.35775567673507702,0.007415636044822,0.0095707031249999738
3705,0.08968087584439785,0.040916052865864902,0.010240612825491919,0.009351562499999997,0.023669782203587286,0.30949718075912047,-0.060023753696661963,-0.065916914062499998
3706,0.084984260649856674,0.036499020230604501,0.010181900488042956,0.0099492187499999971,0.46029420254822928,0.90676065020672036,-0.093757954008283129,-0.095120859375000005
3707,0.076677467981815794,0.03775273890591159,0.0081741931059398833,0.0077460937499999969,-0.19776533298272425,1.1180401546670995,-0.27631915240646299,-0.278712421875
3708,0.081146978815877707,0.04040256738789802,0.0085563263998757345,0.0098671874999999992,-0.66238684719535779,0.93539885518404453,-0.33553499749967447,-0.32681343750000003
3709,0.092007562173086532,0.036193789460121112,0.011720892269722737,0.012128906249999998,-0.16761039373097941,0.50336063259441033,-0.14090391552833184,-0.13884832031250002
3710,0.087021107123820468,0.030389227251402182,0.01189269477320784,0.010441406249999997,0.59540236247976985,0.047073132795428463,0.11514913823371169,0.10837816406249995
3711,0.081525484626487871,0.041622081347260004,0.0083797146886378515,0.0044062499999999978,-0.16779236063004332,0.072086277025067758,-0.050374513907573325,-0.081934687500000006
3712,0.07933093854639614,0.034334440678347178,0.0094492645522902818,0.0087421874999999982,-0.059243432898003157,0.74930521126681415,-0.16979521527461164,-0.17419312500000003
3713,0.087143965048001204,0.041366306926515065,0.0096133082055120892,0.0077226562499999978,0.4037695629555057,0.80755250809027235,-0.084794418478300992,-0.09496992187500003
3714,0.091601413040759194,0.039293868165974702,0.010984584423704744,0.0090820312499999972,-0.72697633268242945,0.69372970476956541,-0.29834826786491891,-0.31042300781250004
3715,0.086504322321704241,0.028942248355690606,0.012088035532862864,0.010242187499999998,-0.4249250347329423,0.74175353775228059,-0.24500250022189679,-0.25680597656249998
3716,0.080859374999999983,0.057455875840517284,0.0049147348234913667,0.0048515624999999982,-0.010765625000000001,1.0731092127825901,-0.22761371593434393,-0.22801347656249998
3717,0.05607330597507415,0.04366864054434294,0.0026049797404535538,0.0017343749999999981,-0.13954922590286056,0.20739133154282607,-0.072857517063594196,-0.077332617187500008
3718,0.069481603185352125,0.030319422104344573,0.008224058027011585,0.0095507812499999976,0.14667937773139883,0.67191596337366355,-0.11029968298487559,-0.1044453515625
3719,0.097464357894564896,0.044369704126120679,0.011149877291373286,0.0098554687499999988,0.77783814132572393,0.39588746392626828,0.080209642253885688,0.074257734374999995
3720,0.06876509311949161,0.03151140409395975,0.00782327469536169,0.0066914062499999994,0.32430876352984261,-0.011282584854415911,0.070474183160694287,0.064404726562499987
3721,0.10606546854942235,0.031406612838973585,0.01567835969919424,0.018937499999999993,-0.012610518292683004,0.94377870405456621,-0.20084173669292232,-0.18551003906250002
3722,0.083138229539927583,0.037059307201487313,0.009676573691072457,0.008167968749999999,-0.67141924907970729,0.42945885867686806,-0.23118440262888085,-0.24196746093750002
3723,0.083968290618025104,0.040142930288533149,0.0092033256691933102,0.00924609375,-0.023187852066863912,0.12155665384196246,-0.030396346240853536,-0.03037289062500002
3724,0.063133183863102266,0.04807015486837031,0.0031632360888937104,0.0037617187499999973,-0.080188011146488991,0.52232393376848096,-0.12652750843214369,-0.12325640625000003
3725,0.078404492972967671,0.035744230350451198,0.0089586551507284586,0.0098789062499999997,0.18628282222241344,-0.17797327957946485,0.076493781378394438,0.080809921874999982
3726,0.081132042790128339,0.032206314677099307,0.010274402903736097,0.0096093749999999964,-0.48499514245801667,0.12893144016683245,-0.12892458235121831,-0.13373578125000002
3727,0.099889554773541903,0.041361015789417935,0.012290993186666033,0.011062499999999996,0.17139467424708321,0.92144644032336309,-0.15751087087601878,-0.16329304687499999
3728,0.081083518483598821,0.040418671436128678,0.0085396178799687292,0.0077695312499999969,0.45585815440029065,0.61508747512406481,-0.03343815735199257,-0.037491210937500019
3729,0.092454701842062309,0.040714161666750695,0.010865513436815438,0.011261718749999998,-0.32592460367652953,0.49290173274398752,-0.17195353064830857,-0.16939230468750005
3730,0.079438854376991441,0.044180879157340508,0.0074041747961266953,0.0041718749999999968,-0.1713479740541719,0.10581247353997303,-0.058203693994770433,-0.079635820312499994
3731,0.081658695683968829,0.037750841582221181,0.0092206493613670049,0.0089296874999999984,0.13405046582715385,0.36392676854940742,-0.04827402357167325,-0.049919648437499999
3732,0.076304558307120934,0.039640288074381108,0.0076994967488753629,0.0056953124999999981,0.29847661838448158,0.76641904858679577,-0.09826791034248597,-0.10974691406250002
3733,0.076831356945238488,0.041524617810031417,0.0074144152183934844,0.0059882812499999979,-0.83592161005425769,0.16278080167260511,-0.20972750646264118,-0.22058320312500002
3734,0.082718271257079229,0.028137285315434732,0.011462007047745344,0.0097148437499999969,0.12420009356001277,0.53760701091401353,-0.086815452644340152,-0.093548554687500007
3735,0.083724429563972053,0.04296358189972764,0.0085597780094913267,0.0071835937499999973,0.18149010083025308,0.56099128093489059,-0.079695247821973875,-0.088029843749999989
3736,0.087068245520945775,0.034256844620458707,0.011090394189102284,0.009632812499999999,0.18104830960499219,0.63423242334715435,-0.095168663885854057,-0.10409214843750003
3737,0.084632823763258536,0.037932602658837911,0.0098070464319283315,0.009351562499999997,0.53785009089356928,0.58372997541225446,-0.0096347757489238899,-0.012064570312499993
3738,0.087753361821356707,0.042154527936518471,0.0095757551158160287,0.0080624999999999985,-0.37249038627379505,0.77767592596976465,-0.24153492557114753,-0.2511873046875
3739,0.095518867924528295,0.034214571727141915,0.012873902201451138,0.011906249999999997,-0.42471450617283968,0.86087439645460573,-0.26997366955176355,-0.27716789062499997
3740,0.079781121751026002,0.052190768906014678,0.0057939740974523781,0.0051796874999999985,-0.2630258093935246,0.74679280970571016,-0.21206191001083927,-0.21582515624999998
3741,0.092543262698951356,0.031496075834119702,0.012819909241614648,0.012011718749999995,-0.62589032588622817,0.83828618614762962,-0.30747706752711013,-0.31298132812500001
3742,0.080448287759160575,0.043189449045169095,0.0078243561299382106,0.0043945312499999974,-0.38287415635918731,0.34240057658987055,-0.15230769391930216,-0.17116828125000003
3743,0.08932178932178933,0.028900773754017867,0.012688413269232007,0.010499999999999999,-0.67327417027417047,0.49501330338999616,-0.24534036946947499,-0.26087648437500005
3744,0.070303423455120501,0.030924948586297768,0.0082694797224527744,0.0083085937499999974,0.052529603852623952,0.53112002199065578,-0.10050398780898669,-0.1002992578125
3745,0.094778395143052946,0.028192242505188134,0.01398309205395161,0.012457031249999998,-0.69226461924866234,0.34837534147375782,-0.21853439175170822,-0.23015250000000007
3746,0.086085505771759163,0.041292792792792798,0.0094064697255829364,0.008226562499999996,-0.2600181670172822,0.52994558558558547,-0.1658923880466022,-0.17364105468750002
3747,0.087958959037660212,0.042997270846787311,0.0094419545200833087,0.010218749999999997,0.080315128940954494,0.70943430825313536,-0.13211502765555797,-0.12744949218750004
3748,0.087138592602916676,0.03527029750358969,0.010892341970858666,0.010089843749999999,0.74008013613213119,0.68726663853691727,0.011090834494994923,0.0071499609374999903
3749,0.093197803306818955,0.046625489217344052,0.0097801859587897302,0.010394531249999997,-1.4624719424072028,0.73321299767934567,-0.46109383741817517,-0.45522996093750001
3750,0.078951595630756044,0.038528427244341676,0.0084888653611470168,0.0079804687499999954,0.038670413170038387,0.67267950106720198,-0.13314190845840435,-0.13530292968750002
3751,0.041796875000000011,0.032127373684447055,0.0020305952762661207,0.0019570312499999991,-0.46376171874999972,0.54513836390017434,-0.21186901735653652,-0.21243667968750002
3752,0.076467903547293353,0.027643254145944443,0.01025317637428327,0.010523437499999995,-0.63322466476847961,0.24116635898256811,-0.18362211498772002,-0.1820661328125
3753,0.097457543832062288,0.028084040214399641,0.014568435759709154,0.015398437499999995,0.047706826401446634,0.27326796078878357,-0.047367838221340754,-0.042655898437500055
3754,0.08546452528568918,0.050482128103665688,0.0073463034082249332,0.0043476562499999982,-0.28948575496486817,0.21421387391108981,-0.10577692206395117,-0.12258609375000003
3755,0.087374696070348229,0.040239374950427925,0.0098984174351832641,0.0094335937499999984,0.43952166517383906,0.25515706565712271,0.038716565898510434,0.036509414062499988
3756,0.099037942310573335,0.023177237033664408,0.015930748108150875,0.015281249999999998,0.41086470628812377,-0.10077623199159103,0.1074445970387401,0.10419667968749997
3757,0.096816040031932088,0.031490193097489891,0.013718427856232861,0.013230468749999995,-0.0056926244669872617,0.27798348040892051,-0.05957198202394063,-0.062955117187500034
3758,0.078577526614181437,0.036253318164580953,0.0088880837744161004,0.0061054687499999972,0.45886296634894247,0.7663123687591622,-0.064564374506146147,-0.075867070312500007
3759,0.06793013672921358,0.034151647657142542,0.0070934827051349174,0.006082031249999998,-0.19166555143588881,0.32309757337100109,-0.10810025620944688,-0.11406984375000001
3760,0.073212320150955273,0.043116401660758516,0.006320142882941319,0.0071484374999999977,-0.16454900149382812,0.72754701204642513,-0.18734016284345317,-0.1828250390625
3761,0.079572600310890168,0.035660300749307455,0.0092215829079323689,0.0082265624999999995,0.28803405784424635,0.11221379030014633,0.036922256184261003,0.032597929687499978
3762,0.0796234772978959,0.048533746568451011,0.0065288434531834269,0.0075351562499999967,0.65026042820228847,0.085895704955762708,0.11851659188177041,0.12404636718749998
3763,0.072274335110949744,0.036188400273225646,0.0075780463159220608,0.0081445312499999999,0.054855517561116729,0.066025023137894379,-0.0023455961711233062,0.0010926562499999548
3764,0.083977453060805646,0.039971303562752081,0.009241291394591249,0.0092812499999999978,0.065342602060450172,0.14031962392882635,-0.015745174592358996,-0.015523828125000012
3765,0.086550342468700803,0.040536746605520077,0.0096628551312679528,0.010582031249999999,0.061849626056882601,0.18023657161569095,-0.024861258567349755,-0.020415234374999994
3766,0.077332193229264129,0.027990005770211157,0.010361859366401124,0.010816406249999999,-0.52558157404801364,0.51467312033971413,-0.21845348582142282,-0.21584460937500002
3767,0.081885874087979704,0.042872206101886495,0.0081928702770795742,0.0068906249999999983,-0.11498386425654616,0.76439369989224748,-0.18466928847124667,-0.19066710937500006
3768,0.10518917032545833,0.041877307262317462,0.01329549124325958,0.014355468749999996,0.61624822317670014,0.27525970713493253,0.071607588368771194,0.07533105468750001
3769,0.073380469399686954,0.029489734137472537,0.0092170544050650272,0.0078984374999999975,0.40984461076430845,0.39830122488878883,0.0024241110338591196,-0.0050994140625000382
3770,0.085881166038336954,0.056918235385306645,0.0060822154371363646,0.0051914062499999972,0.45289100439198682,0.81690987796067582,-0.076443963449424682,-0.079995703125000026
3771,0.095750981008747404,0.025467466000752961,0.014759538151678832,0.014999999999999998,-0.012915354882285124,0.68118495454744443,-0.14576106498024319,-0.14497792968750001
3772,0.080902049848590729,0.037547028369622232,0.0091045545105833837,0.008167968749999999,-0.17848765432098757,0.09554578787550605,-0.057547022861263654,-0.063062226562500032
3773,0.078214253267127054,0.027733121871831246,0.010601037593012119,0.0089179687499999979,-0.15795385500919235,0.26727433882195017,-0.089297920704539929,-0.10044128906250002
3774,0.084462128373406553,0.045805388529139679,0.0081179153672960441,0.0060351562499999989,0.034182902264993653,0.39180005492599423,-0.075099602058810125,-0.086830078125000015
3775,0.06735572882087143,0.049740517027897127,0.0036991944765246035,0.0037968749999999986,-0.43028937799557643,0.44771838022330607,-0.18438162922596532,-0.18379921875000002
3776,0.086517281688794967,0.03336254843659929,0.011162493982961092,0.011144531250000001,0.11565504581106079,0.40129946737411193,-0.05998532852824074,-0.060119062500000008
3777,0.083008658008658004,0.034341100173603048,0.010220187145361541,0.0080624999999999968,0.20996031746031718,0.21511138280857078,-0.0010817237231332565,-0.014926875000000041
3778,0.060359888190076871,0.024459393508080796,0.0075391038832191759,0.006562499999999998,0.034968407873282148,0.67849111752767544,-0.13513976902742258,-0.14105062499999999
3779,0.081640709975265263,0.038433275877710241,0.0090735611604865537,0.0056601562499999977,-0.94380500298553427,0.7418822462124649,-0.35399432233157985,-0.377096015625
3780,0.065406110260541411,0.041147488607509802,0.0050943105471366375,0.0042304687499999964,-0.72154286931890621,0.28829148161901746,-0.21206521369696399,-0.21762562500000002
3781,0.078182499659261273,0.030966072864117344,0.0099154496269802245,0.0093984374999999971,-0.72216588134504178,0.64207709708067462,-0.28649102546940042,-0.28985894531250006
3782,0.11123947204370679,0.042244083913603306,0.014489031507321733,0.011531249999999998,0.0082254941962379702,0.29364911107573644,-0.059938959544694678,-0.074631210937500012
3783,0.1115640674874601,0.033593395363731737,0.016373841145982955,0.015808593749999995,-0.039719562243502038,0.26404746804123524,-0.063791076359794821,-0.066496289062500033
3784,0.085198911847936681,0.038758389261744963,0.0097525097431002596,0.01072265625,-0.39811469383500431,1.2262547874720358,-0.34111759107447842,-0.33592359375000003
3785,0.095238646175730204,0.032461546021917531,0.013183191032300661,0.012808593749999996,-0.35850273592729831,0.69590283552017307,-0.22142517000396897,-0.22417019531250001
3786,0.083779991049146268,0.034822977619111573,0.010280972820307285,0.009421874999999998,0.17523219879997864,0.51329211657150531,-0.070992582732020595,-0.076295859375000011
3787,0.10562840522493014,0.035024667456457159,0.014826784931379325,0.012914062499999997,0.8988337726005704,0.520506009742154,0.07944883020026744,0.071325234374999977
3788,0.082503494060097826,0.044466510175005317,0.0079877666158694269,0.0070546874999999985,-0.25484597018402044,-0.2534493837613413,-0.00029328314876262085,-0.0080685937500000193
3789,0.071911130529058148,0.037833222134812439,0.0071563607627915986,0.0044648437499999975,-0.60078843157825657,0.25316395475050046,-0.17933000112903896,-0.19719023437500002
3790,0.1036769887532123,0.041539357881940353,0.013048902482967107,0.013464843749999993,-0.25179965141481431,0.51271105807745521,-0.16054724899337658,-0.15834386718750001
3791,0.075167001168259279,0.033442025547055956,0.0087622448804526975,0.0059179687499999979,-0.22816008147859701,0.61272228468803591,-0.17658529689499292,-0.19499390625000004
3792,0.081330340746786356,0.031017210898643108,0.010565757268110081,0.0091874999999999978,0.29258264753224961,0.40788180455249068,-0.024212822974250623,-0.031732968750000021
3793,0.077337918062657968,0.043159815768407578,0.0071774014817925814,0.0075351562499999993,0.37368497619467478,0.65906899349980796,-0.059930643634077969,-0.058315195312500033
3794,0.051449786258043195,0.0299213079162398,0.0045209804517787125,0.0056484374999999989,0.30392071775198426,0.28270595925867015,0.0044550992835959632,0.0089415234375000013
3795,0.064518576886979734,0.03501675446430004,0.0061953827087627353,0.0053671874999999987,0.095883994167290876,0.5252561439643858,-0.090168151457389933,-0.095962734375000025
3796,0.068346391263057943,0.022526844187490652,0.0096221048858691309,0.011273437499999999,0.10935036799620135,0.55087778306783475,-0.092720757165043008,-0.084404062500000029
3797,0.09799049212337671,0.036205422282739944,0.01297486466653372,0.013558593749999997,0.066623931099783595,0.28368442571799435,-0.045582703869824256,-0.042807187500000017
3798,0.079494423410784193,0.026381001548786795,0.011153818591019453,0.011027343749999995,0.15916646304131155,-0.052724271060133221,0.044497054161303402,0.043169179687499976
3799,0.07954716650368826,0.035775810448544915,0.0091919847715801022,0.0087421874999999982,-0.010077882686578277,0.35127891104799347,-0.075884926684260071,-0.078417539062500013
3800,0.078483605014493862,0.038596747891489216,0.0083762399958309756,0.006398437499999997,-0.21974124910589909,0.092687136893300215,-0.065609961059831856,-0.077476054687500004
3801,0.085834083171770215,0.042746517661723993,0.0090483887571097057,0.0061289062499999989,-0.23111669620636111,0.5516453776579554,-0.16438003551150646,-0.18306281250000001
3802,0.064222526219790244,0.041989580471186977,0.0046689186072066862,0.0040429687499999988,-0.39775540355677153,0.36275041266893493,-0.15970622140739835,-0.16301718750000002
3803,0.079253991242146299,0.029121036798713779,0.010527920433120829,0.0076171874999999981,-0.41738996721423482,0.69920869503028615,-0.23448571907134941,-0.25274285156249998
3804,0.060605082625856899,0.035125067570888013,0.0053508031615434656,0.0049453124999999966,0.13652428234428715,0.54405091159270735,-0.085580592142168233,-0.088038867187500036
3805,0.096635312836351711,0.035518389447715709,0.012834553911613559,0.0102890625,-0.45448606356440135,0.47897214191295501,-0.19602622315024482,-0.21351503906250002
3806,0.092836040194986175,0.034703424386284709,0.012207849319827307,0.011191406250000001,0.052707700159659865,0.32624918320336915,-0.057443711439178952,-0.062431757812500023
3807,0.10763324966779861,0.056077304190555247,0.010826748550221105,0.013042968749999996,0.37167233675507227,0.52365957232576621,-0.031917319469845724,-0.019481367187499998
3808,0.082854901681027049,0.031143176733780767,0.010859462238921719,0.011847656249999998,-0.35770641849206619,0.2960257941834451,-0.13728376466185738,-0.13177816406249998
3809,0.076778739573207411,0.03992821938434922,0.0077386092396602201,0.0083554687499999974,-0.4865078155123741,0.45270814732605213,-0.1972353521960695,-0.19396394531250002
3810,0.085767432352387013,0.033600164034946631,0.010955126346662479,0.012093749999999997,0.029019104993725509,0.46863820863820849,-0.092320011765341423,-0.085785234375000019
3811,0.091592658946488686,0.040325726752476657,0.010766055760742526,0.0084023437499999992,-0.20596670733288835,0.58853088978911905,-0.16684449539562154,-0.18044484375
3812,0.088508797488138474,0.030607224429421695,0.012159330342330523,0.01116796875,0.4096646394429081,-0.014751059860869886,0.089127296853793378,0.083553749999999968
3813,0.093302785150443268,0.040894705936666581,0.011005696634893104,0.011589843749999997,-0.27231353425141436,0.099862995780725439,-0.078157071306749357,-0.074739375000000011
3814,0.069569111548122037,0.034872226521068084,0.0072863458556813301,0.0067851562499999987,-0.38825106115773267,0.32596876032165456,-0.14998616251067132,-0.15291597656250003
3815,0.09739307219604329,0.030932104594315377,0.013956803196362862,0.012984374999999994,0.2799304079749878,0.81674284098962513,-0.11273061093307384,-0.11746183593750001
3816,0.10339916122085491,0.046855959054350457,0.011874072454965934,0.012374999999999995,-0.20295418162023582,0.15150729917850614,-0.074436910967735803,-0.071171718750000015
3817,0.088023158183264089,0.047061600984806315,0.0086019270116761328,0.0079570312499999997,0.55153609851101226,0.68653010348335908,-0.02834874104419283,-0.031506210937500008
3818,0.090082143925212244,0.027568733509794288,0.013127816187237771,0.014812499999999998,-0.091045548266862619,0.5561304750942514,-0.13590696490583393,-0.12471867187500002
3819,0.080859375000000011,0.030620197640191985,0.010550227245559686,0.010476562499999998,0.061359375000000105,0.098229476319303677,-0.0077427212770537499,-0.0082610156249999997
3820,0.084344727758601495,0.042541621427659812,0.0087786523294977534,0.0090351562499999989,-0.44515431845740294,0.39860307271573769,-0.17718905214635952,-0.17593746093749998
3821,0.07427273923917338,0.033760642276619499,0.0085075403621363149,0.0082148437499999973,0.066509294604595204,0.60514513605366371,-0.11311352670430438,-0.11463410156250001
3822,0.093558608574702218,0.03436858465390312,0.012429905023367811,0.012410156249999997,0.046812663886242167,0.54435325457821104,-0.10448352404531346,-0.10488679687500001
3823,0.082870800141919138,0.040152796838684543,0.0089707806936792645,0.0082499999999999987,-0.17187202006308588,-0.081462496315484634,-0.018985999986996262,-0.024157851562499992
3824,0.081367315438768212,0.033844541509954945,0.0099797825250507854,0.0080390624999999959,-0.53870552271957228,1.0195228795178299,-0.32722796446985447,-0.34211261718750002
3825,0.076172858826578788,0.029032190239902431,0.0098995404032020343,0.010042968749999994,-0.12592141491302278,0.50768597520377323,-0.13305755192452715,-0.13246652343749998
3826,0.0773092260581279,0.04281420343017682,0.0072439547518697266,0.0053554687499999983,0.2744599362972121,0.54296757658485795,-0.056386604460405623,-0.065762109375000044
3827,0.079076832392482282,0.032750155737401948,0.0097286020975668706,0.008343749999999997,-0.1025270579700287,1.1012480538459253,-0.25279277348135037,-0.26120531250000001
3828,0.086718749999999983,0.041695077353090734,0.0094549712558509424,0.0093867187499999966,-0.23554296875000003,0.39241703392265415,-0.13187160056125738,-0.13225488281250006
3829,0.078214202847459058,0.051245873797939392,0.0056633491003991298,0.0076406249999999972,-0.46792466150837453,0.024571805116791801,-0.10342425799128492,-0.092803007812500005
3830,0.065673663440894814,0.040646246169716557,0.0052557576269474339,0.0030703124999999993,-0.21234110199118916,0.18569505849096746,-0.083587593701252891,-0.095729179687500027
3831,0.10662456725862142,0.031865674783784548,0.015699367419715744,0.014660156249999995,-0.41200975593795242,0.75476060442384707,-0.24502177567597791,-0.25170867187500001
3832,0.067777301432087822,0.035643206641009242,0.0067481599061265012,0.0046523437499999994,0.015513538119162451,0.15010929100564929,-0.028265108106162236,-0.04213289062500003
3833,0.10184393429797478,0.041183570956881355,0.01273867630162962,0.011191406249999996,-0.71613158937652865,0.60601094205016615,-0.27764993159960588,-0.28901437499999999
3834,0.078528359746733389,0.028268710993169202,0.010554526238248478,0.010160156249999996,-0.290427037270235,0.41865219912526386,-0.14890663964305476,-0.15151957031250005
3835,0.078094496263138191,0.030267214871380038,0.010043729092269213,0.011273437499999997,-0.098499659837116171,0.42067261812456436,-0.1090261783719529,-0.10169027343750005
3836,0.074557777230884942,0.033474066016055889,0.0086275793551141011,0.0094335937499999949,0.27434384381478027,0.42081674711464812,-0.030759309692972244,-0.028037578125000007
3837,0.079927582237029365,0.041071533602192914,0.0081597702133156553,0.0091992187499999982,-0.27130979458553206,0.090155012469028795,-0.075907609481457777,-0.069657656250000019
3838,0.078542753133642118,0.040477691950522629,0.007993662848455093,0.0072773437499999982,-0.11848495268552761,0.42870606740918604,-0.11491011421988986,-0.118480078125
3839,0.057159297395517866,0.031087923637391102,0.0054749884892066206,0.0043007812499999973,0.0657453058752272,0.65612734116048488,-0.12398022740990411,-0.12955335937500001
3840,0.09940221865854465,0.056104400059367718,0.0090925419058271555,0.0088710937499999979,-0.20645830329592085,0.85971700191238609,-0.22389681409374446,-0.22518175781250002
3841,0.072387247100748509,0.027471105744350535,0.0094323896848435736,0.0091054687499999981,-0.42343572913414607,0.63894140647461328,-0.22309919847783949,-0.225266953125
3842,0.083575819521809092,0.038076855687082564,0.0095547824052925698,0.0097031249999999965,-0.18888321050083401,0.68114632857453228,-0.18270620320582692,-0.18194332031249999
3843,0.09076872203957706,0.041823059677053673,0.010278589096129911,0.0095390624999999955,0.20762447426889552,0.036499987404589929,0.035936142241504175,0.032175351562499975
3844,0.099140866412810225,0.040087563991336977,0.012401193508509382,0.0092812499999999978,0.019912410268485559,0.49715233451094643,-0.10022038409091678,-0.11503394531250004
3845,0.087165408373369946,0.036673903453851533,0.010603216033098866,0.0093398437499999983,-0.49960206701455856,0.17502818585096691,-0.14167235310176035,-0.14943128906250003
3846,0.05656414903256754,0.027000316255534465,0.0062084048831769455,0.0058476562499999987,-0.59445704234468166,0.60437442498993732,-0.25175460814026995,-0.25392386718749999
3847,0.07730756292688637,0.030909489326240727,0.0097435954561355849,0.0094687499999999997,-0.28638245360010528,0.42856025955524757,-0.15013796976262409,-0.15173167968750001
3848,0.0793977452959439,0.039381058240897396,0.008403504281559766,0.0070546874999999985,-0.70758670978800031,0.65762120987842931,-0.2866936631299502,-0.29615097656250006
3849,0.10161891451199628,0.02421720179970098,0.016254359669582014,0.015328124999999996,-0.21317042278127185,0.32822057166807073,-0.11369210883436194,-0.11860066406250003
3850,0.072497170974377884,0.037332809790979415,0.0073845158485136781,0.0055312499999999988,-0.65062562139141056,-0.23481642111134515,-0.087319932058813735,-0.101872734375
3851,0.078544319793340478,0.040571112165796536,0.0079743736017842282,0.005742187499999999,-0.069274999782125368,0.30481482360386014,-0.078558862911056959,-0.091417382812500017
3852,0.080740061191456242,0.03628204017162448,0.0093361844141646704,0.0068671874999999983,-0.20064540415660004,0.66582647462335243,-0.18195909454379,-0.196728984375
3853,0.092711440537527501,0.028530480558649388,0.013478001595564403,0.013042968749999996,-0.73474206039423451,0.60977460633879854,-0.28234850001393691,-0.28543371093750008
3854,0.093614630544544414,0.038640127023268481,0.011544645739467946,0.012046874999999999,0.4413052385536807,0.34262957699531199,0.020721888927257428,0.022412695312499977
3855,0.070175972953010424,0.032342519119084576,0.0079450253051244271,0.0075937499999999989,0.10967252735538002,0.20530466548789583,-0.020082749007828318,-0.022599843750000018
3856,0.096134562588835459,0.036199241197052631,0.012586417492274394,0.012082031249999998,0.1514334634630734,1.1326322178825512,-0.20605173842809033,-0.20904410156250006
3857,0.072667400066200649,0.053465376349957919,0.0040324249804109735,0.0035390624999999988,0.1664426877470353,-0.23819180429668474,0.0849732433291812,0.081690234374999962
3858,0.078959555418339017,0.040381714567714361,0.0081013465786311783,0.0063281249999999978,-0.49031375424513757,1.309952125748437,-0.37805583479865063,-0.38905511718750008
3859,0.06839322539598966,0.030568696178754379,0.0079431511356194088,0.0076523437499999968,-0.14821131879543081,0.86011528465126608,-0.21174858672380634,-0.213521953125
3860,0.092661569305763025,0.03341924293346954,0.012440888538181632,0.013207031249999996,-0.27885245498859967,0.21697991244081039,-0.10412479716017611,-0.099671601562500045
3861,0.076269141327717088,0.032916800265627766,0.0091039916230387565,0.0088007812499999987,-0.11809595893115721,0.34238591303733656,-0.096701193113383682,-0.098666015625000034
3862,0.063328773369813046,0.041470172034795749,0.0045903062803536324,0.0039843749999999975,-0.66576835385316935,0.77642307542510758,-0.30286020014843812,-0.30676136718749997
3863,0.0744892005127126,0.041617912603828106,0.0069029704608657436,0.0038320312499999978,-0.41225636586252423,0.43819168242233697,-0.17859409013982083,-0.19751589843750003
3864,0.058288223407402223,0.034526863109016454,0.0049898856626610115,0.0079218749999999966,-0.43487430587712528,0.82143140714171525,-0.26382419973395654,-0.247082109375
3865,0.095767198344681781,0.031626124133864064,0.01346962558427172,0.013066406249999996,-0.45229847730696593,0.39523131357806274,-0.17798125608585602,-0.18067617187500004
3866,0.10584903488238229,0.037879927540319797,0.014273512541833122,0.015046874999999998,-0.70445111477800382,0.60015266051135485,-0.2739667928107653,-0.26793808593750001
3867,0.086471404877670854,0.038515911365609973,0.010070653637532784,0.0077226562499999978,0.74678692825295911,0.5528963609492672,0.040717019133775303,0.028899374999999984
3868,0.091995293123736527,0.031567186664936506,0.012689902356348004,0.011062499999999998,0.04324306791781074,0.33097844591973447,-0.060424429380403981,-0.071527148437500021
3869,0.087318049440814338,0.045749678817039077,0.0087293578309928042,0.0079570312499999997,0.085817571648370228,0.11130460110335805,-0.0053522761855474416,-0.0089062500000000183
3870,0.067748533497993202,0.040202603579884255,0.0057846452828028789,0.0039843749999999992,0.20922217505402907,0.63218190636032412,-0.088821543574321954,-0.097383750000000033
3871,0.099633161072987919,0.046187369322618854,0.011223616267577504,0.010511718749999996,0.1723105842185475,0.14860150011335871,0.0049789076620896464,0.0010634765624999787
3872,0.081971864565470315,0.030733719603304094,0.010760010442054905,0.012937499999999998,0.11696188094407317,0.20992079197880542,-0.01952137131729377,-0.010976601562500026
3873,0.081772046628329487,0.040340452676100785,0.0087006347299680275,0.0039374999999999983,0.32284756250265789,0.46439250283893962,-0.029724437470619161,-0.051887343750000016
3874,0.088056015234547175,0.031354433175734359,0.01190733223235069,0.013078124999999998,-0.57914841579373877,0.30635496973366172,-0.18595571096075408,-0.17694457031250002
3875,0.093429639071368642,0.03754916593545099,0.011734899358542706,0.010476562499999998,0.46217374252377685,0.55242598690462696,-0.018952971319978522,-0.027206250000000019
3876,0.096327314525515767,0.040987558309417832,0.011621348805380566,0.010195312499999998,0.21012182858303174,0.60320379661055146,-0.082547213285779131,-0.089003906250000042
3877,0.090736287700305701,0.024129419100730118,0.013987442405910872,0.013464843749999997,0.1766629266535561,0.50399273996001315,-0.06873926079435598,-0.071784609375000002
3878,0.090997441271642943,0.022727406752174564,0.014336707249088358,0.013945312499999996,-0.18266471280983954,0.36094791881664945,-0.11415865264156268,-0.11695898437500002
3879,0.070042152388327117,0.035129357493389662,0.007331686927936865,0.0063632812499999965,-0.40683061822391198,0.094946460033184743,-0.10537318643399031,-0.11176664062500002
3880,0.080883535898673475,0.027714286885285933,0.011165542292811383,0.010874999999999999,-0.52925522501572264,0.27330219801474243,-0.16853705883639766,-0.17075121093750004
3881,0.11090337132003797,0.030124546895072879,0.016963553129242668,0.018632812499999998,0.27195364434947766,0.31440865827141851,-0.008915552923607576,0.00075972656249996713
3882,0.082061429866296581,0.047400665418105573,0.0072787605341201114,0.0057070312499999977,0.26670484766587221,0.21887458546689353,0.010044355061785522,0.0023775000000000011
3883,0.066346323399753132,0.054873339799664009,0.0024093265560187157,0.0027773437499999981,-0.043565949567977436,0.94258215645722476,-0.20709110226529245,-0.20508492187500005
3884,0.10949793930310978,0.033887824798020633,0.015878124046068719,0.017062499999999994,-0.15273670899804781,0.29191076166087604,-0.093375968838373999,-0.086618437500000034
3885,0.090214847593449554,0.035334848265343888,0.011524799858902189,0.0080156249999999967,-0.32945775237328501,0.67962790757781133,-0.2119079885897302,-0.23260464843750001
3886,0.10273463945145861,0.050812206601156262,0.010903710898563493,0.011566406249999999,-0.1503163014867217,0.32440828914505726,-0.099692164032673572,-0.095060156250000055
3887,0.09612500241915195,0.044306276576512774,0.010881932426954226,0.0095273437499999968,-0.2252284163263728,0.69007085455130623,-0.19221284688431259,-0.19969500000000001
3888,0.089577458660230036,0.037109233563119279,0.011018327270393258,0.0095273437499999985,-0.45987504094392828,-0.040030408951367336,-0.088167372718437789,-0.098078906250000028
3889,0.068062855691256446,0.04237626512508029,0.0053941840188969931,0.0039257812499999987,0.31697251369905011,0.21370858998821085,0.021685423979276242,0.014678085937499991
3890,0.093418087918791803,0.032095595407953648,0.012877723427276012,0.012351562499999998,0.68346829716453095,0.2716403264132573,0.086483873857767457,0.08330894531249998
3891,0.091853745546801702,0.026543126691834104,0.013715229959543196,0.012984374999999999,0.36619722382880271,0.4682821177989055,-0.021437827733721583,-0.025353398437500042
3892,0.075714892557030761,0.035477518646765405,0.0084498485211557239,0.0062929687499999991,-0.25991340543129404,0.41427001850177458,-0.1415785190259444,-0.15467683593750003
3893,0.099133606051250406,0.03641515365832923,0.013170875002513446,0.011320312499999999,-0.25302340614387142,0.38773860785011582,-0.13456002293873731,-0.14660121093750006
3894,0.090766796158624374,0.032855679940094251,0.012161334405891325,0.013335937499999995,-0.17508701267969473,0.75479102419561039,-0.19527438774381406,-0.1887099609375
3895,0.077929674216146355,0.028347137091285099,0.010412332796220863,0.0089296874999999984,0.41838169081139909,-0.19817716470481117,0.12947735965840415,0.12274664062499997
3896,0.06679258241758243,0.03456289234659321,0.0067682349149077361,0.0033164062499999995,-0.83869906135531136,0.28187428899877709,-0.23532040357435857,-0.25979859374999997
3897,0.072607700546266363,0.037734558426722159,0.0073233598451042823,0.0074765624999999971,-0.045711906846179762,0.28960666932991319,-0.070416900996979517,-0.069761367187500006
3898,0.088286502086492608,0.042005022037000697,0.0097191108103933006,0.0088945312499999988,-0.40490402255378921,0.0051940515254538244,-0.086120595556641033,-0.091849218750000003
3899,0.1018513451892385,0.039103497217129635,0.01317704807414286,0.012597656249999995,0.2714829913360694,0.69508757809602584,-0.088956963219590846,-0.092032148437500017
3900,0.071815000909359883,0.034540737189430043,0.0078275953811852653,0.0060820312499999972,-0.51528310047386261,0.49590741419667783,-0.21235000808081347,-0.2235547265625
3901,0.10289981834084638,0.049194120081896373,0.011278196634379501,0.0083671874999999962,0.25518863396801894,0.22917535084283136,0.0054627894562893917,-0.013908632812500023
3902,0.080217562549232901,0.039271614721857362,0.0085986490437488638,0.0061523437499999981,0.26237108668742248,0.68906863915817218,-0.089606486018857429,-0.10346226562500004
3903,0.078646905712281223,0.049781706390733108,0.006061691857525104,0.0039609374999999966,-0.16946303184480371,0.28523334751334006,-0.095486239665210193,-0.10847648437500002
3904,0.061197578193766727,0.037913304856826452,0.0048896974007574577,0.0026132812499999984,0.11083005794868928,0.74329750039550679,-0.13281816291383167,-0.14389125000000003
3905,0.067456099037879275,0.039354344519810389,0.0059013684487944657,0.0028945312499999987,-0.022417367512166719,0.71971609047930929,-0.15584802617820995,-0.17634832031250003
3906,0.07299916482522753,0.038046831866454481,0.00733998992134234,0.0056718749999999972,-0.68801295109473681,0.78469512646191708,-0.30926869628689729,-0.31963828124999999
3907,0.09853575070966375,0.040123547636707113,0.012266562645320894,0.011847656249999998,0.30546831416396625,0.082415756693886233,0.046841037068716798,0.044640820312499961
3908,0.073430286938418382,0.039098192201136903,0.0072097398948291107,0.0055429687499999993,-0.82994813384425092,0.55273832163761594,-0.29036415565119206,-0.30277429687500002
3909,0.090262329384067252,0.037784839095214157,0.011020272960659151,0.0099843749999999967,0.026080819126199195,0.29774590917913679,-0.057049668911116895,-0.062336015625000005
3910,0.10208590614387156,0.032691450324568855,0.014572835722053567,0.012832031249999997,0.087583359061438659,0.10312777202460122,-0.0032643267222641371,-0.01375933593750002
3911,0.095294117647058835,0.02602414985085133,0.014546693237203576,0.013945312499999996,0.44337437300501586,0.37541208472685739,0.01427208053841328,0.011452382812499974
3912,0.065165595942936416,0.04084704381227014,0.0051068959474399175,0.0066328124999999981,-0.3341624158687676,0.70466664086606501,-0.21815410191431484,-0.20847316406250005
3913,0.092521901920348662,0.024535366159779443,0.014277172509719535,0.014003906249999996,0.18747729366855348,0.12243356568838437,0.013659182875835512,0.012299296874999968
3914,0.098273377053743532,0.042086979983474146,0.01179914338475657,0.011144531249999996,0.34797907716730403,0.43297631855561747,-0.017849420691545822,-0.020517070312500021
3915,0.092116742672435137,0.035386699493544241,0.011913309067567088,0.011238281249999997,-0.1446147226217418,0.05311655227848866,-0.041523567729048395,-0.045873046875000018
3916,0.10448225379463102,0.041864858790010492,0.013149652950970311,0.012292968749999997,0.42382180215579024,1.0725955096476563,-0.13624247857329186,-0.14034199218750004
3917,0.082648734344094171,0.046029065481647535,0.0076901304611137929,0.0074531249999999962,0.049180892334432125,0.17623362026980871,-0.026681072866429081,-0.028487226562500051
3918,0.046227574037778857,0.036833451279143142,0.0019727657793135,0.0006093749999999987,-0.88618998756999612,0.53477969367434219,-0.29840363306131101,-0.30738539062500003
3919,0.093344595088704629,0.029721597824672971,0.013360829425446648,0.013078124999999996,-0.13163891448378751,0.36652644086023345,-0.1046147246222444,-0.1062535546875
3920,0.094187205326742351,0.04108948545861299,0.011150521172307165,0.012117187499999994,-0.23360694365735091,0.39267055928411626,-0.1315182756177081,-0.12489480468750003
3921,0.061364430468204056,0.028706327785802399,0.006858201563304348,0.0059296875000000001,0.12211521663172598,0.48783152908480509,-0.076800425615146606,-0.082464492187500016
3922,0.077041608955004753,0.026535982459032284,0.010606181564154217,0.0084023437499999975,-0.29686434039030152,0.12098388917435243,-0.087748128208577331,-0.10028332031250002
3923,0.069339649942921466,0.038308733960907879,0.0065164923562228529,0.0077460937499999986,0.21914439454262646,1.0185509946379512,-0.1678753860200182,-0.16342535156249999
3924,0.090190801355858857,0.049444429807419449,0.0085567380251722752,0.0094570312499999993,0.32951605625560165,0.66473441379190379,-0.070395855082623443,-0.065980312499999999
3925,0.083413103343129791,0.03315855019721424,0.010553456160642266,0.010640624999999999,0.42869832148418974,0.055547238103441532,0.078361727509957124,0.078784921874999969
3926,0.096977021594286866,0.026433079153919681,0.014814227912477109,0.015902343749999995,-1.0525013282181916,0.30939080107204264,-0.28599734715094915,-0.27674906250000003
3927,0.041059963658388876,0.039346983362475316,0.00035972586214184769,-0.00086718750000000012,-0.1683334948516052,0.86057274715210608,-0.21607031082077938,-0.2227678125
3928,0.08272425249169435,0.037002713029762019,0.0096015232870057896,0.010617187499999998,-0.76329494278331467,0.56210663123479743,-0.27833433054380352,-0.27117808593750004
3929,0.077571162154384449,0.031691427350859738,0.0096347443087401886,0.0089765624999999967,-0.54798299419677965,0.451913104332136,-0.20997818069107227,-0.21442089843749998
3930,0.069666463424092467,0.047800461832156513,0.00459186033430655,0.0011953124999999987,-0.0065281733583588686,0.81838870436509625,-0.17323254432192556,-0.19109332031250001
3931,0.081178957688654685,0.032071419485462577,0.010312583022670341,0.010792968749999998,-0.10573160942430848,0.080082413992410006,-0.039020944917510882,-0.036608085937500021
3932,0.09491649648647757,0.047229326971931662,0.01001430559805464,0.010265624999999999,-0.41050772632333687,0.4497835959844072,-0.18066117768462625,-0.17882824218750001
3933,0.068775014739115403,0.038238610083256228,0.0064126449777304265,0.0043359374999999986,0.24567238806172276,0.068889266304347996,0.037124455569048698,0.026655351562499964
3934,0.10235891764283084,0.042585421717664981,0.01255243414428483,0.01130859375,-0.34131663657228362,0.57504438908013289,-0.19243581538700746,-0.20052574218750002
3935,0.092949727437916407,0.037316306066771568,0.011683018487940415,0.010464843749999998,-0.77631241671714113,0.54010867453480238,-0.27644842916290813,-0.28635609375000004
3936,0.072656250000000006,0.044035652234458766,0.00601032553076366,0.0059414062499999988,-0.69297265624999993,0.29903346213592585,-0.2083212848610444,-0.20887265625000004
3937,0.074557888387083354,0.033333238049069264,0.0086571765709829579,0.0089179687499999979,-0.093655660117635486,0.75736095938026204,-0.17871349009455847,-0.17786976562500001
3938,0.095004526311407184,0.030998353035080931,0.013441296388028512,0.01280859375,0.064555739268660983,0.20508026846090299,-0.02951015113037082,-0.033278203125000003
3939,0.071347304955287905,0.048714585213289099,0.0047528711458197492,0.0031640624999999976,0.36514428163543355,0.77115603474465466,-0.085262468152936435,-0.092871445312500023
3940,0.098832437824480257,0.027957004757315593,0.014883840944104578,0.013511718749999995,-0.17074048380149154,0.75934458669412086,-0.19531786480407859,-0.20288601562499997
3941,0.069799697729142351,0.043822431825745828,0.0054552258397132696,0.002273437499999999,-0.37469053107841832,0.0577844539332526,-0.090819746852450894,-0.10861476562500001
3942,0.087845755654750723,0.037837749818166011,0.010501681225682789,0.0081093749999999968,0.70817850632056711,0.54697541803720617,0.033852648539505793,0.024463007812499989
3943,0.081044721618972582,0.034598549976431497,0.0097536960449336272,0.0096328124999999973,0.72798137262707807,0.59384682723171189,0.028168254533026897,0.027464882812499987
3944,0.069323186733794784,0.042207693988336348,0.005694253476546271,0.0061054687499999981,-0.23053310686423711,0.072593693103197077,-0.063656627993161172,-0.061253906250000031
3945,0.081975327307350326,0.039781150374292237,0.0088607771559421986,0.0062578124999999978,-0.0074190326029438536,0.59009501014370846,-0.12547794897679698,-0.13949765624999999
3946,0.09725664374244164,0.038639736596392943,0.012309550500670226,0.011917968749999997,0.016029684171811276,0.48235476927613152,-0.097928267871907254,-0.10010542968750002
3947,0.071000157956679716,0.046281156817150795,0.0051909902393010732,0.0047226562499999994,-0.087451063103237026,0.59985300491552696,-0.14433385428394044,-0.14652410156250001
3948,0.071511601668132391,0.031015918765696371,0.0085040934095115643,0.0083203124999999978,0.38242940992072827,0.51329035006736934,-0.027480797430794623,-0.028628554687500002
3949,0.098618109404700838,0.038529069605802505,0.012618698357768649,0.010933593749999996,-0.018328183930241826,-0.10733042478527788,0.018690470579557569,0.0095335546874999542
3950,0.076334470500015295,0.028184684684684685,0.010111455021219427,0.0089179687499999979,-0.071875534891662429,0.25358675675675668,-0.068347081246168007,-0.075936093750000017
3951,0.062422604975796464,0.033313080240822773,0.0061130001943444749,0.0048749999999999991,-0.40559154310698586,0.47577179628561406,-0.18508630127244596,-0.19301566406250004
3952,0.073330073844286359,0.036799907418776201,0.007671334949357133,0.0056367187499999985,-0.0082405382492209966,0.57836040346219919,-0.12318619775939824,-0.134584453125
3953,0.076494069385064645,0.034472654200140784,0.0088244971888340098,0.009515624999999998,-0.21279865737211712,0.7707521644764187,-0.20654567258819251,-0.20217175781250002
3954,0.090592146240245919,0.047607671257406198,0.0090267397463963412,0.0082265624999999995,-0.2837946726143139,0.33891200221177031,-0.13076840171347767,-0.13623152343750006
3955,0.081246729493004155,0.052141600611144992,0.0061120770651904239,0.0062578124999999978,0.19414813990678736,0.54216301030956748,-0.073083122784583829,-0.072591328125000021
3956,0.088395147615113689,0.030507809745160722,0.012156340952690123,0.010570312499999996,-0.62452642868530517,0.19340584816077822,-0.17176577813767752,-0.18371707031250001
3957,0.092025163175980335,0.034228676258954108,0.012137262252575507,0.012433593749999998,0.23091493611433533,0.29158804452012099,-0.012741352765214988,-0.011369882812500039
3958,0.069152876647811168,0.05025944286178953,0.0039676210950645441,0.0045351562499999984,-0.42495460700286047,0.61948359030688382,-0.21933202143504629,-0.21549984375
3959,0.098822442853844394,0.0342680240732844,0.013556427943917598,0.013593749999999995,-0.008718412478514237,0.6217880840686032,-0.13240636427489466,-0.13213324218750006
3960,0.085137418316822616,0.040295431290950992,0.0094168172754330402,0.0094570312499999993,-0.092777924376862386,0.15149797825399636,-0.051297939552480333,-0.051212109375000023
3961,0.099785179307541966,0.040146706040509225,0.012524079386076876,0.011226562499999999,-0.72437910046254184,0.23144177150518441,-0.20072238311322249,-0.21081246093750003
3962,0.088624235309102739,0.025980747094819928,0.013155132524999389,0.010851562499999998,0.38357454166611593,0.35714264902149528,0.0055506974553703355,-0.0035806640625000163
3963,0.06943534228177059,0.031426105188067335,0.007981939789677683,0.0053554687499999983,0.24760946193408145,0.30844823067612637,-0.012776141435829431,-0.025044726562500019
3964,0.10597039935357495,0.033967216622567686,0.015120668373511526,0.014589843749999996,0.3315261846842642,0.26605425970829055,0.013749104244954466,0.011189882812499982
3965,0.10361172931872809,0.032838905957001965,0.014862292905962485,0.011695312499999997,0.024845329978538833,0.48195039221140878,-0.095992063068902692,-0.1087151953125
3966,0.079092537313432826,0.039306869833132446,0.0083549901708630803,0.0049921874999999984,-0.055081671641791008,0.51945851281970179,-0.12065343873691348,-0.13541460937500002
3967,0.078189845962357812,0.050035613980831423,0.0059123887161205415,0.0065742187499999967,0.0091554259326769305,1.0297396331130257,-0.21432268350787323,-0.21081281250000003
3968,0.09312461776653097,0.037670900347127639,0.0116452806580747,0.011109374999999998,-0.12289717383681664,0.32104647833126987,-0.093228166955298161,-0.096510468750000022
3969,0.10294009527739224,0.046784704958549098,0.011792631966957061,0.0094921874999999972,-0.62130375482951339,0.78851890801914937,-0.29606275919821917,-0.31314644531250002
3970,0.083462226431772174,0.040508584134339706,0.009020264882460818,0.0077109374999999973,0.28148992455783339,0.15256726121718711,0.027073759301535719,0.019313085937499971
3971,0.071481383879832855,0.036857199686362044,0.0072710786806288704,0.0053085937499999991,0.31859365282535879,0.33617122279289036,-0.0036912896931816297,-0.016391953125000018
3972,0.11543996149738327,0.05042694595131969,0.013652733264673351,0.012679687499999997,-0.35950472129851763,1.3036803225552476,-0.34926885920929068,-0.35513742187500003
3973,0.089054303896749065,0.050410139904763951,0.0081152744383168746,0.0083671874999999979,0.094592368993883347,0.1606150487146405,-0.013864762741359001,-0.01270898437500005
3974,0.083414861267687657,0.030575282462637257,0.011096311549060583,0.010535156249999997,0.035346329752794836,0.19775746423308704,-0.034106338240861366,-0.037115273437500026
3975,0.10026012532440884,0.031669740807746205,0.014403980748499152,0.011449218749999998,-0.098855598138680056,0.41553764170652108,-0.10802258036749224,-0.12723222656250005
3976,0.073207201009058614,0.034448002070144992,0.0081394317771718606,0.008343749999999997,0.29529521843825252,0.90532365187749297,-0.1281059710222405,-0.12758531249999999
3977,0.10428636570907432,0.042355223328486374,0.013005539899923467,0.012421874999999997,-0.38875512995896044,0.96266128427192243,-0.28379744698848541,-0.28787109375000008
3978,0.060223537146614076,0.040526432986939698,0.0041363918735316191,0.0026718749999999985,-0.24049037611371837,0.18024253564831383,-0.088353911470026761,-0.096347578125000014
3979,0.084558026347841514,0.05255868398978307,0.0067198618951922733,0.006175781249999999,0.26993616948159782,1.0261959293193836,-0.15881454956593502,-0.16117722656250003
3980,0.080463803034295844,0.034369905387090685,0.0096797185059130826,0.0077226562499999978,-0.55626911116967215,0.92436530422000174,-0.31093322723183153,-0.3252176953125
3981,0.089443710520765107,0.036692535156922335,0.011077746826406982,0.0123984375,0.22133608647224456,-0.014517503282418742,0.049529253848479289,0.055720078124999989
3982,0.067012414558400846,0.022829494968187022,0.0092784131139449031,0.010640624999999999,0.54141048186364782,0.14618555186123083,0.082997235300507566,0.088553085937499998
3983,0.079195884841135905,0.042541901675495319,0.0076973364647845224,0.0079687499999999967,-0.0058685062849409553,0.63926716199911104,-0.13547849033965093,-0.13435980468750003
3984,0.092326456239346377,0.04802133026254532,0.0093040764551282212,0.009632812499999999,0.23950427614177394,0.41760815447967281,-0.037401814450958762,-0.036275156250000044
3985,0.10975204786942859,0.041350291886404003,0.014364368756435163,0.012679687499999998,0.036840675622730523,0.68481319270142982,-0.13607422858652685,-0.14406339843750002
3986,0.078736089281949528,0.038904086409656202,0.0083647206031815975,0.0066445312499999985,-0.26095320823074775,0.85038332158267282,-0.23338067126081832,-0.24192164062500002
3987,0.075186366855254427,0.035878831004542575,0.0082545825286494887,0.0079218749999999966,-0.34282988265931602,0.54628570453107927,-0.186714273309983,-0.18889265625000004
3988,0.10144534715829666,0.038166340316130809,0.013288591436854827,0.012058593749999997,0.73518307861758037,0.36430983677065942,0.077883380787853396,0.072672539062499958
3989,0.12112534260762337,0.039438754556732111,0.017154183490687161,0.015246093749999997,0.28251104292409879,-0.15112947963989276,0.091064509738438215,0.07745484374999996
3990,0.084492271023307169,0.039006509636017955,0.0095520098913307351,0.006691406249999996,0.46429971965334171,0.2309875142359884,0.048995563137644194,0.035429296874999988
3991,0.07260271003232191,0.03959399746248414,0.0069318296396659318,0.004910156249999997,-0.15406850466524402,0.53329974723632345,-0.14434733289932916,-0.15397781249999998
3992,0.098666172791086998,0.047021170685813948,0.01084545044210734,0.0096562499999999982,0.91811386737261813,0.348165059681672,0.11968924961509868,0.11473792968749998
3993,0.079328842072470263,0.034014049163927376,0.0095161065107940059,0.009011718749999998,-0.38710019178722332,0.81105959762240776,-0.25161355577602251,-0.25440117187499994
3994,0.088109102978004394,0.033552122962060935,0.011456965803348125,0.0097382812499999978,0.8455631355037263,0.3755347600986414,0.098705958835067831,0.090663164062499954
3995,0.089476751217688638,0.024401786914651211,0.013665742503637859,0.013699218749999997,-0.51380303680003525,0.20384682740986482,-0.15070647148407901,-0.15074015625000003
3996,0.10922457902553991,0.048298191148608283,0.01279454145415564,0.011589843749999997,0.047330675120654586,0.55128534396007811,-0.10583048045627894,-0.11161464843750001
3997,0.094529729729729756,0.035603749997417986,0.012374455743785472,0.013910156249999998,0.37835530501930525,0.34100806875043621,0.0078429196164624994,0.014960624999999981
3998,0.07642094277607922,0.037436241610738261,0.0081867872447216015,0.0091171874999999986,0.01977890415449135,1.1398768456375841,-0.23522056771144947,-0.22890246093750005
3999,0.070768136557610245,0.051595209206739337,0.0040263147436828909,0.0012187499999999985,-0.46650681782260717,0.80535027259579928,-0.26708998898786535,-0.28468886718749997
4000,0.071782106468397194,0.033315066275258168,0.0080780784405591957,0.0065273437499999976,-0.066860986709567083,0.75617814096670499,-0.17283821681201714,-0.18133792968750001
4001,0.082540126018386895,0.026174613663668495,0.011836757594490864,0.011402343749999998,-0.076361070708896861,-0.12147144727520431,0.0094731790789245648,0.0060069140624999622
4002,0.093834827917711666,0.035648835777580906,0.012219058349427459,0.013078124999999996,0.49853612764847455,0.90363688282404075,-0.085071158586868895,-0.081550546875000032
4003,0.091894318852118545,0.048612873208467633,0.0090891035851666906,0.0080273437499999972,-0.1284573002754823,0.43198673359271911,-0.11769324711232229,-0.12406007812500003
4004,0.10718447482373211,0.020420531553614674,0.018220428086724662,0.016816406249999995,0.55046729692353025,-0.44621537378328724,0.20930336084843165,0.20087929687499997
4005,0.091451943993382162,0.041598184848844866,0.010469289420352832,0.010921874999999999,-0.58925307147890549,0.62227438612257169,-0.2544207660963102,-0.25208578125000003
4006,0.076723742392311334,0.029578636213707307,0.009900472297506846,0.0084023437499999992,-0.44393429530503403,0.015387014249573672,-0.096457475006467619,-0.10681804687500002
4007,0.089514617671356461,0.043067238262262775,0.0097539496759096733,0.0080976562499999981,0.13599177381523353,0.38008292015343603,-0.051259140731022522,-0.059219648437500008
4008,0.086677164895444692,0.024441446151844057,0.013069500936156133,0.012257812499999998,-0.032152869428178299,0.5084378044467226,-0.11352404151372919,-0.11770828124999999
4009,0.097413226325693159,0.03956338534797281,0.012148466605321272,0.010757812499999997,-0.47964370083202967,0.80732612629018652,-0.27026366369566535,-0.27845824218749998
4010,0.083882625482625484,0.032065594194068167,0.010881576570597035,0.012433593749999996,0.1761079227799226,0.42155640222975777,-0.051544180684465382,-0.043402851562500011
4011,0.095325373134328345,0.037349434541054299,0.012174947104587549,0.0088710937499999979,0.6952947462686565,0.01883448217647743,0.14205665545935761,0.12741796874999997
4012,0.086094293180905668,0.037194893083029409,0.010268874020554014,0.010687499999999996,-0.19988563331055775,-0.057434636952880425,-0.029914709235112236,-0.027495117187500036
4013,0.079307000529007243,0.050188714618705471,0.006114840041163372,0.0064687499999999988,0.23547779639099498,0.71343150363368313,-0.10037027852096451,-0.098774531249999992
4014,0.10590674422793944,0.037050755731897894,0.014459757584168724,0.012339843749999998,0.3014717705617016,0.58111330974219877,-0.058724723227904403,-0.070602890625000039
4015,0.092812597561811372,0.028473779541141983,0.013511151784340571,0.013160156249999994,-0.40156793347902586,0.31261482232189064,-0.14997837871819247,-0.15227929687500003
4016,0.074813715712745171,0.033302103767917896,0.008717438508413727,0.0062695312499999982,0.07381328958546729,0.34980391389954557,-0.057958031105956438,-0.072363749999999991
4017,0.076715914288975173,0.056590090090090098,0.0042264230817658658,0.0029765624999999979,-0.54833657207365272,0.15369319819819827,-0.14742625175708871,-0.15449062499999999
4018,0.075272861418963499,0.039206544814596123,0.0075739264869171489,0.0052851562500000008,-0.28585424279529292,0.23391584145295252,-0.10915171769213154,-0.122570625
4019,0.060054512416717137,0.03599575500566092,0.0050523390563218052,0.0039374999999999983,-0.5450594185342218,0.11853615476495871,-0.13935507039282791,-0.1469026171875
4020,0.097077922077922082,0.04352526644205397,0.011246057683532304,0.0091640624999999969,-0.31436363636363651,0.26536137152445782,-0.12174225165649981,-0.13757343750000001
4021,0.098764179104477601,0.034612573901274729,0.013471837092672603,0.010207031249999998,-0.3189017313432837,0.35416022715297046,-0.14134301128421337,-0.16169789062500001
4022,0.074724324324324326,0.039593212292307042,0.0073775335267236295,0.008964843749999998,-0.50866267181467151,0.64590753777305265,-0.24245974401342207,-0.23292175781250002
4023,0.088857920011766289,0.036875151065468251,0.010916381478722587,0.010265624999999999,0.5681833188027442,0.50356411077946961,0.013570033684887663,0.0101445703125
4024,0.074204887225426203,0.0304332318550328,0.0091920476277826142,0.0076523437499999968,-0.11481161446262078,0.35937000598138036,-0.099578140293240233,-0.1076973046875
4025,0.066575393276587375,0.035001938047094547,0.0066304255981934936,0.0067265624999999973,-0.085831119989269622,0.72983906133919063,-0.17129073807897666,-0.17087660156250004
4026,0.091208209349910835,0.052744938646453562,0.0080772868477260278,0.0081679687499999973,-0.21117509244715216,0.64713653990403064,-0.18024544279374838,-0.17966894531249999
4027,0.097229241844281722,0.040165118679050565,0.011983465864698542,0.011601562499999996,-0.37554962118398127,0.65368226448474143,-0.21613869599043173,-0.21860003906250003
4028,0.095163566925061782,0.036350514317286503,0.012350741047632808,0.01125,0.50102460070547417,0.03423494867409127,0.098025826926590398,0.092222578124999968
4029,0.077590691669998407,0.029198650233499449,0.010162328701664782,0.008121093749999999,-0.14369615219726495,0.4013859126942122,-0.1144672336272102,-0.12753796875000004
4030,0.064478043424889164,0.031458330346518334,0.0069341397464578744,0.0074882812499999958,-0.14906751335361779,-0.24589616098693923,0.020334016002997501,0.02328199218750001
4031,0.081426516926162373,0.044715501864473081,0.007709313162954751,0.0078046874999999983,0.19460368334264699,1.0533951713915537,-0.18034621249027041,-0.1800214453125
4032,0.081815375115776495,0.043184364327206376,0.008112512265599725,0.0063046874999999969,-0.17318501080580428,0.16481812280515007,-0.070980658058300408,-0.082126171875000015
4033,0.069418488499624398,0.02782525531340696,0.0087345789691056618,0.0071953124999999986,0.14751190331994091,0.52070484018351282,-0.078370516741350094,-0.087614179687500016
4034,0.094589431611120905,0.02910397914667183,0.013751945017534305,0.014097656249999996,-0.078135616881208625,0.51245374893562445,-0.12402376682153494,-0.12165890625000003
4035,0.07788369884723742,0.031248091970244765,0.0097934774441684573,0.0084140624999999997,-1.1141367318558701,-0.24430380091918869,-0.18266491549670311,-0.19579324218750005
4036,0.07911064785148178,0.050981054745539794,0.005907214552247817,0.0065273437499999976,-0.09537935227428529,0.49111622507502428,-0.123164071243355,-0.12069550781250001
4037,0.08972132867258914,0.030910357471205324,0.012350303952290601,0.0099960937499999972,0.10147244829662139,0.10388235256222145,-0.0005060798957760126,-0.010723476562500008
4038,0.082383476781057563,0.032386036054112222,0.010499462552658521,0.0072070312499999982,0.032189302023775901,0.44931343335693491,-0.087596067579963383,-0.10544437500000001
4039,0.094720296870277804,0.047738902403459321,0.0098660928380318817,0.011777343749999995,0.35249993806945146,0.58847292902059123,-0.04955432809973935,-0.042084257812499991
4040,0.067484118963782147,0.044496037323814602,0.0048274971443931841,0.0029062499999999991,-0.15896613602792797,0.58462254369596411,-0.15615362274201733,-0.16875703125000005
4041,0.097801148589913511,0.034465193557052326,0.013300550556900848,0.0091289062499999955,0.042616070283442387,0.63975877747157106,-0.12539996850950702,-0.15114058593750002
4042,0.075394436844505253,0.020951571766908678,0.011433001666295281,0.010816406249999995,-0.21391181030551765,0.60766583626135173,-0.17253130577904258,-0.17606484375000001
4043,0.052128227618279704,0.030688424065077421,0.0045023587461724794,0.0044882812499999966,-0.053029116912464591,0.64221602841090264,-0.14600148051790712,-0.146182265625
4044,0.079072848690672909,0.023968935081363926,0.011571821857954885,0.011238281249999997,0.85327713265360516,0.23622128543499499,0.12958172791590813,0.12829968749999998
4045,0.096271102499637329,0.03633324360892437,0.01258695036704972,0.013746093749999997,0.56497450283060602,0.21466041919482337,0.073565957563514348,0.078392812499999978
4046,0.083158851134615852,0.034373197932834415,0.010244987172374102,0.011144531249999999,0.34359508531902877,0.46893030327897145,-0.02632039577158796,-0.022991484375000013
4047,0.064874218734788464,0.027168181581452053,0.0079182678022006459,0.0074179687499999992,0.32795050526684699,0.46316863968804267,-0.028395808228451093,-0.031044960937500029
4048,0.082204163852509615,0.052472972972972973,0.006243550084702695,0.0050507812500000006,0.09718567745173734,-0.24936896396396391,0.072776474697297255,0.066705703124999974
4049,0.069360744509207983,0.03409351080783822,0.0074061190772876503,0.0072773437499999974,0.0583659728761875,0.25005857332046422,-0.040255446093298113,-0.040956328125000024
4050,0.069721483761901737,0.048053249638410664,0.0045503291659331254,0.0046406249999999989,0.023222602477091847,0.188714007055927,-0.034753194961555378,-0.034322695312500012
4051,0.087656462729715584,0.03222423070267226,0.011640768725679098,0.011953124999999995,0.16846324015213954,0.59762889243959549,-0.090124786980365745,-0.089043867187500042
4052,0.079561069071626245,0.033388108110300616,0.0096963218018783822,0.0082851562499999983,-0.6193717704321573,1.2758746114486437,-0.3980017401949682,-0.40865320312499998
4053,0.085469269603462211,0.032860584566612547,0.011047823857738429,0.0076874999999999982,0.64826425074485816,0.46629485883235133,0.038213572301626433,0.020926406249999977
4054,0.077360741213098771,0.042597548045782349,0.0073002705651364483,0.0048281249999999973,0.087116305937957161,0.6323649000727336,-0.11450220476830304,-0.12534703125000002
4055,0.080769882034204432,0.039276448024134034,0.008713621142114783,0.0070664062499999989,0.37879451410606263,0.81269630555826222,-0.09111937620496191,-0.098331562499999997
4056,0.081613581024190057,0.035257217208217437,0.0097348364013542504,0.0088242187499999961,0.32646119653192351,0.29334993906021101,0.0069533640690596261,0.0018523828124999754
4057,0.06690612385452735,0.049240116414930007,0.0037098615623154417,0.00049218749999999979,-0.15239233992079737,1.0683194527648545,-0.25634947646398687,-0.27215484375000004
4058,0.071515803021660607,0.033408451928319358,0.0080025437296016612,0.0077109374999999973,-0.20621674491392783,0.48521113875946009,-0.14519985557141146,-0.14714003906250001
4059,0.075596566373280161,0.031661384901798567,0.0092263881090111338,0.010066406249999998,-0.059879963167689287,0.36408823258891809,-0.08903332110888755,-0.084673945312500012
4060,0.086324875981747651,0.03150847101757108,0.01151144504247708,0.011332031249999996,0.12477692571346322,0.49297631601559799,-0.077321871963448294,-0.078264609375000002
4061,0.066688577136323868,0.031285814474606988,0.0074345801589605449,0.0064335937499999975,0.13756098574071074,0.38702803218339887,-0.052388079752964507,-0.057125273437500013
4062,0.092954497798280578,0.054833402457891617,0.0080054300214816819,0.0051914062499999981,-0.58687514603241198,0.9655410862736169,-0.32600740878426604,-0.34568894531250005
4063,0.074458412969153343,0.038536455637973657,0.0075436110395477336,0.0071953124999999977,-0.12745315129409795,0.49728737206026119,-0.13119550990441542,-0.13310953125000002
4064,0.086927435244849194,0.028909564319543904,0.01218375289431411,0.012058593749999997,-0.10541497017002943,0.27061981773697563,-0.078967305460471066,-0.079840429687500047
4065,0.082347352489532594,0.037656502105353012,0.0093850785806777123,0.010078124999999999,-0.45238054993979171,0.8711832097922354,-0.27794838954372569,-0.27410671875000003
4066,0.083614877217615152,0.047829728739321939,0.0075148811804415742,0.0072304687499999999,0.054796045222529455,0.12914469453845578,-0.015613216356344529,-0.017370234375000029
4067,0.081475484441865004,0.044710693531231693,0.0077206060912329948,0.0074882812499999958,0.086531548351521437,0.27886809072841978,-0.040390673899148653,-0.041644570312500039
4068,0.079877417899270303,0.041074707417023598,0.0081485692012718079,0.0081328124999999977,-0.078805087071697644,0.72239639240595799,-0.16825231069030769,-0.16844273437500004
4069,0.079562660144421149,0.041825467259816007,0.0079248105057670801,0.0069257812499999979,0.28887957139529452,0.26324039566417778,0.0053842269035345143,0.0010221093749999887
4070,0.07048702625118855,0.027267128663825371,0.0090761784933462673,0.007230468749999999,-0.10000271152615547,-0.15872523625572965,0.012331730193210577,0.00023554687499996341
4071,0.087858642945493615,0.03972362446769509,0.01010835388033769,0.0083554687499999974,-0.094974017642486808,0.67406139485039041,-0.16149743662350421,-0.17135191406249997
4072,0.07324508750868769,0.029708591179123015,0.0091426642292085809,0.0083789062499999983,-0.22599932685624857,0.87667741086199846,-0.2315621149208319,-0.23597367187500001
4073,0.088644543644690738,0.034369485549810841,0.011397762199924779,0.007476562499999998,-0.095506086193661521,0.13663704565021551,-0.048750057687214174,-0.069499687500000018
4074,0.090801553311135152,0.04274969927486573,0.010090889347616578,0.0079804687499999988,-0.1362052782253651,0.24252724314747343,-0.079533829488296084,-0.093112968750000025
4075,0.073646242573203541,0.041161247805811901,0.0068218489011522441,0.005437499999999997,-0.021982398250469437,0.58615186544930675,-0.12770819537695299,-0.1352014453125
4076,0.088891556322442694,0.031208951659302833,0.01211334697925937,0.0095624999999999998,0.70677479275291644,0.37589603891427936,0.069484538306113786,0.059800429687499976
4077,0.077956772511158262,0.040832772429639425,0.0077960400171189553,0.0056601562499999994,0.1904460956030033,0.012819470442535286,0.037301591283698282,0.025864804687499986
4078,0.089731762538854148,0.045594438907588825,0.0092688379625657184,0.0099843749999999967,0.094796392800951701,0.89649828879820981,-0.16835739815942422,-0.16572914062499999
4079,0.07237274533087848,0.03302187046779799,0.0082636837212469033,0.0069960937499999988,0.53803099795550036,-0.076291777775687741,0.1290077829035495,0.12276316406249997
4080,0.089387653313382748,0.028039944502492239,0.012883018850287007,0.011542968749999995,0.11207848738352721,0.13552818418753765,-0.0049244363288421912,-0.012313710937500026
4081,0.1081729175515305,0.032963963963963949,0.015793880253388973,0.014660156249999995,0.58036350382155222,0.60844626126126111,-0.0058973790623388679,-0.011761289062500029
4082,0.070724789704315449,0.037126440754780748,0.0070556532794022872,0.0048749999999999991,0.053481060832750171,0.0063665348843564562,0.009894050449162679,-0.0034829296875000183
4083,0.051741418688152935,0.047443128717661154,0.00090264089380327392,0.00089062499999999819,-0.13321760002002725,0.39484446884272073,-0.11089303446117707,-0.11108601562500002
4084,0.075740730103671994,0.042859072905914022,0.0069051480115291742,0.0047109374999999972,0.052733117626944881,0.37991800713879198,-0.068708826797487882,-0.079826484375000034
4085,0.096840948557632534,0.03071022077327841,0.013887452834714365,0.015222656249999997,-0.29404351859364353,0.81149897763669632,-0.23216392420837134,-0.22468992187500003
4086,0.069904240766073877,0.03571649561276341,0.0071794264821951979,0.0065742187499999959,-0.057844322845416851,-0.13988053549762125,0.017227604656962922,0.012930351562499966
4087,0.069241185099420594,0.027007209884904904,0.0088691347950482953,0.0094218749999999997,-0.012315140974630934,0.22014008889856473,-0.048815598273371091,-0.046684921875000007
4088,0.080425606503192776,0.030144144144144139,0.010559107095400214,0.0093515624999999988,-1.3536760888328094,0.70511243243243249,-0.43234558946570079,-0.44366953125000008
4089,0.083583655809247953,0.023903042838732499,0.012532928723808245,0.014074218749999999,-0.53748609076377274,0.5398136929975681,-0.22623295458988155,-0.21501937500000004
4090,0.085909666900235104,0.047475830084525744,0.0080711057312989661,0.0091757812499999973,-0.81074814756434133,0.5935497092018831,-0.29490254992090709,-0.28819312500000005
4091,0.082628420556155546,0.044665870752827283,0.0079721354586989347,0.0091171874999999986,-1.0600625524143545,0.52261746479137805,-0.33236280361320386,-0.32255730468750005
4092,0.09143604260392188,0.051592702955687159,0.008367101326129292,0.0089296874999999984,-0.39754241258689782,0.59490903051760746,-0.2084148030519461,-0.20522648437500002
4093,0.064072033219310986,0.030623412155559901,0.007024210423387728,0.0086132812499999985,-0.85202436428609141,0.13917482900136813,-0.20815183059036649,-0.19632164062500002
4094,0.08482131508898838,0.038910322426266811,0.0096413084591715301,0.0083906249999999988,-0.019266195306003153,0.75440193334906047,-0.16247030701756335,-0.16937578125000002
4095,0.092046546100762766,0.026638111780014948,0.013735771207357042,0.013066406249999996,0.3160184170278042,-0.0029401696430078061,0.066981303200870521,0.06346746093749997
