replicate,selected,train_draw_sha256,validation_draw_sha256,evaluation_draw_sha256,logistic_validation,boosting_validation,conditional_visit_top,conditional_visit_bottom,conditional_visit_gain,conditional_visit_ipw_gain,conditional_spend_top,conditional_spend_bottom,conditional_spend_gain,conditional_spend_ipw_gain,fixed_refit_visit_top,fixed_refit_visit_bottom,fixed_refit_visit_gain,fixed_refit_visit_ipw_gain,fixed_refit_spend_top,fixed_refit_spend_bottom,fixed_refit_spend_gain,fixed_refit_spend_ipw_gain,reselect_refit_visit_top,reselect_refit_visit_bottom,reselect_refit_visit_gain,reselect_refit_visit_ipw_gain,reselect_refit_spend_top,reselect_refit_spend_bottom,reselect_refit_spend_gain,reselect_refit_spend_ipw_gain,fixed_refit_original_visit_top,fixed_refit_original_visit_bottom,fixed_refit_original_visit_gain,fixed_refit_original_visit_ipw_gain,fixed_refit_original_spend_top,fixed_refit_original_spend_bottom,fixed_refit_original_spend_gain,fixed_refit_original_spend_ipw_gain,reselect_refit_original_visit_top,reselect_refit_original_visit_bottom,reselect_refit_original_visit_gain,reselect_refit_original_visit_ipw_gain,reselect_refit_original_spend_top,reselect_refit_original_spend_bottom,reselect_refit_original_spend_gain,reselect_refit_original_spend_ipw_gain,fixed_refit_jaccard,fixed_refit_scores_sha256,reselect_refit_jaccard,reselect_refit_scores_sha256
0,Gradient-boosted T-learner,78b501c89af265ea5ce2aeecbf4d92471f2ff431718c2d48655607bc359daec5,ae2a5dda0bd3a433b370e3a9e819a38c592a7a064ac4cefc1a0ec645918570d3,967fe31388c1fdfbf58ce8d5aa5bcbc08e7a506501112466422f19bf5c24f136,0.035873015383719356,0.04502521934084798,0.071158685081353118,0.045362206927019075,0.0054172604124101487,0.0026835937499999985,0.26329133303307428,0.48782147386774399,-0.047151329575280634,-0.060040078125,0.057505678517358272,0.050288288288288296,0.0015156519481046948,0.000339843749999999,0.20145646137018858,0.51619189189189174,-0.066094440409557656,-0.072248671875000003,0.055963988854850794,0.050714715322394799,0.0011023474418157589,0.000457031249999999,0.20647488618887011,0.51273914998622849,-0.064315495397445258,-0.067584609375000021,0.077186871305232579,0.040149638683620953,0.0077778188505384415,0.0069843749999999975,0.12608650597172755,0.35686363053266679,-0.048463196157797241,-0.053120507812500009,0.062278874125324318,0.04599853920665592,0.0034188703329203637,0.0041718749999999968,0.20375707602798965,0.32504808570659105,-0.025471112032506293,-0.021583007812500003,0.66522116218560279,e9a775fd4cde25064cb1e23fd1144130ffc7c8ec181732f5aefeaadcf1cbd6e6,0.4001823154056518,73aea120ba1c2e1753bb2c25e8c85dcaff8b711bf793dfdfeec49941f59205fe
1,Gradient-boosted T-learner,d3d6689c9ace8995db9aca88b4e7ea9c3ef95923bbfbe16708d99d140a059fde,e4ee76b5ab03fb71aab81769f69c0df35d4f3b69d62ad788d43f32896f519f51,74f1a666f411022ddc2a2a831446a475df4959332a0fb4bac4a0b3cbc4a3c243,0.010717019886706397,0.019008267550979993,0.093526789178963093,0.029374301075969445,0.013472022501628666,0.013031249999999996,0.30086004216439005,0.71212946325555415,-0.086366578429144455,-0.088227656250000022,0.068905951324608,0.039811734285013098,0.0061097855783149293,0.0058828124999999974,0.26838505458248735,0.72765796606295274,-0.096447311410897726,-0.097610859375000011,0.059888133941753768,0.043240534796203753,0.0034959958205655031,0.0052968749999999978,-0.12718083029309052,0.90541739604733085,-0.21684562753148848,-0.209771015625,0.063602371181030543,0.045930891251935613,0.0037110107851099352,0.0031171874999999976,-0.056049521203830333,0.43675202304865102,-0.10348832429302109,-0.10732792968750003,0.065394578884185234,0.045100714954771887,0.0042617114251768031,0.0035859374999999975,-0.079514534558762784,0.44296953232700742,-0.10972165404601174,-0.11334082031250001,0.56383628588882106,74f84591795c7397f297e2d5822d7ddc3fe1f400a45ae88b365e5e31a9e64da5,0.41358365543898401,30a68e643e969f82885e0b099e6ecfa2e78c2ab608ad71dcbff8e1a54ce8cd76
2,Gradient-boosted T-learner,9febed779963f68731202deb3c38130a1a583bb456898e15d08c832e06723269,ea9e4b1d908fc6b29d97d05e021cef9fa6fe19e627b8dcff54eb0a5f5fb627a6,7f180b896f2172fc291891d5555702db3605a0dde6dc51f711aec9f45f14ec9c,0.0096797526151670837,0.017268278178478064,0.085412625639217088,0.041490545442707666,0.0092236368412669783,0.0096093749999999981,-0.69520844354317313,0.63883873146437287,-0.28014990675158463,-0.27755976562500001,0.068504778548397011,0.049408705099201769,0.0040101754243310004,0.0026953124999999989,-0.84080987418440389,0.71169369394335313,-0.32602574930682898,-0.33581015624999999,0.056108967774226109,0.053551324560854721,0.00053710507480799158,0.0032812499999999994,-0.063896923455206034,0.37470196789912358,-0.092105767184409215,-0.077358984375000009,0.0698869041072048,0.043405171381434807,0.0055611638724116985,0.0041718749999999985,-0.0058171441141670055,0.41570888331917411,-0.088520465761001629,-0.097343554687500014,0.070041720154043641,0.042395623827984563,0.0058056802284724065,0.0088593749999999957,-0.0091888639281131335,0.41369702976069023,-0.088806037674648702,-0.06962050781250001,0.61141418380193036,56f444606ce25247a8209702b0df408ec1b4a25c452f52f5b4ed54a76f0adb46,0.41254368217767151,4a84fcefda51dfa34c3f8ca272613bc36c6f8eb97ac715847dd98511abc102df
3,Gradient-boosted T-learner,8f256d744ca3c387a213bd8e94711bc990c3d213b7757d9c088cede3b4b0db0e,a41ef2bd70afb66f6733e4e20d9785dccd98ecf5e8e50113244d3315ba68f7c2,91667f92657e1999181421b22305fc4ef4412e08afc77e98d7b38716b6313749,0.029468613694214579,0.030963836342055129,0.069791067871307372,0.022343513045566754,0.0099639865134055292,0.008003906249999998,-0.52931364042270901,0.47755895085588485,-0.21144324416850471,-0.223804453125,0.060051799171680742,0.02672430884159506,0.0069987729693179934,0.0042539062499999981,-0.35687637150488188,0.39037465904903956,-0.15692271641632352,-0.17032007812500002,0.068962188428421889,0.022646427361920574,0.0097263098239652752,0.0075351562499999993,-0.59959793684528351,0.50539228225136512,-0.23204794601029621,-0.245310703125,0.072047419873506824,0.042269667107132508,0.0062533280809386063,0.0058124999999999974,-0.032444539401061179,0.42481220359273641,-0.09602391602869749,-0.098590429687499995,0.083835710553308435,0.037557706323255904,0.0097183808883110311,0.008390624999999997,-0.15042281937643953,0.47742023363247921,-0.13184704113187293,-0.13999746093750001,0.70175049855971638,598884502ee0fbc33de57c5e488d5d541e1973b99c9bae60719114e16b7a84b9,0.49416342412451364,5566a4c7e1e26c3bceca7b102d71c4665c6d3398610c611119206b50f407df58
4,Logistic T-learner,8569668da29f98789eab576dfdc7436cf3a9445d78ee300fe68f8240f328a337,853690f634434394efc525d75f99cc8bff5354e9f861b66781ab0e196c74e43e,e11069dd9f0600a3f6e7e242e14d56b5565354ae801f1ca5e106a3541983ae59,0.026484632992255702,0.023734691383864956,0.08430304991204679,0.042290762554765216,0.0088225803450291303,0.010886718749999998,0.0027833747996415248,0.391452047039345,-0.081620421170337729,-0.069092695312499994,0.064002527478986659,0.051872104712197942,0.0025473887810256307,0.0029179687499999996,-0.13260330335625681,0.45071066360163103,-0.12249593306115644,-0.12016183593749999,0.064002527478986659,0.051872104712197942,0.0025473887810256307,0.0029179687499999996,-0.13260330335625681,0.45071066360163103,-0.12249593306115644,-0.12016183593749999,0.070234666906524107,0.043431702625947699,0.0056286224989210458,0.0040546874999999975,-0.026048572943778603,0.42423728614782819,-0.094560030409237425,-0.10425175781250004,0.070234666906524107,0.043431702625947699,0.0056286224989210458,0.0040546874999999975,-0.026048572943778603,0.42423728614782819,-0.094560030409237425,-0.10425175781250004,0.71313852331028327,fa915a429f99aae8674a0a6e365c7997df538cf92a0ff8031e7d8449805afce0,0.71313852331028327,fa915a429f99aae8674a0a6e365c7997df538cf92a0ff8031e7d8449805afce0
5,Gradient-boosted T-learner,043cb31dfe1ef4f5ffd96668cfe326abfd6576c22d3f5d5c5e31f2b746191853,712c4508a1b6b8411828b16a1ee2d00969166015bfd3b22e6bbe79462cf9612f,6e2b90ffb03f046cd52368782941024604ddedfab91ded0965850d935b2a55a9,0.0050690340877589113,0.012254533740036627,0.048160513249358161,0.047391083547774646,0.00016158023733253826,0.00026953124999999964,-0.21899355352402172,0.58599513334840692,-0.16904762424321002,-0.16870359375000002,0.057583739225776975,0.043469001138180599,0.0029640949983952389,0.002730468749999999,-0.15061916442294176,0.55667677422237616,-0.14853214711551677,-0.14978132812499997,0.056233094700501668,0.04359101749473844,0.0026548362132102778,0.0039023437499999987,0.050485840005548344,0.46273573444310573,-0.086572477831887054,-0.077899687500000023,0.072274551819378099,0.042103273392905149,0.0063359684695593194,0.0058124999999999974,-0.013496038457058823,0.41670043541546975,-0.090341259513230993,-0.093505664062499994,0.065475379193520117,0.04501720315532852,0.0042962169680202354,0.0038203124999999982,0.012390866255184152,0.40715084836520155,-0.082899596243103654,-0.086064257812500031,0.49271137026239065,d767d919276c7fcfd4d8996b5741430caf190da7a5a3f55b345c1fd5550423e0,0.37167351312734415,75d4dcb26467e4c33c9edc08d1cd2b34030a9df903a12b0b8bdd7c83743167ba
6,Gradient-boosted T-learner,c789299a29f7fafac1d81d6d14e92864ae9889894e11570103e233b0c662927d,37f39c177421214d5f4ef6d893da560a8035668ff2fc5f0ffac900974c592d4d,4e1d5239c2f892ee01e22a21a7856d5569311d08206ae8ace03da942f04764d7,0.025782853558298555,0.03307285446194505,0.10720743012781082,0.023827514577358183,0.017509782265595054,0.015761718749999997,-0.062210665558352307,0.53518905878879952,-0.12545394211290187,-0.13493179687500001,0.10046119476317281,0.026596350714910177,0.015511617250135152,0.013886718749999995,-0.53293097098825259,0.74068743619391408,-0.26745986550825496,-0.277312265625,0.078089396213781997,0.036653919288597334,0.0087014501542887791,0.0062695312499999982,0.63193502809605584,0.22630405677649179,0.085182503977108442,0.075004921875000005,0.078316640914506991,0.039497830855449736,0.0081519501124020233,0.0079218749999999966,-0.0173008302366221,0.41872423179545371,-0.091565263026735913,-0.092992382812500024,0.070744199859592349,0.0430900900900901,0.0058073630515954721,0.0046406249999999972,0.29555851393132609,0.27937545045045031,0.003398443330983914,-0.0021884765625000214,0.77326252597552525,b6c0401cc61056ebb4c80c89964ea93ab03035616919565193e3a9ce1bdf401e,0.44796380090497739,b159613cef7011605ce4dc554f575b2e2673638aababbf3d3b02f73baed7496d
7,Gradient-boosted T-learner,78656cded3423d28ca8ae8c99c6fc8a51d302ee40aba20dfb142592a3ffcc5ba,df5a339e907fb6647d5fb980555fe1bdbd84862026d44f13667a2952f6e1c11a,ab68ef8c7fc057276c10eecea06d69cfba2e94897c5687d9197f2245230745a6,0.0067699130231598098,0.013494770841866788,0.069356678052330228,0.043297620473325887,0.0054724020915909114,0.0050273437499999971,-0.050618824966651044,0.24898894214274003,-0.062917631092972118,-0.065265468750000014,0.053004137576541516,0.050752454638839262,0.00047285341691747333,-0.00059765625000000151,-0.11003486571969956,0.27346663769504276,-0.080535315717095879,-0.085800234375000006,0.062214358317961072,0.047000199353804686,0.0031949733824728405,0.0012773437499999985,-0.1984284756992809,0.31361640106102284,-0.10752942411966378,-0.11827523437499998,0.070949614321502819,0.042750201253521941,0.0059218767442759841,0.0055781249999999963,0.1412311253588372,0.35125937985164735,-0.044105933443490133,-0.046215820312500037,0.076374330305147925,0.040527589742435727,0.0075278155181695613,0.0066328124999999981,-0.066585575355229576,0.43748558593656606,-0.10585494387127709,-0.11065722656250002,0.70175049855971638,d92ff9ed6598a5d007b24353234f0735a91fea893f117f8d0e40748224c4341d,0.42274916635791032,33f329d953f5401dc39b77842fc8d456e21f78dc5af253f0109fdbb8202c82f6
8,Logistic T-learner,b45d01ea945af23a709fe7179a5223b55b18bb4ffc60c856d574fcf5a28a2c9f,f80d8056163b67017ecadb45f2b64f7e4db789911104d8af146793336f17f4e6,0fb80fb212a24d3c294708d1193276d6391d46739998f8a49f25815aef5e1492,0.04261751273623747,0.023658533619337785,0.067089588828719238,0.036446170856859236,0.0064351177740906004,0.0059765624999999992,0.20121421208377743,-0.12381778060486792,0.068256718464615521,0.065606249999999977,0.073002828293604272,0.033813734406859169,0.0082297097162164715,0.0072656249999999978,0.24536899351298802,-0.14435937003263688,0.081842956344581233,0.075759374999999962,0.073002828293604272,0.033813734406859169,0.0082297097162164715,0.0072656249999999978,0.24536899351298802,-0.14435937003263688,0.081842956344581233,0.075759374999999962,0.078072488039950871,0.039573539182447437,0.0080847792600757216,0.0075703124999999972,0.065758021238723763,0.38199243035195563,-0.066409225913778694,-0.069424804687500008,0.078072488039950871,0.039573539182447437,0.0080847792600757216,0.0075703124999999972,0.065758021238723763,0.38199243035195563,-0.066409225913778694,-0.069424804687500008,0.5903913853799958,5a2b15e482b9a157a0bdcdca1d65ff3dd9be6213a2549cf4ab72f41a3a2f68fd,0.5903913853799958,5a2b15e482b9a157a0bdcdca1d65ff3dd9be6213a2549cf4ab72f41a3a2f68fd
9,Logistic T-learner,0bd4d56ee102316f44b4983b9800e1f7b16cb6c867d6834ce9bd26f94879f026,3fc3e6f3f121054b5e51051d9a54d0cebbf6df1601a512bd91fcf5dc154915b3,a8792e94cb7370c962650f5137f69adf8947983811b55aec5bf0581610677c24,0.049894183933600414,0.02403959068985155,0.06006105532171882,0.048019680747599727,0.0025286886605650097,0.003222656249999999,0.23077944961831226,0.18182378006372768,0.010280690606462762,0.013244999999999986,0.065646065646065663,0.046079947584489328,0.00410888479293103,0.0036914062499999976,-0.056562205257857545,0.29830558009037467,-0.074522234923128761,-0.076948359375000025,0.065646065646065663,0.046079947584489328,0.00410888479293103,0.0036914062499999976,-0.056562205257857545,0.29830558009037467,-0.074522234923128761,-0.076948359375000025,0.086280964921161357,0.036009857555527602,0.010556932546783087,0.010382812499999998,0.069035353282778544,0.38126810035516423,-0.065568876885200994,-0.066663867187499989,0.086280964921161357,0.036009857555527602,0.010556932546783087,0.010382812499999998,0.069035353282778544,0.38126810035516423,-0.065568876885200994,-0.066663867187499989,0.52139461172741675,59834d949b193bd63501b0661e162629affbe4c33d1c7f35f56046ce53fb6dd5,0.52139461172741675,59834d949b193bd63501b0661e162629affbe4c33d1c7f35f56046ce53fb6dd5
10,Gradient-boosted T-learner,24163b8c8c2b5f934035a120efe494ff7248c43317f4ccaf6b71bf272a810375,593ce83b4caccec64d58a49ca278794033489e199e5f2043a15685ffc536bca7,6838faebfa41ede39817f9c820051f03058512b2d4bb18525e17cdb28267c374,0.019992783751216187,0.049066594428419319,0.079922438452173478,0.042339194994422263,0.0078924811261277539,0.0092343749999999978,0.12923326561499726,0.56350219106311727,-0.091196474344105202,-0.083057226562500031,0.070657622543146253,0.046949391308004462,0.004978728559379776,0.0051328124999999994,0.60311381608869374,0.35877786982331461,0.051310548715729619,0.052274414062499962,0.071472129772953891,0.046248766364496943,0.0052969063157759589,0.0061874999999999994,0.38557138360797616,0.45812023120831147,-0.015235257996070414,-0.011434570312500024,0.071353085952693823,0.042680920387207805,0.0060211547687520637,0.005460937499999997,0.2740001471912471,0.29498351795560618,-0.0044065078605154059,-0.0078732421875000111,0.074416144333312284,0.041127022962447524,0.0069907154878815995,0.0068671874999999974,0.20219336080674066,0.32395383941999067,-0.025569700508782503,-0.026397070312500014,0.67539267015706805,a0bf2a9d744b8352ef3d5d894c8160eb8e1cf48c6ab251e11c85c314a4a7f98b,0.47295742232451093,013d248455991f76f275ae25c96c755ab88200d989e08f3e0af2bbe99592d298
11,Logistic T-learner,c4148cb9973859c57e69b9d3702998ad97f06a0f90bba15f00ca19994e624821,7f3dbbde648323c536d7341fe1db8feab169769eca038c48bf6b84427d0739a2,d6d8af583d2330a6428a091d5e6755a1f0d6ad39a1780ed15668a8f20278b671,0.038538264812924009,0.032753700680230036,0.06766469332468375,0.035718606751815221,0.0067086781803023911,0.0077812499999999965,-0.1750676739255741,0.23156527963119133,-0.085392920246920731,-0.07983972656250006,0.061124324324324325,0.038023297664823874,0.0048512155984950945,0.0064921874999999962,0.028558671814671754,0.13974229249294301,-0.023348560342436962,-0.01383386718750005,0.061124324324324325,0.038023297664823874,0.0048512155984950945,0.0064921874999999962,0.028558671814671754,0.13974229249294301,-0.023348560342436962,-0.01383386718750005,0.073356725530638572,0.041813323219320755,0.0066241144853767409,0.0061640624999999985,0.33928083145474441,0.26730820693251756,0.01511425114966764,0.01221503906249998,0.073356725530638572,0.041813323219320755,0.0066241144853767409,0.0061640624999999985,0.33928083145474441,0.26730820693251756,0.01511425114966764,0.01221503906249998,0.60635850240535449,16d209f9f67a51a8f039db7e37116b4aaaf79263962f4b84a78cb548ceb24121,0.60635850240535449,16d209f9f67a51a8f039db7e37116b4aaaf79263962f4b84a78cb548ceb24121
12,Logistic T-learner,9a6b136207a2ef597c0d952aeffc9880ea88b4f94fe7adfe8ef3573b87f4b626,5d7c7d4a561481f8084f009884b2c19635bf8ed827bdccce319a7354824e280d,d13af46b70e99a16dd906918f5aedc89a8b836fbd4a08d51a675ce5aea9faea9,0.047794819192006704,0.011348802251641893,0.063649139730401733,0.052222512360953266,0.0023995917475841777,0.0035976562499999989,-0.35064696930637895,0.55369312150622552,-0.18991141907064693,-0.18283312500000001,0.058348686056948179,0.05444205589212428,0.00082039233461301869,0.002308593749999999,0.16702442449285049,0.33521516513582184,-0.035320055535023979,-0.027785859374999999,0.058348686056948179,0.05444205589212428,0.00082039233461301869,0.002308593749999999,0.16702442449285049,0.33521516513582184,-0.035320055535023979,-0.027785859374999999,0.080853676721070605,0.038781343647411509,0.0088351899454684104,0.0078046874999999957,0.39183235965517371,0.24218807851445134,0.031425299039551699,0.025750195312499981,0.080853676721070605,0.038781343647411509,0.0088351899454684104,0.0078046874999999957,0.39183235965517371,0.24218807851445134,0.031425299039551699,0.025750195312499981,0.63022712799830183,62298d7225510e838e807b6b7638d5521e583dd0169c631971345d6029280c1a,0.63022712799830183,62298d7225510e838e807b6b7638d5521e583dd0169c631971345d6029280c1a
13,Logistic T-learner,9b5bf55fcf767dd4133ae6eb7b23f6002feadd830beacdc7a3132aac245ebf0f,8a31709872baf5448ddf7bb82cd902c6d034e6807b25d59094588d12d7418323,6f36a988858d21b417e2a1f4bf97b7c44a158d6389fbcc30c5dce9cce4b35571,0.031455420556757346,0.025853633415690136,0.069855587140947722,0.045350791479382466,0.005146007088928704,0.0066679687499999977,-0.29884968039473381,0.28363068204025799,-0.12232087611134827,-0.11154773437500003,0.052542879499978129,0.054105240042616978,-0.00032809571395415831,-0.0010664062500000009,-0.16121114842698225,0.23638295829283396,-0.083494762411161397,-0.088481718750000021,0.052542879499978129,0.054105240042616978,-0.00032809571395415831,-0.0010664062500000009,-0.16121114842698225,0.23638295829283396,-0.083494762411161397,-0.088481718750000021,0.0647240383134981,0.045880742148552048,0.0039570921946386712,0.0028828124999999982,-0.0048834192651288078,0.41486182735872379,-0.088146501791009038,-0.094440820312500035,0.0647240383134981,0.045880742148552048,0.0039570921946386712,0.0028828124999999982,-0.0048834192651288078,0.41486182735872379,-0.088146501791009038,-0.094440820312500035,0.6834721613327488,a46f913ed327605a651b3bea61f4c371878f0e0b3ba3d2966063335de51e3dbc,0.6834721613327488,a46f913ed327605a651b3bea61f4c371878f0e0b3ba3d2966063335de51e3dbc
14,Gradient-boosted T-learner,a3d9af5fb150ac084d99e55ceba573a5a51cb4444080abd8466c8fec917ee8aa,887750094a1e35d9c52784f88e057bc54acbe3b26a5f9577073dcbbb611e2430,4a636fe6869411c6e21b42520949568dd8f17d7890fc1afd3fcbb41772c52dee,0.006194847859391367,0.037989095511306581,0.089639288825283353,0.032320075655616218,0.012037034765630098,0.012128906249999995,-0.0050340105916648614,0.075219210174029549,-0.016853176360795825,-0.016152421875000024,0.08631784300023293,0.034196287800260752,0.010945526591994157,0.010019531249999998,0.017749242953645661,0.066775961418101604,-0.010295610877535747,-0.016931718750000026,0.071250772704283177,0.040990349628223385,0.0063546888459725557,0.0041601562499999972,0.094006916097762794,0.035550071191267185,0.012275937430364077,-0.003789140625000016,0.077010651435628297,0.040817052990733224,0.0076006556734279649,0.0058124999999999974,0.12669101188638476,0.35316128016461756,-0.04755875633842889,-0.056743945312500016,0.079454489313415116,0.03937838978922413,0.0084159809000801077,0.0068671874999999974,0.37707974968299884,0.24805864989408877,0.027094430955671114,0.018239648437499971,0.63717757407802178,00ae207233248e1dd63104f848e233b8e6177d9b3496725e29be31fed99b3e30,0.36001416681423765,af5b0209af82daf67347cc769747b0f93f7e6c52d437d28bf0b96bbddbf482e1
15,Gradient-boosted T-learner,9a3d4725725daa8866f15d49024e9dc47829cb6fd4e6ab66b8997ecd45613337,dd48afc1d9a3b13281e952fb49a6d923c8b75c25e89ae57ec2dde0b3e25b2143,2582e0ecd2985e21f74dabffed4a7c8ad1118cf370daf45df268b50fc86f43a7,0.026124620526056339,0.054588474715791813,0.079102511011557408,0.033885857190881372,0.0094954973023419677,0.0076289062499999985,0.080028716635922148,0.37711286134570365,-0.062387670389054115,-0.070744687500000028,0.072268924182805588,0.037057171127734045,0.007394468141565024,0.0048164062499999986,0.1293698067105189,0.36137258052689086,-0.048720582501438112,-0.061622812500000033,0.061494793443647278,0.041045045045045053,0.0042944471637064666,0.0031757812499999994,0.24108531959086221,0.30904932432432419,-0.014272440994027016,-0.019718906250000012,0.072280904229590048,0.042469823054175307,0.0062603270468370954,0.0052265624999999968,0.0088469763444094518,0.40908455408939715,-0.084049891326447412,-0.09036972656250003,0.065689083533970294,0.045167812799477666,0.0043094668542434517,0.0031171874999999971,0.012921274053737997,0.40509393190579512,-0.082356258148931993,-0.089343164062500022,0.68089297439264607,b025cc3a65d598baddad05041dfdc9a36540a8ed6b242528637c2ef6e8ebd809,0.45289443813847902,303334e8741d8d7ce641693dbba9bbd7b8624f210155079e4c0b6a8e26db6565
16,Gradient-boosted T-learner,0187c8692165ba7989120a3fb70de041b5b3006e0e569f8c993682b7cc65d414,794ab1bbc6fdc4c86bd1dfa3fb5d1d89166da5e2e26251a44d114d7266744a6d,13a1a91efba0903d312a418e596b9f6c3f6ed0e4e5ecf0c12ce14a14303b132c,0.019547732070530899,0.020811116658648585,0.077644322742788568,0.028257994362242203,0.010371128959914737,0.0077812499999999982,-0.031972782174875425,0.30538670477038243,-0.070845492258504145,-0.087150585937499997,0.087018646959346219,0.024416283332380107,0.013146496361662883,0.0095390624999999972,0.16686138075407331,0.21889545255233889,-0.010927155077635772,-0.033512695312500007,0.066073582911847256,0.032211793489439547,0.0071109757787056185,0.0055546874999999989,-0.0081363831046588619,0.28166234090769682,-0.060857732042594689,-0.068497851562499976,0.083601051756735073,0.037464246217760441,0.0096887291631846725,0.0089765624999999967,0.14511902736803228,0.34833728643937045,-0.042675834404981017,-0.046654101562500029,0.080674874601003199,0.038531259963360404,0.0088501590739049861,0.0082734374999999961,0.17298011855905154,0.33357842289007478,-0.03372564390951488,-0.036524414062500003,0.76268074363093874,b172fff1eab6db8ee74c33e7e558a70e0da7b4cf54bacfa3722635f2d5c97537,0.41749723145071982,f3656993bde1a8a0b71f34844235ecc99cf48f6dd77b79b164930c0db16bd626
17,Logistic T-learner,7fab4f67396ffe78f57c060bd1672f8266cf54fb27a3983f8098bfc291eea7fa,545c5ce8fceeaa47238df9f8ca5c7a629a8dd52b19c262cfb9fbe4bc7475d046,1c8ff402cbdb9ac21f17c4c13cc6c1df7be702cf59c4ee74e1462355f26a3854,0.027084584128600514,0.0018107185481491817,0.07648951726094122,0.036231646376933463,0.008454152885641629,0.0086132812499999985,0.61331646526049122,0.46944314879838533,0.030213396457042234,0.030762539062499972,0.082663014333956564,0.034234188119279071,0.010170053505082273,0.0086132812499999985,0.99864744119309534,0.30403616257384802,0.14586836851004192,0.13821878906249996,0.082663014333956564,0.034234188119279071,0.010170053505082273,0.0086132812499999985,0.99864744119309534,0.30403616257384802,0.14586836851004192,0.13821878906249996,0.081038110513081713,0.038461116668469145,0.0089411687073686387,0.0081562499999999968,0.21324204649897827,0.31852104277819671,-0.022108589218635871,-0.026543554687500005,0.081038110513081713,0.038461116668469145,0.0089411687073686387,0.0081562499999999968,0.21324204649897827,0.31852104277819671,-0.022108589218635871,-0.026543554687500005,0.67648984937786505,5fc7c6bea734bd89ebbb2c4847ec2d403ed3baad87f6d176034d44695ed13795,0.67648984937786505,5fc7c6bea734bd89ebbb2c4847ec2d403ed3baad87f6d176034d44695ed13795
18,Gradient-boosted T-learner,879a5e22969c556342305609e1742ad8a22677616f739d81b3b5f37631ff324d,66382e7e33e36d844ee81da0b20712da3bd85f2ae2c7ffedfd006892dc2bda59,305366ee5b0ab8fef4d705cce92e20a85abe1dba6c03db2267f30e2f230716b9,0.027702273924637394,0.038253467408158645,0.088425070102146897,0.041769931470148638,0.0097975791127196347,0.0080976562499999964,0.059385146035960013,0.86666368481908695,-0.16952849314445664,-0.17814656249999999,0.07783721604716895,0.045216607003803852,0.00685032789910667,0.0072773437499999982,0.39954224229518631,0.72111488882539787,-0.06753025577134443,-0.065109843750000007,0.076317749409334307,0.046362352340391849,0.006290633384477916,0.0057539062499999969,0.63445417136649729,0.62200782677962474,0.0026137323632432351,-0.00042351562500000386,0.070552585767798937,0.042871843648249419,0.0058129558451053987,0.0055781249999999971,0.31275455544985076,0.27763548649081338,0.0073750044813978496,0.0059103515624999757,0.078353399839467958,0.039301361941038976,0.0082009279586700862,0.0083906249999999953,0.58158912968696252,0.16217815378136713,0.088076304940175029,0.088925976562499967,0.60133444537114267,116309e6cf797ef6fe5f4737d3d55c260d3299872d0a4ce8854d2f366b12ea67,0.42169566827101074,dea7d46218a2dbe96935a37fc885ae073cdbc707e0dd91cae5b7e168bda7157a
19,Logistic T-learner,22a6037a8be9d11dbe668570550b35e82672f0c07bd61d31efeaebe853f31456,0c1f9ead0aa8ac7c5d50d0b807830d7be89738dfc1e4fecdefd50229b3ae72da,bb75db21ae7d3ee79f14c4f7adc91977d09ac20c39b57c791eada0c2919e905d,0.056687154657233077,0.028653273469186863,0.094689094689094699,0.041106675495456685,0.011252308030663983,0.010816406249999999,0.044142482403352057,0.69264155254886384,-0.13618480473055747,-0.13907062500000003,0.085694292555099333,0.04521637907052746,0.0085003618317600928,0.0075351562499999976,0.983636638711616,0.28726980380082456,0.1462370353312662,0.14084578124999997,0.085694292555099333,0.04521637907052746,0.0085003618317600928,0.0075351562499999976,0.983636638711616,0.28726980380082456,0.1462370353312662,0.14084578124999997,0.077953444782799336,0.039871727851694447,0.0079971605555320263,0.007335937499999997,0.2301974590056578,0.3122526095681355,-0.017231581618120315,-0.02099355468750002,0.077953444782799336,0.039871727851694447,0.0079971605555320263,0.007335937499999997,0.2301974590056578,0.3122526095681355,-0.017231581618120315,-0.02099355468750002,0.62677398856174538,d3ef0917a1102bee89e21a7f979f1d47f23c0bcd2c25c11f585f1a9e62438506,0.62677398856174538,d3ef0917a1102bee89e21a7f979f1d47f23c0bcd2c25c11f585f1a9e62438506
20,Logistic T-learner,0a609315066e132b992978e83be1ffe7807c5f9f1cb31138699cd6552e80cc45,eeba5a1b52d81561ef01b76fcad7d85509ac27dd68a4d54aff76af5771697d79,1adfd7ea41ab789affc38a48425fe113d7ac78e701b57e4e1da6d6969e7953b3,0.031608592037784017,0.026035913469380695,0.093671003692073929,0.034508275184522763,0.012424172986585744,0.011624999999999996,-0.019767270898750744,-0.21071425422576018,0.040098866498671983,0.036263906249999964,0.084660410946504533,0.038823161394810513,0.009625822405855744,0.0078749999999999983,0.0097141176115620453,-0.22555972321874107,0.049407506574363651,0.041354531249999944,0.084660410946504533,0.038823161394810513,0.009625822405855744,0.0078749999999999983,0.0097141176115620453,-0.22555972321874107,0.049407506574363651,0.041354531249999944,0.068510654289901912,0.044177280450327538,0.0051100085063106185,0.0040546874999999975,-0.10828089331889879,0.4583570067180065,-0.1189939590077501,-0.12509355468750002,0.068510654289901912,0.044177280450327538,0.0051100085063106185,0.0040546874999999975,-0.10828089331889879,0.4583570067180065,-0.1189939590077501,-0.12509355468750002,0.65019338203695742,57b051bad12475af405679b50cb3eab4f4940eee50a963998f0b479e204a7244,0.65019338203695742,57b051bad12475af405679b50cb3eab4f4940eee50a963998f0b479e204a7244
21,Gradient-boosted T-learner,776f91e0ace077ba7f6d7c5f36a816b72c09d85c31ca7a05861ae4a92463fe8f,4786fa54daaa42acb2a7af2b511c6ba7ad76133cd84d2abf5fd43cf153e66647,721899b2a88185516aebfca2474c44203c95e1f47fbd30f18971ce10fabd1427,0.021462952180006545,0.031640643883501754,0.060680698611733086,0.034160346632863173,0.0055692739155626817,0.0050390624999999975,-0.11256359644852876,0.36090900505304924,-0.099429246315331371,-0.10328343750000006,0.047101567691821639,0.040311913768568131,0.0014258273238832366,0.00011718749999999972,-0.10292924506033652,0.35938127130889908,-0.097085208437539469,-0.10686,0.05449527761825379,0.036699596332784842,0.0037370930699484788,0.0029296874999999974,0.010731219441716178,0.30661381093356233,-0.062135344213287688,-0.067943203125000004,0.060586740089756341,0.047696857243892929,0.0027068753976313164,0.0012421874999999983,-0.085886655119774113,0.44878303049770973,-0.1122806339796716,-0.12079394531249996,0.078816649466804264,0.039132176022420001,0.0083337394233206942,0.0085078124999999963,0.099899415204678155,0.3683598865904969,-0.056376698991021934,-0.055390429687500013,0.60568680744302739,9ebacbc48d59702b0556133ea739c7265ae5180946fe367c72ee60f5529dd404,0.37757847533632288,5466f11f5bdd1f4775bd644fc0f5352fc53ee773e8b6c6e8e4d3cd2450f6284f
22,Gradient-boosted T-learner,4cdd0e92594ecf1566fad9c40460448274ef75362cdb7107cf0f2b0d89d65b2a,fefae4101cd3c3ab4b4500523e61d16778b8357f3deafb7c0ccc5f61c839b5fb,c85cf9ef2a1312bd1cd5d83cf62b94572a5d399dc09e27058a5d6430efadad5b,0.0057131000447075558,0.012988664508978329,0.07584265194776274,0.031659990322481735,0.0092783589413090103,0.009515624999999998,0.071956419596437504,0.66397085568239755,-0.12432303157805161,-0.12298207031250002,0.06308909528723769,0.037127619999233114,0.0054519098104809606,0.0056484374999999989,0.3222592363261092,0.55641859197401733,-0.049173464686060708,-0.047973867187500033,0.078886711927585743,0.03068480721789936,0.01012239998903414,0.0088124999999999992,-0.11111566916580773,0.74785905710272471,-0.1803846925163918,-0.18992308593749999,0.068788118116800495,0.043643082115259829,0.0052804575603235399,0.0049921874999999966,-0.076485308528220219,0.44454528453167996,-0.10941642454257904,-0.11120917968750003,0.078559249568150968,0.03968782364255069,0.0081629994443760574,0.0066328124999999964,-0.10120114853886664,0.46070231561170483,-0.11799972747162001,-0.1287533203125,0.74982911825017085,a585583bc48126c9053da7a4be56d10c6f993fb5878c49001d7e62fe34bbfe59,0.43793297135367909,30e709e8c3a3437a2dd9a96497b356fe49feadd91e31db151e67739591e51678
23,Gradient-boosted T-learner,4b2944c43a2cb0baf0fed7c9f3673c10694e7ae6e0ef325807802ed9bd03d9a9,9a19fe1dec1917645ba1180c01ecb58b97f3cc8ac5d29b110ff6644091963e63,97d0b5a140e139e735bc5fc8cd6c1a5d6d076f8dd9cb3f0a6f9c1e9cd67bf135,0.029220406149174108,0.029702734903163067,0.069979922779922793,0.030413167073451028,0.0083090186983590698,0.0099140624999999975,-0.38632661003861002,0.3848896261419229,-0.16195540959791191,-0.15313078125000004,0.075982000433790636,0.02872550560032322,0.0099238639150281572,0.0097968749999999983,-0.43473494384973643,0.40748789028304644,-0.17686679516788439,-0.17765226562500008,0.036890070793886343,0.044795778776626938,-0.0016601986763755249,-0.00016406250000000234,0.070901804628139553,0.18213758061364094,-0.023359512956955288,-0.012715546875000054,0.082249532455725638,0.038079073985439721,0.0092757962787600422,0.0085078124999999963,-0.21070955593997565,0.50248101241907461,-0.14977001935540055,-0.1544080078125,0.054263565891472881,0.049959369581358021,0.00090388122512412067,0.0003046874999999981,0.0074968536251707185,0.40924723543707597,-0.084367580180500099,-0.088151367187500024,0.78355782628889925,47ace1394bc95fab9a5e570c4869c19b49798e2a0a5a3a46d8376d4e9e911861,0.43551401869158879,4714284093790b7c111a42db7263b0acfdef0eab04976cbe45d0c54dac30502b
24,Gradient-boosted T-learner,f21229233879bb1857b8b77899b0540b732e902ee68757589f395c755bda4031,644a868664d81cf18733046cfae9072d165160ad8b1d64b2fa892354b79ab50b,56e55e3c6239e897db0d1d6ede8578f7beac5716f9985b66a3658d1df1682949,0.0050612472644016859,0.0098339489919975209,0.10000874504409937,0.037130200917576336,0.013204494266569838,0.010992187499999997,0.38681618488285402,0.19605798133206775,0.040059222745665111,0.030353320312499966,0.08867243867243868,0.041832903727338777,0.0098363023384709786,0.0077109374999999982,0.33772835497835507,0.21679530574127204,0.025395940339787437,0.016040039062499966,0.068525958333009562,0.048918696095472752,0.0041175250698827302,0.0063046874999999978,0.086145453697731744,0.33130600072932681,-0.051483714876634959,-0.03937558593750002,0.072184252972729651,0.042995140238320115,0.0061297136742260025,0.0037031249999999977,0.16990950898383284,0.33275593357722599,-0.034197749164612559,-0.046779492187500014,0.064600863085698457,0.044780303695986012,0.004162317471839613,0.0058124999999999956,-0.079074447638765921,0.43932964557643506,-0.10886485957519221,-0.097379882812500013,0.59203980099502485,2b8770404dc7e03fef61edc7e0714201ccac5a431395bec9c76887a75b244cd1,0.35929203539823007,09eb4a18557ee541c027c3f8125a4e55c9aee8e1f5d67a18efaa2ae55d2b35e8
25,Logistic T-learner,d318f0d77c37ce6ccd7358f0f9ae32e34a71bd4efa74706174054130b7d99975,885e9815fc58fc8ed7b4fecdfa714bc97ce0b17a5dc44e9d7c3d264536794866,ad1ff02a8345a42b4e8255dee895356146c6f9e68d02fa5f8d70839f698f2cac,0.081192821585072641,0.056255105056175009,0.091078567932838916,0.045697513676506346,0.0095300213938298399,0.0076289062499999985,0.15021462937168251,0.17037421960210053,-0.0042335139483877845,-0.015166406250000044,0.070569560097910183,0.054829817331911418,0.0033053459808597405,0.00094921874999999987,-0.08686217169956334,0.27379600190723419,-0.075738216457427482,-0.089499609375000053,0.070569560097910183,0.054829817331911418,0.0033053459808597405,0.00094921874999999987,-0.08686217169956334,0.27379600190723419,-0.075738216457427482,-0.089499609375000053,0.067860363721789441,0.044486486486486482,0.0049085142194136211,0.0037031249999999977,-0.25050987530723634,0.52068572072072072,-0.16195107516587098,-0.16928261718750001,0.067860363721789441,0.044486486486486482,0.0049085142194136211,0.0037031249999999977,-0.25050987530723634,0.52068572072072072,-0.16195107516587098,-0.16928261718750001,0.59866777685262285,152b26d723f15d029ed9c1f008afb5222cdb7a978eabed3d06fb50d628c4555a,0.59866777685262285,152b26d723f15d029ed9c1f008afb5222cdb7a978eabed3d06fb50d628c4555a
26,Logistic T-learner,7845468286dfb6036c50075c135e415e8e22009e6d67e811f764c24e71e4a73b,021a1114fbe42d539ab769e4ec05bbb6bfea9c81b4d598856c1150e7fc04e5d2,0dfffcc65413eca1301e2ef308b083fa00683442d7fe5513c468e576cc68ccc1,0.037906697683321722,0.024054541502254514,0.077133089443708613,0.036700862187225791,0.0084907677238613925,0.0093398437499999966,-0.04391485247258553,0.15414290506541417,-0.041592129082979934,-0.037265390625000006,0.068854698157806232,0.039657582110412287,0.0061313943699527283,0.0084023437499999992,0.25108514489996769,0.029729397524208889,0.046484706948909348,0.058623281249999978,0.068854698157806232,0.039657582110412287,0.0061313943699527283,0.0084023437499999992,0.25108514489996769,0.029729397524208889,0.046484706948909348,0.058623281249999978,0.068542598325880055,0.043487732395190493,0.0052615218454448078,0.005460937499999997,0.30405769980506803,0.28048231104601307,0.0049508316394015414,0.0061400390624999981,0.068542598325880055,0.043487732395190493,0.0052615218454448078,0.005460937499999997,0.30405769980506803,0.28048231104601307,0.0049508316394015414,0.0061400390624999981,0.51658767772511849,543aa54d3c6850127031a70d192b86537d03969ed02f746a0afcc36bb10142f5,0.51658767772511849,543aa54d3c6850127031a70d192b86537d03969ed02f746a0afcc36bb10142f5
27,Logistic T-learner,1b3ab74d5bc6c6f921982cff23568f1fc94daebac9e03d234228fe574f28008d,8dcd1775d116ce9a73eb4b0bac6bf1b770881d07e8fcf1b14a7354bca1d45ac4,b6fa3d4d1639c654deb4c1c46df9bd741218db195e590ad8d226a4c61dd45b77,0.013017070409672232,-0.0063978675001427759,0.083438759352195524,0.033586192553585373,0.010469039027708132,0.0125859375,-0.16879450351094283,0.17299711066861423,-0.071776238977706977,-0.056721562500000003,0.055740454092227443,0.045921530964943363,0.0020619738567296568,0.0029765624999999979,0.31812917789069761,-0.033252781962382127,0.073790211569146738,0.080010468749999966,0.055740454092227443,0.045921530964943363,0.0020619738567296568,0.0029765624999999979,0.31812917789069761,-0.033252781962382127,0.073790211569146738,0.080010468749999966,0.058307696800950187,0.048278277112463269,0.0021061781345822527,0.0015937499999999982,0.25263992192215567,0.30385527708285565,-0.010755224583746994,-0.013856835937500004,0.058307696800950187,0.048278277112463269,0.0021061781345822527,0.0015937499999999982,0.25263992192215567,0.30385527708285565,-0.010755224583746994,-0.013856835937500004,0.53815341478069301,271d2a302199bf9081a4a8f0700aa877e8cd58742815c832bc1425f3b5aabd02,0.53815341478069301,271d2a302199bf9081a4a8f0700aa877e8cd58742815c832bc1425f3b5aabd02
28,Logistic T-learner,d3b82a3d33861ec4b42d8d789ba25f833daf2df63151243c5a0143f4753ced42,32096f58cb5539ea7d0eb6241b8c6b353a820a55f0ac04a843d42e19dab5b2ca,cc466a983b37b6c4cd09b3790f006c31807f50e571576f2951f95a6e56946db5,0.037136731163811332,0.037115436284368808,0.082719126226691225,0.040917439800230229,0.0087783541495568083,0.0071250000000000003,-0.38487611071151662,0.80220663325141905,-0.24928737623221647,-0.25858382812500003,0.070894891089298667,0.046660327486571687,0.0050892583565726656,0.0022031249999999998,-0.2956784726000673,0.77005128509896481,-0.22380324911679675,-0.24025921874999998,0.070894891089298667,0.046660327486571687,0.0050892583565726656,0.0022031249999999998,-0.2956784726000673,0.77005128509896481,-0.22380324911679675,-0.24025921874999998,0.066265256266348049,0.044854401490284287,0.0044962795029733901,0.0039374999999999974,0.31991545930815846,0.27505787932976777,0.0094200917954620437,0.006002929687499989,0.066265256266348049,0.044854401490284287,0.0044962795029733901,0.0039374999999999974,0.31991545930815846,0.27505787932976777,0.0094200917954620437,0.006002929687499989,0.61922833649588871,cb3197aa6e006413eb5cb141e3952464bfc4ca41c3b4c9b5b2d7776fead977d6,0.61922833649588871,cb3197aa6e006413eb5cb141e3952464bfc4ca41c3b4c9b5b2d7776fead977d6
29,Gradient-boosted T-learner,820cc0c6855d02e2d7d1ac67e7b863a7ffe5523f1882f0cad884ddf96031a767,d1954bc5c4eeaed1beb0e88e6784a2bfdc18b70c964b8ce22dd97e9639d4ce8a,287f6997adc3410a731a9c2bbf724bb7da86c64ca8917daed2b2d1e1b4ee5cdf,0.02531587010643746,0.032906020895215035,0.078332157339710246,0.043137078853448863,0.0073909664821148902,0.0072656249999999969,-0.27826543228518918,0.6523388925052187,-0.19542690820598566,-0.19622437499999998,0.084009849422190058,0.040577784319084972,0.009120733671652068,0.0092578124999999969,0.38423422454139533,0.36736803403348672,0.0035419000066608075,0.0044264062499999746,0.080771022594921971,0.042358795342380587,0.0080665677230336904,0.0071484374999999985,0.94905878756114603,0.12198430676491234,0.17368564096720907,0.16914164062500001,0.078051868520687628,0.039786186521277384,0.0080357932198761514,0.007335937499999997,0.031817573183119507,0.39895068548708335,-0.07709795358383241,-0.081523242187500011,0.068380602598109241,0.044190656837705844,0.0050798886096847136,0.0037031249999999977,0.54660314221587436,0.17282385716694026,0.078493649860276155,0.07146738281249998,0.56511106582433257,e12989e7d59fbe13de8a5944386cee1de67b103cb9adff2f97f9de8213bd42d6,0.41959334565619222,81c2e9a9bb3d3f2d1d952d876193d21c35284ac13f35885a44da8d5c93e47b7c
30,Logistic T-learner,921645535ca4ced651e7852d0f2ab57dd3a37ecfba7c7ed8cbc49fc210b3e356,d5d1434d7c85e194c696a4a6bfce8bb16dbbc2906d48342255461fdbb4d2ab1b,13b4ef74f0177fcf00ef998bb92d19993f2bf9b9ead0895868f3049e5f86183e,0.01758662616612211,0.010150462357316953,0.082059771419069921,0.047285801391896726,0.0073025337057063709,0.0074414062499999975,0.42121105345781218,0.34699552714759285,0.015585260525146059,0.016223554687499978,0.06779589315780124,0.053927987252585616,0.0029122602400952812,0.0015820312499999988,0.50419701553512364,0.31503074003474268,0.039724917855079998,0.033804023437499976,0.06779589315780124,0.053927987252585616,0.0029122602400952812,0.0015820312499999988,0.50419701553512364,0.31503074003474268,0.039724917855079998,0.033804023437499976,0.068962266317439652,0.043963645636532461,0.0052497103429905096,0.0038203124999999973,0.025428252337883039,0.40353213269821686,-0.079401814875670093,-0.088526367187499982,0.068962266317439652,0.043963645636532461,0.0052497103429905096,0.0038203124999999973,0.025428252337883039,0.40353213269821686,-0.079401814875670093,-0.088526367187499982,0.62196409714889123,16d9045bbbfea0301fd1ce02c78ee2359be6096bde6b0cea0c8ebe2a76398826,0.62196409714889123,16d9045bbbfea0301fd1ce02c78ee2359be6096bde6b0cea0c8ebe2a76398826
31,Logistic T-learner,941a9eb0084df0508447e55fd2ad46cfe5ec8048cfb1de2dbfe4901dcaed9b45,2af52221d79db35590e781057cf26be051d8cd4addcfb7efcdf2eff3b7e7f745,85be3ef52c0aac31fba9388437271b3c3466f33131cdf0f83c7a4be0a8202a9a,0.059974031521548427,0.049795110251620964,0.072946472110731825,0.038765012610773961,0.0071781064949911514,0.0046992187499999977,0.15966567388124087,0.99139207022952669,-0.17466254323314001,-0.18489550781250003,0.06111259442650982,0.044118578964378152,0.0035687432470476502,0.00083203124999999987,0.23751575236004463,0.95781266549644173,-0.15126235175864339,-0.16238613281250003,0.06111259442650982,0.044118578964378152,0.0035687432470476502,0.00083203124999999987,0.23751575236004463,0.95781266549644173,-0.15126235175864339,-0.16238613281250003,0.078392720237184688,0.03966996352507618,0.0081317789095427858,0.0075703124999999972,-0.12426090378467014,0.46539869555171354,-0.12382851586064057,-0.12723925781250003,0.078392720237184688,0.03966996352507618,0.0081317789095427858,0.0075703124999999972,-0.12426090378467014,0.46539869555171354,-0.12382851586064057,-0.12723925781250003,0.75904718277599637,a67499ac0b0f25699efc977a909dae927fa49a26c1cf438c88302e04e2074f5c,0.75904718277599637,a67499ac0b0f25699efc977a909dae927fa49a26c1cf438c88302e04e2074f5c
32,Logistic T-learner,b7fd0d159210cd1c3715b7a5979ad7c4c7af8f41ee23c4cc6201d7d6d7287279,5f26499963eefed024099465bcca789354e20451804c1c0751443085c0451ab9,69bd2fb697b9428569b7c29c63367ddc51095902dd19be345eff4702ccadb7ed,0.052842894202140278,0.047673555653150096,0.095561965127182513,0.033722038264131657,0.012986384641240679,0.012527343749999996,0.12155592807766713,0.28090753565088333,-0.033463837590375405,-0.035919609375000015,0.066009902768157186,0.046148126988745736,0.0041709729136764047,0.0042070312499999998,0.44957955382568637,0.13937662200576562,0.065142615682183352,0.065234296874999986,0.066009902768157186,0.046148126988745736,0.0041709729136764047,0.0042070312499999998,0.44957955382568637,0.13937662200576562,0.065142615682183352,0.065234296874999986,0.068792981837418443,0.043331998492322554,0.0053468065024701366,0.0056953124999999973,0.48157247399047787,0.2048226459111312,0.058117463896662801,0.059991210937499984,0.068792981837418443,0.043331998492322554,0.0053468065024701366,0.0056953124999999973,0.48157247399047787,0.2048226459111312,0.058117463896662801,0.059991210937499984,0.53600000000000003,b00b48c613f10dbf8ceca8058ce617abe524d1469bd7b11a653f02186303a2ab,0.53600000000000003,b00b48c613f10dbf8ceca8058ce617abe524d1469bd7b11a653f02186303a2ab
33,Logistic T-learner,ce77a59dc59f18fa8d82f595925176032a940c9f087b74cd3b5d32f2647be02c,dfa97634266bc8414399886fa227771c468349ab0a7c906aca4533e969de77f4,06e5b932953bbe01a805dc2bd25b4aaa4dc5f414dd0174ffa4d40dcfdeb8656b,0.042884501257339919,0.036612067789465436,0.088703815869170199,0.039145610162765493,0.010407223198344988,0.0092578124999999969,-0.14808467595396724,0.51870418907485372,-0.1400256616560524,-0.14694421875000002,0.092694502678779406,0.037398506625110572,0.011612159171270455,0.010664062499999995,-0.51306603773584913,0.67563612735176992,-0.2496274546684,-0.25551726562499999,0.092694502678779406,0.037398506625110572,0.011612159171270455,0.010664062499999995,-0.51306603773584913,0.67563612735176992,-0.2496274546684,-0.25551726562499999,0.079788065886026938,0.039309563657968033,0.0085004854678923693,0.0074531249999999971,-0.28342728448657328,0.5335985041682727,-0.17157541561751766,-0.1777142578125,0.079788065886026938,0.039309563657968033,0.0085004854678923693,0.0074531249999999971,-0.28342728448657328,0.5335985041682727,-0.17157541561751766,-0.1777142578125,0.63091951582076877,6098ff42da659aed27b50c13e680060a8eb39d23931d36d905ed896d2a649261,0.63091951582076877,6098ff42da659aed27b50c13e680060a8eb39d23931d36d905ed896d2a649261
34,Logistic T-learner,178d24f2b43596f8e2e16754ea3be3776f86b8f2df45b69197dfe69d49bd74cd,eabae0992e58607cc9d099680688283f6b2c557531e8a07de2b63f151a440da4,198b1287d450523ebe7db4ecad58a5ad8aff372f9386a4d502d8675cb9ac4785,0.044478988042418233,0.026596522655936677,0.055875028215973371,0.030144624187551414,0.0054033848459686109,0.0067148437499999977,-0.6819697339742522,0.42912807737765801,-0.23333054038390111,-0.22337191406250004,0.052659332363813982,0.031693951584273003,0.0044027299637036058,0.0056601562499999968,-0.210833601616359,0.23301237367023842,-0.093207654810185447,-0.085091835937500027,0.052659332363813982,0.031693951584273003,0.0044027299637036058,0.0056601562499999968,-0.210833601616359,0.23301237367023842,-0.093207654810185447,-0.085091835937500027,0.07591432074135554,0.040529224886435525,0.0074308701295332028,0.0071015624999999968,0.39677798167931955,0.2411470911678455,0.032682487007409548,0.030663867187499968,0.07591432074135554,0.040529224886435525,0.0074308701295332028,0.0071015624999999968,0.39677798167931955,0.2411470911678455,0.032682487007409548,0.030663867187499968,0.49824424502536091,1665fc09fe4d860a26ac0feb0b7aab3d2f100ff34e36762cba58eb8b7d3b2f2d,0.49824424502536091,1665fc09fe4d860a26ac0feb0b7aab3d2f100ff34e36762cba58eb8b7d3b2f2d
35,Logistic T-learner,5121ccfbe8340af2b906fe7804905a63f8daed9ee296855b057f86f84ea9e930,b37396a7a5c40959d91068d34510b346ef0c33c64ca542b00d91702041aea6fe,1ddc0d8882404d0bc5fc47b3b2a7530af56c1e19c75c97aed95a96689def96d6,0.051583334095670397,0.045762010620357021,0.069904102454119293,0.039263655712768505,0.006434493815683665,0.0069023437499999988,-0.54923006219553283,0.6598792569140941,-0.25391295701302163,-0.25077796875000002,0.068800592795437376,0.040299470902328965,0.0059852355975527662,0.0050273437499999971,-0.47707154142276353,0.63143464738975774,-0.23278629965062947,-0.23900882812500004,0.068800592795437376,0.040299470902328965,0.0059852355975527662,0.0050273437499999971,-0.47707154142276353,0.63143464738975774,-0.23278629965062947,-0.23900882812500004,0.079119907072140588,0.039255638819180816,0.008371496333121552,0.0076874999999999973,-0.11569643646932459,0.46189838310851261,-0.12129491211134581,-0.1256595703125,0.079119907072140588,0.039255638819180816,0.008371496333121552,0.0076874999999999973,-0.11569643646932459,0.46189838310851261,-0.12129491211134581,-0.1256595703125,0.599000624609619,80d7a41e197ade5755e476a5711718c14d6dac8dde01a41c12a20f161efe0013,0.599000624609619,80d7a41e197ade5755e476a5711718c14d6dac8dde01a41c12a20f161efe0013
36,Logistic T-learner,bb930cf6f80b4300935138b16b93c7ca42016107129c575c7a238929c3850431,1d33a90c2e756ad5649d0dfa47a18f743fa54fde58f1e10f8dc7cbbf3b40cdaa,ad7c473002e7df16ce62ef40048ac5789cf8e26d670ae2798790f853fc99f288,0.031541868603036191,0.015788404377325815,0.064721623591438238,0.042610007734671204,0.0046434393299210766,0.0031171874999999993,0.20634297897748355,0.78947232354312769,-0.12245716235878526,-0.12989414062499999,0.062702608829885764,0.043811563055614275,0.0039671196125970129,0.0020624999999999992,0.57142376119172567,0.62834873151906045,-0.011954243768740306,-0.020098828125000027,0.062702608829885764,0.043811563055614275,0.0039671196125970129,0.0020624999999999992,0.57142376119172567,0.62834873151906045,-0.011954243768740306,-0.020098828125000027,0.078163163821976522,0.039625203893396077,0.0080929715850018933,0.0078046874999999974,0.086565713073874284,0.37423224441033287,-0.060409971580656301,-0.062145117187500015,0.078163163821976522,0.039625203893396077,0.0080929715850018933,0.0078046874999999974,0.086565713073874284,0.37423224441033287,-0.060409971580656301,-0.062145117187500015,0.78604651162790695,0eafacb99177d6ebd27777ecd69bc593f402dc09fd32782af525a35fcb9fde6a,0.78604651162790695,0eafacb99177d6ebd27777ecd69bc593f402dc09fd32782af525a35fcb9fde6a
37,Logistic T-learner,2b5efe6b958858bf63700bfa2f4bfcab758811f0731c4652280fe5a78e345ac7,dbe0375048e2fc4c8596d6d02d100db1fd77011a982a2e04134fd62228c9a21d,e0451cad03df631004a25fce0a32efeea474019480be09a60e2e6044fcd27e50,0.049026396861985094,0.035988145146723396,0.077333745274856036,0.034806848647331232,0.0089306482917802087,0.0094921874999999989,-0.25649966483775677,0.15166539727029038,-0.085714663042689904,-0.082257187500000037,0.056559736327979365,0.042876060907768035,0.0028735718382443794,0.0052734374999999986,0.19015666711407386,-0.036499193048660672,0.047597730634174253,0.06256898437499997,0.056559736327979365,0.042876060907768035,0.0028735718382443794,0.0052734374999999986,0.19015666711407386,-0.036499193048660672,0.047597730634174253,0.06256898437499997,0.064061313499094608,0.0457336899530775,0.0038488009446635925,0.0033515624999999978,-0.0097042874666564138,0.41603809599574726,-0.089405900527104773,-0.092458007812499993,0.064061313499094608,0.0457336899530775,0.0038488009446635925,0.0033515624999999978,-0.0097042874666564138,0.41603809599574726,-0.089405900527104773,-0.092458007812499993,0.68199737187910647,c20c0aea75ce42660b905552c571d6d066ab64be09237f9d88712e07c17a6cdf,0.68199737187910647,c20c0aea75ce42660b905552c571d6d066ab64be09237f9d88712e07c17a6cdf
38,Logistic T-learner,ba0976b45522aebb611ac18af81eabec8c29d749c301ccee7a331ba54c7c905c,7cf048382a1659a7d4efce1678c9c3739025d535925fae8a02bf228cee72d606,e3de2c49f58ef27cae99b5408def7f02ff92e491f661fbb201b89c2c496036c6,0.04211205265366566,0.024126520331770346,0.07309851290189856,0.049188172184292778,0.005021171550697214,0.0053671874999999987,-0.51304766942925994,0.49861188955046976,-0.21244850738574322,-0.21026027343750001,0.071981081667117253,0.050024004941241845,0.0046109861124338358,0.0040781249999999993,0.1960091647839467,0.19309270177861326,0.00061245723112002162,-0.0025794140625000229,0.071981081667117253,0.050024004941241845,0.0046109861124338358,0.0040781249999999993,0.1960091647839467,0.19309270177861326,0.00061245723112002162,-0.0025794140625000229,0.069180711253463478,0.043914163455578178,0.0053059750375559125,0.0040546874999999975,0.37279322954683292,0.25174547398572011,0.025420028667833688,0.01821035156249998,0.069180711253463478,0.043914163455578178,0.0053059750375559125,0.0040546874999999975,0.37279322954683292,0.25174547398572011,0.025420028667833688,0.01821035156249998,0.56734693877551023,1498f468012bd3b7b25f52be84f491fe45dba9e696bbddfb5677147568be260f,0.56734693877551023,1498f468012bd3b7b25f52be84f491fe45dba9e696bbddfb5677147568be260f
39,Gradient-boosted T-learner,cc86eaecd7a877608f75e8f2eb19dd73fffd6150a1ce776687dc36f30d5a72d1,17d7c6072fa9ef11d15b04f3d2c7b29fa99c7e6c96e18547af25bf9c63d469ca,b1ea1b536cfe019a18d0bd9d036a0e73f79a9044728c52c030865453003975e0,0.034465641722386961,0.060301054573408133,0.073192004845548164,0.040570197475781014,0.0068505795476511014,0.0056953124999999973,0.020656692913385566,0.47438373692699776,-0.095282679242858562,-0.10178460937499999,0.059788007268322202,0.046233473900496425,0.0028464520072434131,0.0017109374999999994,-0.069864264082374339,0.51669724701949937,-0.12317791733139348,-0.130521328125,0.060145864315339304,0.046165185353584548,0.0029359425819684985,0.0013593749999999986,0.37478864524510275,0.31579791082531339,0.012388054228155764,0.0048126562499999888,0.061203474834914479,0.047378392462823396,0.0029032672981391273,0.0015937499999999982,0.072731472896450877,0.38205400205791218,-0.064957731123906876,-0.072878320312500036,0.061108419139915188,0.047151278562187468,0.002930999521322821,0.0018281249999999977,0.35512368261659588,0.25469740622649073,0.021089518041922082,0.015590039062499988,0.53569286142771444,75ead5e7a468826e820fff26beacd3a33900d060611a0d980d3575c897c4a377,0.36049601417183347,4e1e0ab7a83f2fe7fc28421330af659b647c203d5918f892261383d47b4e22b2
40,Logistic T-learner,429a0f5a9391ec25f35ad09eb1913379e69f22ec0d14d0dcd7a508fdce3c45f8,a697a82855f1c7116eab3036ca189013fffe7bcb2778b582f0fecfcaf952787f,ee50fb314993a27f310d599cae732d2b0e21d616fecc548d730f60ffbabc0266,0.046605849646136704,0.034235380725461576,0.06706862461039742,0.044534754721268832,0.0047321126767170037,0.0037382812499999985,-0.59765156465372493,0.53549923122209075,-0.23796166713392125,-0.2445317578125,0.054572784078397663,0.049241189223710527,0.0011196349194842984,0.0015117187499999996,-0.27596875106233965,0.39668405573015575,-0.14125708942642404,-0.13937707031249996,0.054572784078397663,0.049241189223710527,0.0011196349194842984,0.0015117187499999996,-0.27596875106233965,0.39668405573015575,-0.14125708942642404,-0.13937707031249996,0.073435420414491109,0.041616233117334853,0.0066820293324028135,0.0063984374999999979,0.1510576909013791,0.34572873000205351,-0.04088091821114162,-0.042500976562500022,0.073435420414491109,0.041616233117334853,0.0066820293324028135,0.0063984374999999979,0.1510576909013791,0.34572873000205351,-0.04088091821114162,-0.042500976562500022,0.74823582972911451,32e56e839e159703a8afc5ce9921735cf482907f32801ea42f8a6adf04a04cfb,0.74823582972911451,32e56e839e159703a8afc5ce9921735cf482907f32801ea42f8a6adf04a04cfb
41,Logistic T-learner,fb562f8bd0a71db03e0d92c5e7927c8c237ad2c85127b72adfcd6eb7fd5304ad,5d209c980903a5a5bd53b39522d161fd1d821fe3d00dacad11d2993b639e88d7,58ae04f2d70b27444020d58f585f7e184f7b76a3a67d32e275bd8732097e3639,0.045501877108138883,0.017406648782987547,0.095947760414979294,0.034530738617486775,0.012897574577473429,0.010382812499999996,0.25957227759839019,0.71620526059080925,-0.095892926428407993,-0.110582109375,0.091391544036323685,0.036229475023126748,0.011584034492771357,0.0095624999999999981,-0.026014163996471718,0.8404504654255317,-0.18195757217862071,-0.19429382812500001,0.091391544036323685,0.036229475023126748,0.011584034492771357,0.0095624999999999981,-0.026014163996471718,0.8404504654255317,-0.18195757217862071,-0.19429382812500001,0.076534474726298624,0.040567814381574308,0.0075529986723921064,0.0066328124999999972,-0.21738906359189392,0.50464904564933966,-0.15162800294065903,-0.15701425781249997,0.076534474726298624,0.040567814381574308,0.0075529986723921064,0.0066328124999999972,-0.21738906359189392,0.50464904564933966,-0.15162800294065903,-0.15701425781249997,0.80493537015276151,2c1f5397b11164938fb5fd250d612d5d013f9d9d13b63c3b242074ab4efb7b73,0.80493537015276151,2c1f5397b11164938fb5fd250d612d5d013f9d9d13b63c3b242074ab4efb7b73
42,Logistic T-learner,ce2c861aec201f86b12dd9025d100da272c1459c0b5b471b08c79fd43b397b63,cd82983e66e683d17a80adb290ad16f11d0a740233de7e6951ebacad00f877ab,ac13af92aa70939fcb1374421d1e3294859ed012c9f0c8dfa5f2d2c427d9dcef,0.029340391152037931,0.019702761555666526,0.069721365350355724,0.041872594225475485,0.0058482419362248499,0.0067734374999999991,-0.38493370701006568,0.93273483153446168,-0.27671039309435075,-0.27217007812499999,0.080474728941094559,0.037128643902278102,0.0091026778581514561,0.011109374999999999,-0.077964947361463754,0.80392776649244913,-0.1851974699093217,-0.17534156249999999,0.080474728941094559,0.037128643902278102,0.0091026778581514561,0.011109374999999999,-0.077964947361463754,0.80392776649244913,-0.1851974699093217,-0.17534156249999999,0.078122025184079902,0.039694435347759266,0.0080697938656273324,0.0073359374999999978,-0.017697231718859507,0.41929371237121216,-0.091768098258915048,-0.096304101562500008,0.078122025184079902,0.039694435347759266,0.0080697938656273324,0.0073359374999999978,-0.017697231718859507,0.41929371237121216,-0.091768098258915048,-0.096304101562500008,0.60938809723386422,2e0ad1eeb1806e7a6ab6ff788c2836d70b34f73d672cbc3fb7264a63f1d13127,0.60938809723386422,2e0ad1eeb1806e7a6ab6ff788c2836d70b34f73d672cbc3fb7264a63f1d13127
43,Logistic T-learner,bdb9fce23bbce28448dad076e3357edd7300b11b854ef73213af15b33cb6658a,17abd96f5d22cb43f67ef700f278fcebfa0edd2332c1b89ed284220e21f0a99c,184b333b35b538fcb08269f14c411633551133047e0753727b95dd5d4700d4c6,0.029922019485101217,0.021985041009335668,0.093391818021512973,0.028100298986083003,0.013711218997440293,0.014062499999999995,0.48879819843648975,0.26058569973450918,0.047924624727415918,0.049239726562499954,0.07636396778546567,0.03563544899305035,0.0085529889464072174,0.0083203124999999978,0.88492951813233489,0.088704478108603935,0.16720725840498349,0.16582605468749997,0.07636396778546567,0.03563544899305035,0.0085529889464072174,0.0083203124999999978,0.88492951813233489,0.088704478108603935,0.16720725840498349,0.16582605468749997,0.07098098402446229,0.042807123817937887,0.0059165106433701244,0.0054609374999999962,0.26735396083222196,0.29760657741859464,-0.0063530494831382633,-0.0091552734375000347,0.07098098402446229,0.042807123817937887,0.0059165106433701244,0.0054609374999999962,0.26735396083222196,0.29760657741859464,-0.0063530494831382633,-0.0091552734375000347,0.6006669445602334,fce9c290edb1ebd616885940ae33629f98c74c9a7e3f7d6c433e0121b6fe7eff,0.6006669445602334,fce9c290edb1ebd616885940ae33629f98c74c9a7e3f7d6c433e0121b6fe7eff
44,Logistic T-learner,3e1844fcdaba603f6bfc3fd1fe4871c8d2407174ae826601424448f6cff0a228,3b3992933aac3da41a73f08ba18188ffcc687fbc93808a3cf6a6ed89d66d4ad1,f3e69e8823be1349c639a16f8f72431cba28a632c5d99eee66aadbdc50cd558c,0.028623397132678668,0.027024040028058985,0.077637343929592206,0.031220768861652259,0.0097474807642673883,0.0087304687499999978,-0.44153763896295972,0.85294226065240064,-0.27184077891922565,-0.27928441406250004,0.066985878009651389,0.035392022625754735,0.0066347096306182971,0.0065039062499999967,-0.57647190931030035,0.9090506610401563,-0.31195973977359587,-0.31292542968750003,0.066985878009651389,0.035392022625754735,0.0066347096306182971,0.0065039062499999967,-0.57647190931030035,0.9090506610401563,-0.31195973977359587,-0.31292542968750003,0.07379183784731011,0.041537244813027188,0.0067734645371994133,0.0062812499999999969,-0.10738621760548295,0.45836328021173356,-0.11880739454161546,-0.12194824218750004,0.07379183784731011,0.041537244813027188,0.0067734645371994133,0.0062812499999999969,-0.10738621760548295,0.45836328021173356,-0.11880739454161546,-0.12194824218750004,0.71620111731843572,f9a90ffff265ff1524c16c418e3f489e5ae2031306cd27ee1b22677eef225e85,0.71620111731843572,f9a90ffff265ff1524c16c418e3f489e5ae2031306cd27ee1b22677eef225e85
45,Gradient-boosted T-learner,f6d111f49a36a0e897fb1851312ae50420bd05819afdfd288fec42d0880e2e1f,0300986253d861a28fd71a6cfa3d36025f49105357299f0288f0f7879bee01b3,5baa8a8934e48aead11ce91279f79e3d30f6a36aa895b20b7bb3607d1f856aae,0.044854648383310478,0.061187569418009236,0.083395793695026865,0.045149379362977249,0.0080317470097304184,0.0079101562499999997,0.014189987489624301,0.79047599380485301,-0.16302006132619803,-0.16377703125000001,0.068874032907435906,0.05211759517942606,0.0035188519228820676,0.0020507812499999979,0.24515546001636546,0.68720585355407415,-0.092830582642918824,-0.099436406249999998,0.06261058860162419,0.053606384681628885,0.0018908828231990139,0.002988281249999997,0.6358613367927064,0.52870307689143381,0.022503234579267242,0.026997187500000006,0.077120850628057208,0.040595408256560148,0.0076703428980143826,0.006398437499999997,0.55386261543433801,0.17275706836964611,0.080032164883585291,0.073154882812499974,0.062679955703211498,0.045736222959522524,0.0035581838761746844,0.0045234374999999971,0.70879512735326677,0.11050651069546158,0.1256406094981391,0.1301185546875,0.68052516411378561,34eb1701d3cf67cd8053624922a581e4abeba8a1ac8163d7abfb1bf6564cef57,0.42565435307221089,dba59c384181f48b11ed3a7431262347e88b61e0995528bef8afe293880b907c
46,Logistic T-learner,c81d95f24318adc66e98533d750d68412fe4db5fdca1138f5a6e13c17ecd4053,753de865d45cd9ad91c8e587d517f1a0bb54f92963ec0c6b352b2e1f3fb71ca1,19bf323f2d24038a7048d51e4b616046f334acb1d3a695a5d395f2748ee3d240,0.05631431456641553,0.026029958954902649,0.096234135141367111,0.056437872380955253,0.0083572151796864891,0.0088945312499999971,0.23555738577547103,0.48194635312125123,-0.051741683142613841,-0.049049296875000009,0.079085342360571548,0.064073758164799891,0.003152432681112048,0.0030351562499999979,0.26354255952952921,0.46962302754146912,-0.04327689828250738,-0.044013750000000018,0.079085342360571548,0.064073758164799891,0.003152432681112048,0.0030351562499999979,0.26354255952952921,0.46962302754146912,-0.04327689828250738,-0.044013750000000018,0.067565164758479651,0.044173178043147091,0.0049123172102198374,0.0045234374999999979,-0.070220335618448759,0.44206905499041727,-0.10758077202786186,-0.1100326171875,0.067565164758479651,0.044173178043147091,0.0049123172102198374,0.0045234374999999979,-0.070220335618448759,0.44206905499041727,-0.10758077202786186,-0.1100326171875,0.64948453608247425,7d68937ee95cbe28189b4a4c066044a96040b00ae586cd23f0a1b5b4213c9380,0.64948453608247425,7d68937ee95cbe28189b4a4c066044a96040b00ae586cd23f0a1b5b4213c9380
47,Gradient-boosted T-learner,3321015b225d3302e4a14ab7fae59a5b9b403ab42cf06b2628b5bbaa34c549a7,18abd8644a07fa5f080a43847a539a2f54fe156e96bcd22fc7fecae35938b4f5,46679c47c7e59fd1a088ae6d7c8f086e3b96e9c3278f90dc99f40c42f5ce0fed,0.034141935251557329,0.036315036574470425,0.077444492325527442,0.048707778949554567,0.0060347098089543038,0.0055078124999999988,0.26466964536336923,0.23769617970800294,0.0056644277876269208,0.0023299218749999896,0.059532906127906016,0.055874646958466528,0.0007682344255822923,0.0012890625000000001,0.3213360054361567,0.21413670592536305,0.022511852897266666,0.025251796874999968,0.04853415583041365,0.060330159002516578,-0.0024771606661416149,-0.0011718750000000017,0.034647798511249883,0.33952113360787017,-0.064023400370290265,-0.056995078124999994,0.080859374999999983,0.038339544550396912,0.008929164394416645,0.0088593749999999975,0.37808593749999997,0.24913897231386706,0.02707886268908791,0.026570507812499981,0.059199633069602103,0.047504804812818033,0.0024559139339246547,0.002648437499999998,0.2200208691663802,0.31692521018183084,-0.020349911613244634,-0.019388085937500028,0.51330049261083743,0346fceeb0ca02daf28d8fabb57c2599979a3ae3bcbad043bbbe97bbb7e4c8fe,0.42697881828316608,d1a8fb777a5e87a43fd38116dd500191dde3a6db3cc57d58961d7b7165b76031
48,Logistic T-learner,ea0e172bd4025bf6248d480f6a0848d3bf82106e82bc37831ca3e54c8a86a340,21a9f1f300f39c06d47ef02259bc32cdbe826c4ce03cc119f6ecb80a07d47b9c,9eccadbd889a9bd703edacd7e7de924a930c4635d71958aced8e2099ec1d79ca,0.036091923233230627,0.024419626813760573,0.081151178510550759,0.03763898656151099,0.009137560309298352,0.0095156249999999963,-0.21981962322929549,0.11474881913636437,-0.070259372896788561,-0.068402578124999988,0.051250641161029481,0.051896739776813944,-0.00013568070931473718,-0.00196875,-0.074927827897293575,0.059346380857946079,-0.028197583838600326,-0.039054140624999983,0.051250641161029481,0.051896739776813944,-0.00013568070931473718,-0.00196875,-0.074927827897293575,0.059346380857946079,-0.028197583838600326,-0.039054140624999983,0.063943064809206557,0.046263817807302016,0.0037126418703999535,0.0025312499999999983,0.15389485160508798,0.34782870431123858,-0.040726109068291626,-0.047872851562500006,0.063943064809206557,0.046263817807302016,0.0037126418703999535,0.0025312499999999983,0.15389485160508798,0.34782870431123858,-0.040726109068291626,-0.047872851562500006,0.55686195013176565,0ded9aaa6f4446fb494d69d093f1d9feb132b01194ef0cdb0b38f71bc2275dd6,0.55686195013176565,0ded9aaa6f4446fb494d69d093f1d9feb132b01194ef0cdb0b38f71bc2275dd6
49,Logistic T-learner,ceeb2d18ef5848bd7c10f5667c97848c59ac74f7ee7738ad3b5dbbe45aa52a8e,7724a9176eaa86e10ff44d659eea2ffe09738ba94ca4a468c6358fa35ccf8334,f68bbba8db7d13c431ec620d655af472b573f47962d3569ee9ac6cb269069cd1,0.033570937003081322,0.029996272197885157,0.099323008717011663,0.052705509179192409,0.0097896749029420423,0.0070429687499999971,-0.15432879010274692,0.85503031662216733,-0.21196541241223196,-0.22341949218750001,0.087770177838577296,0.056476591017111527,0.006571653232507811,0.0059882812499999979,-0.2598149566803466,0.90227435589728944,-0.24403875564130359,-0.24669644531250001,0.087770177838577296,0.056476591017111527,0.006571653232507811,0.0059882812499999979,-0.2598149566803466,0.90227435589728944,-0.24403875564130359,-0.24669644531250001,0.075468432449075723,0.040887850467289724,0.0072619222161750593,0.0065156249999999971,0.28330351799168663,0.29012450563014847,-0.0014324074040769862,-0.0059337890625000079,0.075468432449075723,0.040887850467289724,0.0072619222161750593,0.0065156249999999971,0.28330351799168663,0.29012450563014847,-0.0014324074040769862,-0.0059337890625000079,0.63022712799830183,10f66bd74189a3324fd2be4749219b44a3f151a54a6943f195296fd3b0659d90,0.63022712799830183,10f66bd74189a3324fd2be4749219b44a3f151a54a6943f195296fd3b0659d90
50,Gradient-boosted T-learner,e5d3a028a2ffcc1d378e4f0fd9735dce160589eb3660a69802c867295b9a6aa9,697a63cbdef0523e0d3bb9f086eb8f04f834674fddb1f51a118fae538f56ce72,504d05db5336fb35980ca2af21beb397e1c0a72427b1839e0de25da078a02584,0.025101878240778752,0.029140770943593547,0.083702233633109968,0.046615775219562852,0.0077881562668448943,0.0057773437499999978,-0.034777094301995826,0.72090286733646913,-0.15869279194407765,-0.17023453125000004,0.077524458420684839,0.048556202681548838,0.0060833337052185596,0.005191406249999999,-0.37336769159096206,0.8646838385557386,-0.25999082133080714,-0.265824375,0.066799669785360491,0.05272218386422646,0.0029562720434381465,0.0036679687499999989,-0.42313974172497826,0.87889979307945665,-0.27342830230893134,-0.268973203125,0.073034415274100928,0.041920094965723187,0.0065340072647593252,0.0056953124999999981,-0.14517858470314282,0.4754777602956971,-0.13033783244975639,-0.13583027343750001,0.05992096393580959,0.04709654071891449,0.0026931288755479709,0.0032343749999999977,-0.18221472690611362,0.4892898803985456,-0.14101596753397844,-0.13793144531249998,0.63369495851946389,b557e08feed5b3f2eaa9e92e64dea921de90b0a0f188b82a6c2474354fa58962,0.39180862631388186,1eba607e6e1781f88e3d603734c5e0c5c8cabeb6740f4135da208622903cd54c
51,Logistic T-learner,62d002126df66ee4afe03e8bef4850447333f159bb6c47373741c7e710ff989b,f91dff804a390d1c88961111c101749bb3f5bc9a3d2abcc6781de524e2975580,558383b12c26c340ac1cfbc23058bc0e168ee372ac99c1bae896cd7ebdcbb0cd,0.037295395114785121,0.034210575190319156,0.10463495020221256,0.041297522264918327,0.013300859866831789,0.014414062499999998,0.2619884373409026,0.38915039405708429,-0.026704010910398153,-0.020510625000000032,0.066236952586255504,0.058476863318857417,0.0016296187461535983,0.0014062499999999984,0.46424175410157376,0.30212612316465848,0.034044282496752204,0.032548359374999961,0.066236952586255504,0.058476863318857417,0.0016296187461535983,0.0014062499999999984,0.46424175410157376,0.30212612316465848,0.034044282496752204,0.032548359374999961,0.065786134810370184,0.045255021994821412,0.0043115336912652414,0.003468749999999997,0.0089433496310846738,0.40983525381341712,-0.084187299878289809,-0.089467382812500024,0.065786134810370184,0.045255021994821412,0.0043115336912652414,0.003468749999999997,0.0089433496310846738,0.40983525381341712,-0.084187299878289809,-0.089467382812500024,0.68865435356200533,b95ddfb6c9476c48918d27ad89274f7fd2206ebc7d0146473a56e6ae5ae8dbf5,0.68865435356200533,b95ddfb6c9476c48918d27ad89274f7fd2206ebc7d0146473a56e6ae5ae8dbf5
52,Gradient-boosted T-learner,d3dbfabe011ff5a54337ac02f51871927d2f086547813c31e4dfa32dd96e81d3,0c9f954aa1ab323eaa72f02e604712a2969b592f1907d472b590c3607ac68c00,4ae9b18d058b36c965502aa95e1671f83096cc9896b89c2667c6a998249b7d92,0.038335483693338238,0.051016835642168246,0.092044442254721914,0.037577189759260304,0.011438123024046938,0.011730468749999995,-0.10512282762269687,0.26928813266013363,-0.078626301659394396,-0.077117929687500031,0.079358839972047512,0.043658079315674794,0.0074971597378382703,0.0065742187499999985,-0.089479821802935122,0.26157728404924274,-0.073721992228957353,-0.079106601562500017,0.082562466167653337,0.041425219709183461,0.008638821756278673,0.0096210937499999968,0.28998726872830993,0.10287504089810096,0.039293567844343881,0.044274257812499968,0.068218380160727426,0.044465496597700105,0.0049881055482357377,0.0037031249999999977,0.072816325493058387,0.37969877725121748,-0.064445314869213413,-0.071500195312500028,0.084856461008250839,0.036024920716149086,0.010254623461341367,0.011789062499999996,0.16625407775081524,0.34292891871206044,-0.037101716601861491,-0.029229492187500004,0.70970614425645595,65129ab5d41dc7c125ef9e9e3e92de9b162ec5ee92ec9cff7df66b5c409c6678,0.48062463851937537,f9a2fe9eff4cf56b7ae35b50c59622d65f3a168cfea89553d734827090c46199
53,Gradient-boosted T-learner,cf47ae019510c962fce9752e855a6a1d9597a91b89c32f557478dbddf7ab8a36,a9ee70bb93825e97c73577a512dcfa71eeb6571267b1f4184ea4a680f7a61269,a553d9f4cad032a726444cb2fae886e3ee766307ea1a1e6c3b0bfb6957b1500d,0.017451814893970838,0.040367428139254175,0.077725585512448708,0.038070688168877861,0.0083275284421498782,0.0084726562499999984,0.51460735576758498,-0.18290310408387822,0.14647719656880726,0.14701722656249994,0.069494911457900321,0.041588416279444651,0.0058603639874756901,0.0060117187499999988,0.9855247360364634,-0.38477304514202815,0.2877625340474832,0.28833363281249996,0.037783132768096556,0.054558890962803086,-0.0035229092208883712,-0.002074218750000001,0.25539626242525104,-0.066196068714262868,0.067534389539297912,0.07521527343749998,0.07002124505136717,0.043746855623288963,0.0055176217798964229,0.0041718749999999968,0.24922392187338815,0.30744200209125705,-0.012225796845752467,-0.020401757812500046,0.044140624999999989,0.05407554417650641,-0.0020863330270663484,-0.002156250000000001,0.093257812499999981,0.37099524563187991,-0.058324860957694784,-0.058877929687499997,0.62574089754445383,5c838d64159b4abc8ac11d15eb18f832e57b14e6b77ab3d8da59623119a1ea1e,0.44660011301563385,ba13fbead9b65ab1314aba40b41d3480af0814caf44f1e298cf132243a6f4399
54,Logistic T-learner,1d635f201c4c0c8ef94922f6fa326bab756498e08250ba5d185a70fdc421b664,ec04afa0afa593402a3cbe11feb3890535f06a57136fe55627c42599906cd8fb,1d7e7ddd91057ebd26b78c5889f45f1f8f0c2faa4e64b5fe9acb4ee55c07d242,0.016693502588597947,0.0077252168633209772,0.092065597054944409,0.031368640863794151,0.012746360800141554,0.011214843749999997,0.014501608765598584,0.012501278139720906,0.00042006943143431229,-0.0094907812500000296,0.091517178473700195,0.031057673014662543,0.012696496146397906,0.012269531249999997,0.3916207085772303,-0.14812515012051208,0.11334663032652589,0.11049867187499997,0.091517178473700195,0.031057673014662543,0.012696496146397906,0.012269531249999997,0.3916207085772303,-0.14812515012051208,0.11334663032652589,0.11049867187499997,0.078061656251403821,0.039839142745516337,0.0080267278362363709,0.0072187499999999969,0.099624200643249283,0.36797291481112882,-0.056353229975254701,-0.060958007812500006,0.078061656251403821,0.039839142745516337,0.0080267278362363709,0.0072187499999999969,0.099624200643249283,0.36797291481112882,-0.056353229975254701,-0.060958007812500006,0.72004479283314671,cb7a7a52d9ca9c6db3610c58828d7c9714dda58a1c66e269f640a8628c1721d0,0.72004479283314671,cb7a7a52d9ca9c6db3610c58828d7c9714dda58a1c66e269f640a8628c1721d0
55,Logistic T-learner,aa19eaecd8c6b7521bf283f6dc1c4ef02b6ca03ccebc04bf292a2f8e6bda4c19,537a533a7a5ae063758ec204c24bb7537791c0e4211c219a23800058cc991369,8204c391f5686e7b3908b202ceedfad83f13175841608070f7fc000444936d55,0.025644221848065835,0.0063422223713720943,0.076210826210826227,0.039152462528415755,0.0077822563733061989,0.0094804687499999967,-0.9820260565052229,0.34544864468531655,-0.27876968725001328,-0.26572898437500003,0.081616746464758944,0.037686607925599344,0.0092253290932235148,0.0094804687499999967,-0.32919657616629006,0.071606473635320689,-0.084168640458338259,-0.082021171875000048,0.081616746464758944,0.037686607925599344,0.0092253290932235148,0.0094804687499999967,-0.32919657616629006,0.071606473635320689,-0.084168640458338259,-0.082021171875000048,0.083778659376975012,0.037201354148697588,0.009781234097938258,0.0094453124999999954,0.35418786692759285,0.25976922330515795,0.019827915160711331,0.01775214843749998,0.083778659376975012,0.037201354148697588,0.009781234097938258,0.0094453124999999954,0.35418786692759285,0.25976922330515795,0.019827915160711331,0.01775214843749998,0.5486993345432547,0fa2f89788b9e813a4b68e3beae1fa1fd71d7742d5903032fde40264d4fd1298,0.5486993345432547,0fa2f89788b9e813a4b68e3beae1fa1fd71d7742d5903032fde40264d4fd1298
56,Gradient-boosted T-learner,e0a6e2e8f956e57c45433e74110291d9fb8ee791130b1bee8014f218f033e595,3ef46f37b433cd6331dce56674a43f346944e65dcb4556ec2421d12707067f72,4a47ac7a96aef81063a1536356901ed0ba7221d6a2b5edb9c311cf5fdfa980f8,0.0080712708566166858,0.025152204375397294,0.082154088050314461,0.034366750257029816,0.010035340936589775,0.0090820312499999972,-0.13516698695550899,0.42539515363421176,-0.11771804952384135,-0.12330222656250006,0.066996401244856979,0.041048582699323682,0.0054490418945619921,0.0041601562499999981,-0.1580827459482228,0.43717328344340922,-0.12500376617224271,-0.1328026171875,0.051349316380046528,0.047634110694226559,0.00078019319402219359,-0.00052734375000000112,-0.15947530803509435,0.43311943460811675,-0.12444489595507433,-0.13139988281249998,0.0798204448071822,0.039360543579877727,0.008496579257733939,0.0071015624999999959,-0.19185354462808069,0.49566773707018941,-0.14437946915663671,-0.15295136718750002,0.056425271749436762,0.049167171217070066,0.0015242011117970061,0.00065624999999999798,0.41930398768119781,0.23080905135299368,0.039583936628922865,0.034712695312499972,0.7021276595744681,93d4547d2b2fee1af0c91873fbd86e5de0aa8473df0ec38b7c5e18f7abd87672,0.41749723145071982,0745ae2754f8c8791c11036c5a7d27d1de554be4c88fe5eae7f70cb196eef6b6
57,Logistic T-learner,6be17e2ff78cce395bf5f0e702dfd5e060aba644d95adbded684561d484b3af4,ae5a7cc8c5e7a205dbde0391df7430f6275d08b029d44b46230f3066b66817f2,65c175ed830860fcacbcff9ca48d76973d7e3ef933cfbfe5cda28420dfa5a3b8,0.024405977343006646,-0.0014269685847990154,0.088781398321549326,0.043789592576071179,0.0094482792065504109,0.0081914062499999982,0.32357838277536288,-0.0014683437631409779,0.068259812573085804,0.061837382812499946,0.086406254680526012,0.045758080796677078,0.0085361165156082764,0.0057304687499999977,1.2556393074319265,-0.40501491681370128,0.34873738709158186,0.33539050781249996,0.086406254680526012,0.045758080796677078,0.0085361165156082764,0.0057304687499999977,1.2556393074319265,-0.40501491681370128,0.34873738709158186,0.33539050781249996,0.081660599462457045,0.038304790743991804,0.0091047198308777007,0.008390624999999997,0.62747435006391195,0.14087017019297898,0.10218687777289592,0.098366601562499975,0.081660599462457045,0.038304790743991804,0.0091047198308777007,0.008390624999999997,0.62747435006391195,0.14087017019297898,0.10218687777289592,0.098366601562499975,0.66197792685565893,d22a303778199fbb8c15c739b1267eac0e12d95bd8ce97213a0032cc88099f02,0.66197792685565893,d22a303778199fbb8c15c739b1267eac0e12d95bd8ce97213a0032cc88099f02
58,Logistic T-learner,5d80f3c0fb4887d9fc8e945a4644159e10555aa8941486e32b0e15a0f2de5d61,7c3986c29b7aa23e18340a5adb67b7a774cfd96e274b50d8576af854e6465c6d,f230b05569bf4959b7d9a4cb0fa8e1e112b8cdf68f7e3f5da6db24d77813469e,0.059784381457745811,0.027235263908120838,0.060915209544172899,0.03380811466904389,0.0056924899237770915,0.0072070312499999982,0.30830921530188493,0.41419041648370303,-0.0222350522481818,-0.015430429687500026,0.065465282856587204,0.032873948650864557,0.0068441801832017559,0.00638671875,0.32502333284941987,0.405910453240929,-0.016986295282216918,-0.019290585937500007,0.065465282856587204,0.032873948650864557,0.0068441801832017559,0.00638671875,0.32502333284941987,0.405910453240929,-0.016986295282216918,-0.019290585937500007,0.076865660825832988,0.040685404222221624,0.0075978538867583862,0.0060468749999999984,-0.10486492166326089,0.45867306857430301,-0.11834297794988842,-0.12789433593750002,0.076865660825832988,0.040685404222221624,0.0075978538867583862,0.0060468749999999984,-0.10486492166326089,0.45867306857430301,-0.11834297794988842,-0.12789433593750002,0.63822525597269619,8316afd4d457734205be16681297e0fd3e6366aff35858f8a644be72816808b3,0.63822525597269619,8316afd4d457734205be16681297e0fd3e6366aff35858f8a644be72816808b3
59,Logistic T-learner,ebfa833ec76fe93b51fd04fff1a27be2a33bd485d29440fe248ffcd12e518b2e,50c0530d7b7992cfaf64773cb6c9c6e9ddfc0c798a336a7b22fe18ea99c95586,87dabe00e14d55174cf2025b0c6340da5539ac36a53b6ed984c5e998604454ca,0.018088367936385186,0.017482734826223881,0.093781940404119829,0.03442544786387372,0.012464863433451682,0.013242187499999995,0.36484889731897152,0.36077741669222452,0.00085501093161687079,0.0044090624999999582,0.080632776284950192,0.040599102456280511,0.0084070715040206329,0.0079687499999999984,0.15207314033400987,0.449512076036643,-0.062462176497552958,-0.064888593750000029,0.080632776284950192,0.040599102456280511,0.0084070715040206329,0.0079687499999999984,0.15207314033400987,0.449512076036643,-0.062462176497552958,-0.064888593750000029,0.074193645717044315,0.041921247801854203,0.006777203562189923,0.0051093749999999967,-0.036562622574902726,0.42459590350157594,-0.096843290476060523,-0.10579511718750002,0.074193645717044315,0.041921247801854203,0.006777203562189923,0.0051093749999999967,-0.036562622574902726,0.42459590350157594,-0.096843290476060523,-0.10579511718750002,0.73637802396563423,8c9592aca8a4084ec97866cc99844d3abb72409108dda7d755439f489c0db484,0.73637802396563423,8c9592aca8a4084ec97866cc99844d3abb72409108dda7d755439f489c0db484
60,Gradient-boosted T-learner,00d6ee8932a960bd1fab03a994a6b9606dbdb450e56fd1565aed4a4ed91e6374,ba4b44affa5f39ee3d0f3417e78a71f09d683676c91608930393cf3a50a7d8f3,8cde491945381215c8b0094f1a3e879bb25708d8019c2dbde28f6e71f6aa3d35,0.011208368576192423,0.032360462209570215,0.10213125208342391,0.030467953320742008,0.015049292740163199,0.013523437499999997,-0.024360624374972772,0.81671295837213531,-0.1766254523768927,-0.18387339843750003,0.086490867930320001,0.036926511683898197,0.010408514811748579,0.0080156250000000002,0.12865182065843006,0.74987152087681819,-0.13045613704586151,-0.14205972656250002,0.081276539983071078,0.039524088376091115,0.0087680148374657922,0.0041484374999999985,-0.040881065459684063,0.81452988980451502,-0.1796363006054818,-0.1997534765625,0.076243849671511099,0.040448101227128996,0.0075171071733202413,0.0069843749999999975,0.011223384309960394,0.40706429683053869,-0.083126591629321442,-0.086483789062500011,0.0715438264278761,0.042552663439380842,0.0060881442275840039,0.0051093749999999967,-0.0084852808714974692,0.4142058238028905,-0.088765131981621476,-0.094540429687500024,0.63439029580761863,518e7f6c82a00c5183fcfa6d5993c63d3df81da543b21fbf10b7b30c478a35e7,0.43847162389960664,661791ff1050dd7733292f2e534fee33e8a529d919cca2c3d68f4fbe4cc0967c
61,Logistic T-learner,def23a08d6f171a0a4b754cfc4c952997450a8f5ae21ab0fa24c96c9afa3757e,f818c6304a5ca63fc5c1aeaa60ecaef898b03ee906bd83f643e2dd188aff272a,b531175cccf01f7e041f486b103666461d749c9c5ec510c7c38fedd2eb08b621,0.026019550066032265,0.023135779639610693,0.073559153103288116,0.040833094894329416,0.0068724722238813268,0.005507812499999998,-0.84565742873178396,0.12056518353381085,-0.2029067485757749,-0.21310148437500004,0.07224629949761624,0.041879906497093597,0.0063769425301097547,0.0036328124999999976,-1.0334426567737065,0.2137100447704593,-0.26190206732427479,-0.28485656250000008,0.07224629949761624,0.041879906497093597,0.0063769425301097547,0.0036328124999999976,-1.0334426567737065,0.2137100447704593,-0.26190206732427479,-0.28485656250000008,0.068487746113014336,0.044464703426785782,0.005044838964107996,0.0031171874999999976,-0.10050194631630482,0.45764266835180467,-0.117210369080303,-0.12908378906250004,0.068487746113014336,0.044464703426785782,0.005044838964107996,0.0031171874999999976,-0.10050194631630482,0.45764266835180467,-0.117210369080303,-0.12908378906250004,0.67320261437908502,2704c4c3149e56750824623aa5de7361f7d47337c6bf73b819553b568969b4e7,0.67320261437908502,2704c4c3149e56750824623aa5de7361f7d47337c6bf73b819553b568969b4e7
62,Gradient-boosted T-learner,2a204ef15d306aac732c6b7d31d40dd2bafcef84d1f66672a89c06350e8383b3,c8ffb235d8993b09ccc258b33ba0ade0c8f2c466cb929138061cbff7b391bb1e,65453e2b17c55b2517f8dbf239ad4cd7f946d0a20d835727bc9ecf05db980661,0.046352313656014679,0.047444764730760022,0.086634937266522355,0.043121148520128522,0.0091378956367427055,0.010253906249999995,0.038007413998449646,0.60541641366469956,-0.11915588992991248,-0.11359078124999999,0.064860813762666086,0.053878027129139458,0.002306385193040592,0.00076171874999999829,0.007279998454609915,0.61845473424774211,-0.12834669451655775,-0.13670484375,0.095187825878107979,0.040021095997712072,0.01158501327488314,0.013300781249999996,0.64182468467613041,0.35811227265908341,0.059579606523579867,0.066493593749999982,0.073789004205465303,0.0417868400957144,0.0067204544630476894,0.0056953124999999981,0.10833527705275581,0.36519471964579453,-0.053940482944538133,-0.059966601562500034,0.084442676859738483,0.036702411255417317,0.010025455776907445,0.010617187499999998,0.43977448565126293,0.22477881129068122,0.045149091615722156,0.048116601562499986,0.59270012442969722,b13ceeb087c6c687122e689c2b7d324125831bbac7c3e045de9746f7b78fc1c8,0.36484805402523546,9e54fb97c76a1fc7bd9ddda6080487470c6f61873feb3095fec4a354a74019ad
63,Logistic T-learner,43114ab61d86324a44978e0769fa862f45361f5cc30320e308a05f336c3e849d,c6afb75606d132cd1872fde8b30c85eb1fb41680935f51b7c2a9e0641ffaaef7,200865ae6e81cd3b2dc91483b0baa3ea58992028ce4c4830e9ab8d9047793b62,0.037803008965476337,0.0084800726916234304,0.05286083425618307,0.044523056838636138,0.0017509332576848557,0.0028007812499999986,-0.40687836840162439,0.74909515254158987,-0.24275443939807498,-0.23697703125000003,0.055433683630013164,0.043784841988970202,0.0024462567446190218,0.0029179687499999978,-0.23522699837617567,0.67644750692575872,-0.1914516461134062,-0.18852585937500002,0.055433683630013164,0.043784841988970202,0.0024462567446190218,0.0029179687499999978,-0.23522699837617567,0.67644750692575872,-0.1914516461134062,-0.18852585937500002,0.072215440082727289,0.04245384026246446,0.0062499359622551938,0.0052265624999999968,-0.062043172392557078,0.43960304935908179,-0.10534570656784416,-0.11169667968750004,0.072215440082727289,0.04245384026246446,0.0062499359622551938,0.0052265624999999968,-0.062043172392557078,0.43960304935908179,-0.10534570656784416,-0.11169667968750004,0.69986719787516605,993e60b2407688b6212ac39b93b32d3a7f4ee472ef575d7645d479d938e360ed,0.69986719787516605,993e60b2407688b6212ac39b93b32d3a7f4ee472ef575d7645d479d938e360ed
64,Logistic T-learner,d3f9dbab4cf5f97756834cee2f49d9012168d3b56ea2bfecd5a2c0f430c01610,7ea3e9f7bafe590f70adf59aa7257754091a82a8ac84d5c9f8b480e351c32c5e,e32900a8a32f7363b494c176fb7c3f8cd311659f6a071b5b43104b31402911f0,-1.7013860967224348e-05,-0.0057748591154286322,0.090023015393555866,0.048188377227566623,0.0087852740148577409,0.009304687499999997,0.37662084736739032,0.79413692993648843,-0.087678377339510602,-0.085213007812500033,0.09433205143568904,0.047061605537299489,0.0099267936386618055,0.0087187499999999973,0.43571090847686589,0.77041781534777432,-0.070288450442890768,-0.075822773437500005,0.09433205143568904,0.047061605537299489,0.0099267936386618055,0.0087187499999999973,0.43571090847686589,0.77041781534777432,-0.070288450442890768,-0.075822773437500005,0.072638193890067954,0.042045240862995506,0.0064245201356852135,0.0059296874999999975,0.12543169162172163,0.3572923434118469,-0.048690736875926302,-0.051583007812500019,0.072638193890067954,0.042045240862995506,0.0064245201356852135,0.0059296874999999975,0.12543169162172163,0.3572923434118469,-0.048690736875926302,-0.051583007812500019,0.53140578265204386,ab7d4f179420520a44049ba84a6a732114cbaa318471cabe2971399686283a4e,0.53140578265204386,ab7d4f179420520a44049ba84a6a732114cbaa318471cabe2971399686283a4e
65,Gradient-boosted T-learner,7f034d8175b388271b510acb82aa3b0058756f9b5782040d7b1b19bad7618a35,18f7266b8e4625422a89f1ed05dbce045d7678702cb113508d27d782d80982ac,eb3b198359bf6343ebbeed5da17fa2f233eaa273bf257de25879e9eb38c0c2ab,-0.0079852740679521861,0.024178085974981112,0.085934285546346911,0.046672892438354457,0.0082448925526784154,0.0086015624999999981,0.17458105566331616,0.77657527777701518,-0.12641878664387679,-0.12466242187500001,0.066227046353599717,0.054304635761589393,0.0025037062243221681,0.0044999999999999988,0.63608862765354179,0.57303553191963807,0.013241150104119781,0.024575859374999974,0.085736137667304008,0.04619315012556946,0.008304027383764255,0.010945312499999997,0.40350239981269742,0.69173146415865794,-0.060528103512651706,-0.050843671875000017,0.068539529375200581,0.043338088342819464,0.0052923026168000343,0.0058124999999999974,0.049982051119368376,0.38870212434230367,-0.071131215376816409,-0.067950585937500002,0.074965081519365401,0.040675044085389453,0.0072009078611349484,0.0076874999999999973,0.083917536295450512,0.37522988021677095,-0.061175592223477293,-0.058391601562499999,0.57635467980295563,de53df1bdb15b895f61f89ff1732eac07aabcbd3c51d9060d8fb64de120c2585,0.37461965276534814,174ba256dfb3b036ba29e6d2b33043b23deb98979c8a786138a942c7dd553530
66,Logistic T-learner,6bf23260b91e07b66640f57c6a8fac4fb9b2e1da9c14fb7e84503ed247469e7d,5a21f8a5ec4e4735b668c516652de20a47360599bbe6ecb8b9e8f7ac21aa6d4f,07eb0f2dca49b81733468607b468ceccd0aa0a666542df2f7cbdba2f5c8e02fe,0.049042234929326842,0.0037272399755458874,0.08555705819617157,0.02489075482163132,0.012739923708653452,0.012773437499999998,0.27405104580121875,0.090149822840275395,0.038619256821798106,0.03859546874999998,0.075667057352400258,0.028997831969210602,0.0098005373304698266,0.010195312499999996,0.3539412666731796,0.056071545016050162,0.062552641547997181,0.064799765624999991,0.075667057352400258,0.028997831969210602,0.0098005373304698266,0.010195312499999996,0.3539412666731796,0.056071545016050162,0.062552641547997181,0.064799765624999991,0.07803447535941635,0.039932611147513231,0.008001391484499654,0.0069843749999999975,0.19248574033282451,0.32930188854130071,-0.028731391123780002,-0.034799414062500027,0.07803447535941635,0.039932611147513231,0.008001391484499654,0.0069843749999999975,0.19248574033282451,0.32930188854130071,-0.028731391123780002,-0.034799414062500027,0.61718256475047384,ff8254cf49f095176055803e0f122170079013430b2f9391e5e73e60dfd0fe48,0.61718256475047384,ff8254cf49f095176055803e0f122170079013430b2f9391e5e73e60dfd0fe48
67,Gradient-boosted T-learner,13a327980196089da54911a1a62f8dfce4f8f8b31a07f56477d2e350d863b731,20b1664ee47b444396d4a3f17ff91808971fb6558afef34a6a60042f22fa4f4d,1f5d4df9bed3224bfe0d7afe8db7d15e0952c7b56821d9ca2634c2b542b02112,0.018754011783845753,0.03335648984271293,0.08411536722355642,0.021323464072006762,0.013186299661825428,0.012117187499999998,0.39480793546689874,0.20234045586186056,0.04041817071705802,0.036460781249999991,0.069358719015598203,0.026566693350433282,0.0089863253896846334,0.010242187499999998,0.47279887499753503,0.17745180366894797,0.062022884979003282,0.066125625000000007,0.057209116173077668,0.032430063865202058,0.0052036009846538776,0.0049687499999999992,0.024710569399606364,0.36451692552472736,-0.071359334786275402,-0.072482578124999988,0.072264188456514,0.042068934977546379,0.0063410032305832005,0.0061640624999999968,0.23510982034277461,0.31008880252387006,-0.015745586258030044,-0.016840429687500009,0.077059163746470233,0.040063407112465046,0.0077691088931410891,0.0071015624999999959,0.13533694854460004,0.3500563166519175,-0.045091067302536661,-0.0485302734375,0.66558230318802858,6dfd74e21b0e5117f5dd0d707462bc3cf45d9d6b041c4b50603d843b51691625,0.37980596478620193,125aa1b3ce720afdedfad5313639a99d8bd001c2447d4226f1d42b399d406c3e
68,Gradient-boosted T-learner,7b3e689667b0ec48f085548fa36838442a2ede2094ccabaeb2aea2b5c2d1ebb5,1e4c6e2fa16e354e90508a90925f719c45e008379da62ef759d55ee35e230c48,55a8119f9dfbaa8ca6b4bd83c2d5dc9d2321f339fadf74450190205544db58e1,-0.0033424181315396262,0.01627202180409594,0.08698168579099802,0.040292034546269728,0.0098048267613929409,0.0074179687499999957,-0.28594700262729411,0.65878866682370862,-0.19839449058471056,-0.21253066406250004,0.080703233821481021,0.042352298133953567,0.0080536964943807646,0.0062460937499999973,0.075799284719346605,0.49919184834842256,-0.088912438362105953,-0.099189257812500015,0.082649590980115817,0.040949900575686954,0.0087569349849300603,0.0091757812499999973,-0.028381384233585494,0.54756629076373042,-0.12094901174943634,-0.11855214843750002,0.084017777152770284,0.037188692219886507,0.0098341078359055929,0.0088593749999999975,0.29917132088463894,0.28050476357539789,0.0039199770349406205,-0.0014244140625000058,0.075955550128220778,0.040120339623023069,0.0075253942060915183,0.0087421874999999965,0.19330624599888235,0.33142992014098227,-0.029005971569840982,-0.022684570312500006,0.58874637980968147,abce1f632717e010405cb7ebab75dbae21a6e17b2fb3db7283bd19bbbbe63105,0.44171203303923406,e1c5a6a613128b966d9f22f5c51404e575e9e7d573193cda6e261e3eeb1001f1
69,Gradient-boosted T-learner,64e41c5cda56efa396186872392e78399945ffb498ed5fb4072bcf9498e9e8cb,d05fe68366b74f4a71a16d3172cebfa76c2e41283a19651b4ab2b1b570e7b2f8,c3994f39c16afd335903fc3b7f00dba2046f428d25353c8ba3bc735399166618,0.020363275831471614,0.031415665025376113,0.087783956982452921,0.041205419553698164,0.009781492860038498,0.012187499999999995,0.043975391535056474,-0.0081564008089227702,0.010947676392235641,0.026829374999999961,0.077129295138773812,0.046506681294753618,0.0064307489072442407,0.0071484374999999968,0.099952312037620228,-0.031112256107202807,0.027523559310412837,0.03200554687499995,0.079892072065526121,0.045754621405246471,0.0071688646386587262,0.0071484374999999977,-0.53613467056671005,0.24234504607661578,-0.16348074049509842,-0.16349835937500001,0.070629209827194284,0.043273596262900144,0.0057446788485017693,0.0046406249999999972,-0.13031068308834415,0.4680639573983586,-0.12565867450220758,-0.13212246093750002,0.073828125000000022,0.041333866789381765,0.0068237942242298337,0.0067499999999999982,-0.0064375000000000959,0.41409452933191926,-0.088311726159703063,-0.088786523437500015,0.66956521739130437,08d8a2bed2a29e3a20199faf3860592f58de10009e97625d321a34808d6fbf07,0.40969162995594716,5ff7b26998983d700c9ac62762380d1b4d3f84e4ce0fe772b08eceba037b79e7
70,Gradient-boosted T-learner,77e6e5721ce702752dad4b236e9a2c614e38c4f5f9d73445624eed2d628d35e5,125b0dfbaac382936b869663b1dc9f9fdaae3b5fdd7504d7ccada9c85077d6c2,335758e7e764a19a91d56cb00986d0fea49c93a0a5420ee4a22cc805d6bdece3,0.031149040044368026,0.050297132537699532,0.086477250856111521,0.039891458892257398,0.009783016312409366,0.0085078124999999963,0.50338159514549374,0.75692488561808369,-0.053244090999243883,-0.059667656250000034,0.091407375178457567,0.038041193778898696,0.011206898093907363,0.008390624999999997,0.26434206277935646,0.85690001232044755,-0.12443716940362913,-0.13890632812500001,0.068996843511436257,0.046291393210902532,0.0047681445631120823,0.0060468749999999984,0.47546908824476286,0.77171955397649639,-0.06221259780366404,-0.055897734375000001,0.073005171958468229,0.042116567409691455,0.0064866069552431222,0.0052265624999999986,-0.2829559571299487,0.53161864458522845,-0.17106066636018719,-0.17827089843750002,0.056613547395791552,0.048401942567548664,0.0017244370139310064,0.002531249999999997,-0.13786184565270898,0.46930381855822922,-0.12750478948429703,-0.1225869140625,0.53507895262842298,74601a8aff787d0c39642c8d42b41f572a8d2ab3ab85422accbc263a42168194,0.3728995352163032,b48404fa3acf65185fba1a02aaa13e4106773c0bd921d07bd4362bdab2a7ce35
71,Logistic T-learner,b868770d77a0ee05e87b97071b1938915937c99c1c6fb43b9c46f67850135e6c,81f398608c1f01b3c242dd7f577a4a314e9bf0efe103fa3850a28630761e84ca,f33cb2943fe1335a6b46f2ac65859088838e56595ef4c7c8cc39ceb9b1330656,0.018816545724778852,0.012406677215413886,0.087870943208576496,0.033911500791824728,0.01133148290751787,0.011050781249999997,0.33032234946543237,0.64721403679252243,-0.06654725433868891,-0.068142421874999998,0.08703481392557022,0.03443590219729506,0.011045771462937783,0.010347656249999998,0.49338004432542248,0.57727227306661133,-0.017617368035649658,-0.021422109374999998,0.08703481392557022,0.03443590219729506,0.011045771462937783,0.010347656249999998,0.49338004432542248,0.57727227306661133,-0.017617368035649658,-0.021422109374999998,0.080649423845595564,0.038487524359512387,0.0088539988920774675,0.0086249999999999955,0.18779579294349169,0.33045254186557893,-0.029957917273638321,-0.031347070312500024,0.080649423845595564,0.038487524359512387,0.0088539988920774675,0.0086249999999999955,0.18779579294349169,0.33045254186557893,-0.029957917273638321,-0.031347070312500024,0.60568680744302739,0f0e92ddf8628377c9b41b5fc4a528491a4402e5c41aa61579b64c7effd442bd,0.60568680744302739,0f0e92ddf8628377c9b41b5fc4a528491a4402e5c41aa61579b64c7effd442bd
72,Logistic T-learner,d180ea5fcc10e1772f8a02ddea37ac3f9bf2e79454ce87c39815bced779d6bfc,db324c7ed18fe8072300865a04d58f9a5a914bc180f346639080c27360dac438,da1a24562fc8effb052439bc41faff48e839b9de027de70e55330222dac3396e,0.035046792528122275,0.017252035801084822,0.085006847154351639,0.033907727767751361,0.010730815071186058,0.0092109374999999969,0.03148234546159967,0.86895781716026277,-0.17586984905671924,-0.18440203124999996,0.083992499906839602,0.034170629462577998,0.010462592793294936,0.0093281249999999979,0.28874310726714669,0.76244313263097607,-0.099477005326404161,-0.10672781250000002,0.083992499906839602,0.034170629462577998,0.010462592793294936,0.0093281249999999979,0.28874310726714669,0.76244313263097607,-0.099477005326404161,-0.10672781250000002,0.085723889713297197,0.036561327052422113,0.010324138158783767,0.0095624999999999964,0.32151419667558478,0.27270845403934807,0.010249205953609709,0.0059783203124999847,0.085723889713297197,0.036561327052422113,0.010324138158783767,0.0095624999999999964,0.32151419667558478,0.27270845403934807,0.010249205953609709,0.0059783203124999847,0.60133444537114267,e442c9d0e54dc352900dea0400acf15f45eda5ae2b21fee73f9b2a7b19c040a0,0.60133444537114267,e442c9d0e54dc352900dea0400acf15f45eda5ae2b21fee73f9b2a7b19c040a0
73,Logistic T-learner,54dc65d7546091e94a10eb9bfcc522ed6cdc6134e15f454547a48544cb068c70,468cbbeec4f0f429ef90f89e8337493809c02be1bf4ab57a39bd320422daa147,0e16c99bf337a9d7aa8004745b6b94d2d58d33c898c77695f99a7015cbefd88c,0.034640063900051615,0.022080253665672248,0.081616095220799018,0.03635036943207301,0.0095058024156324614,0.0084960937499999993,-0.041910898164523203,0.48277586092032576,-0.11018421940781828,-0.11613703125000002,0.071102388465584032,0.040290495620405639,0.0064704974974874622,0.0065039062499999975,0.25743017302356952,0.35463001512502579,-0.020411966841305817,-0.020463984375000008,0.071102388465584032,0.040290495620405639,0.0064704974974874622,0.0065039062499999975,0.25743017302356952,0.35463001512502579,-0.020411966841305817,-0.020463984375000008,0.07056004577641084,0.043100861939575935,0.0057664286057353296,0.0047578124999999973,-0.095804142183277929,0.45341156290823992,-0.11533529806921874,-0.12152988281250002,0.07056004577641084,0.043100861939575935,0.0057664286057353296,0.0047578124999999973,-0.095804142183277929,0.45341156290823992,-0.11533529806921874,-0.12152988281250002,0.60100062539086929,4caccd7bec553bc94fa5aaf6cfeede46cfe4bb2e2d2cd700e9f12a73b5675759,0.60100062539086929,4caccd7bec553bc94fa5aaf6cfeede46cfe4bb2e2d2cd700e9f12a73b5675759
74,Logistic T-learner,467d564d6513070cda3028d770724b8b1e3452508f06618ca2810d85d6abc5b6,9f14a4abf561aaf25c65908e313336e3cf70abfcbe2d776c857970e3df675bfc,222b02d22f3be5e16132a0af131e33843183daedfd6e31a73a0572b07dd2dd06,0.048118934415932679,0.022289279463714007,0.084039443055795471,0.044207835771908996,0.0083646375296161594,0.0099843749999999967,-1.2669802132713504,0.27069491815298774,-0.32291177759911099,-0.30875320312499999,0.068291533247728492,0.051074143437013358,0.0036156518602501781,0.0064687499999999988,-0.46148754249505186,-0.064464252617786766,-0.083374890874225671,-0.061986796875000014,0.068291533247728492,0.051074143437013358,0.0036156518602501781,0.0064687499999999988,-0.46148754249505186,-0.064464252617786766,-0.083374890874225671,-0.061986796875000014,0.068230707487673431,0.043653218422945048,0.0051612727035929605,0.0053437499999999969,-0.16209297098956554,0.48041015420472422,-0.13492565629080083,-0.13381582031250003,0.068230707487673431,0.043653218422945048,0.0051612727035929605,0.0053437499999999969,-0.16209297098956554,0.48041015420472422,-0.13492565629080083,-0.13381582031250003,0.6526791478373144,027ddb3c6b80aa3e4d993558483cb36e6ff9b89a15d170c6b682401973cab773,0.6526791478373144,027ddb3c6b80aa3e4d993558483cb36e6ff9b89a15d170c6b682401973cab773
75,Logistic T-learner,1559a023432c92982354ab7f01ab5bbc549456d30f86c3c789b8dccddfd24097,ed5ca66ea0011f55ebc09832ad07d14d9fe4a8b7f53525d45436cc92dd483a3c,ec9c4f64daf48527dcb0fe48b28588340f523ffeb04311fdfec86728221f2e3a,0.030066985919654246,-0.0086050656235528433,0.07479497742276911,0.039918276694842159,0.0073241071528646591,0.0069960937499999988,-0.45509159578761438,0.35954000991892354,-0.17107263719837296,-0.17304011718749998,0.074166737663460658,0.040368342727810452,0.0070976629364865431,0.0061757812499999998,-0.46488448038381314,0.3666608283164936,-0.1746245148270644,-0.18071824218750002,0.074166737663460658,0.040368342727810452,0.0070976629364865431,0.0061757812499999998,-0.46488448038381314,0.3666608283164936,-0.1746245148270644,-0.18071824218750002,0.079445996821952858,0.038972974441569622,0.008499334699880479,0.0082734374999999978,0.25916951647411712,0.29962595083212473,-0.0084958512151815969,-0.0098607421874999986,0.079445996821952858,0.038972974441569622,0.008499334699880479,0.0082734374999999978,0.25916951647411712,0.29962595083212473,-0.0084958512151815969,-0.0098607421874999986,0.64983888292158964,a6c7fc8ff02369fa75646ffacceb4a280fc4d22685783a1a015ac13e3491729c,0.64983888292158964,a6c7fc8ff02369fa75646ffacceb4a280fc4d22685783a1a015ac13e3491729c
76,Gradient-boosted T-learner,8b415fffc163ad87a33e7a909594adf8b003b27125ab51836170ee7b399bf0de,fc5c6ed3e36f1a749d223725096844814125962438c445adf3a3f0560ea91eaf,a95364e7a5f5afdc3c9afd6936eeae28065fbd3c8782456ab5cd82b4932daec1,-0.0046379340229077137,-0.0019226679426303517,0.1005207751116641,0.041544746669796989,0.012384965972792093,0.011660156249999996,0.11175415915354003,0.46168319224092658,-0.073485096948351175,-0.077569101562499992,0.07721587671199262,0.051672186925238853,0.0053641748552182913,0.0042773437499999982,-0.054977846004509945,0.53320091279582493,-0.12351753934807032,-0.1297702734375,0.082928398541621984,0.048472104200018393,0.0072358218117367541,0.0076757812499999977,-0.030195042740280065,0.52274390883601829,-0.11611717983102265,-0.1133230078125,0.067929305538471652,0.043996265172735763,0.0050259384768045366,0.0046406249999999981,-0.12555429168529009,0.46579786721706229,-0.12418395336949399,-0.12663808593750001,0.068782457953550091,0.043466880052156584,0.0053162713592926365,0.0053437499999999969,0.40153624845612834,0.23910333785377202,0.034110911226494824,0.034119726562499994,0.53110047846889952,c654da976da90e8ae35a0178de12f54965b890e18cf8367c2f36c0f37949867f,0.3473684210526316,8edd773380ba2a58f7b1e747cefa9595874a6cab66e3a4ac02edf1c4b2388c42
77,Gradient-boosted T-learner,3fa7f3798e9133560b0f0dc326ff5f69c9b5ead6c10e0831f655a6d4783b42ca,974b790c3458a50b34390020efbe96085d521e9195a1a8d6df9f80a1c9ee33e4,ba8deea345ddc50fbc2da4d4fed7eacbed8cbc5b0f60e1a2b961612c8617cb6c,0.047698775781659264,0.068916783235858259,0.071543999535522818,0.040454803598088215,0.0065287311468612665,0.0051679687499999981,-0.75688248727526075,0.86814255818770814,-0.34125525954722347,-0.34904261718750001,0.069829928425871046,0.041892105679481095,0.0058669427767418895,0.0035273437499999992,-0.86905761180959606,0.92015820281601024,-0.3757353210713773,-0.38920863281250001,0.073680324843115541,0.038544292362354557,0.0073785668209598067,0.0083320312499999983,-0.54642580287929121,0.77407554700539227,-0.27730528347578354,-0.27191214843750006,0.072425729829298569,0.042701020441228463,0.0062421889714947216,0.0047578124999999973,-0.15375363660647057,0.4782170723494662,-0.13271384888074672,-0.14131113281250002,0.060952234353296469,0.046821060797870226,0.0029675464466395111,0.002999999999999997,-0.68172624086962597,0.70329642442638707,-0.29085475971216274,-0.29065605468749994,0.73324306025727826,c2c727538e8642236961e028dba7ad58929defce338c8c964d7bf61ea107318d,0.46564885496183206,dae9a07cd4613a032095d8694d1e72c23bb14329800654fdda48a22a4447601f
78,Gradient-boosted T-learner,a715e67e81337af0dd1cc1f9fa90eb4a197e6a17ba104da64965176e3868d44c,3e579133655835b5009dd045aee747a69862583f789a3c0c95bf76eee7ff1dfa,1b4108d264c8624aa55199d5c777f0d5cda0a813093af9313a22a092cc81eb9e,0.037410146617570791,0.04550163958479049,0.070258643477234539,0.030173061657470232,0.008417972182150504,0.0093164062499999974,-0.0073103881557839978,0.64759294198552686,-0.13752969932967526,-0.132816796875,0.061549560612456339,0.034026589443201263,0.0057798239455435652,0.0065039062499999975,0.21338471929084002,0.55286026125600951,-0.071289863812685594,-0.067334765625000015,0.060344605368302051,0.034655691869796973,0.0053946718346860661,0.0060351562499999997,0.030609964022286329,0.63161690831464012,-0.1262114583013943,-0.12267070312500002,0.068542301770604497,0.043678494628726111,0.0052213994997944609,0.0049921874999999984,0.0073353114080797477,0.4081765073595538,-0.084176651149809545,-0.085604882812500005,0.063907464548048548,0.045539171879654464,0.0038573414603627577,0.0039374999999999983,0.19153327685015775,0.32923749062380014,-0.028917884892464902,-0.028674023437500001,0.65374677002583981,ba2f3995d9ec3d32517fc2cd90737d5eac6ac284d7a743e430a035c50f9e1b34,0.41671278361925845,c0b3a576abee65e707c2159264c80f2e9657d331fb216ff7849f3357d536bc27
79,Gradient-boosted T-learner,14b7278af1fd625ea87d09dfd86b79c8294032f7d4e8551e45e598d1633ff4dd,67728765ce1b45fdf893ceb962dfb8bec95ef45ff0ae334931c89f48a57017d6,68e680db344432f2e9cd8fdcac91012a0c1f2eb3acf4fc409b3dbf8bd88f85e7,-0.0071547136515003051,0.039816088737448449,0.071163659581685135,0.045688306531533135,0.0053498241405319199,0.0081093749999999968,-0.35957965241855427,0.4569781306144195,-0.17147713443692447,-0.15405937500000003,0.070988254572510845,0.046001836829853898,0.0052471477259579584,0.0085781249999999972,-0.37017598693084364,0.45870522088941879,-0.17406505364225511,-0.15153046875000004,0.072173145554319057,0.046428101318189516,0.0054064592895872038,0.0061171874999999985,0.57804185885874371,0.064263180328074543,0.10789352249144052,0.11116289062500001,0.079418586366852756,0.038626641622896307,0.0085663083962308536,0.0093281249999999979,0.072991046859029574,0.38009551001054143,-0.064491937261817484,-0.060265429687500018,0.07025664008885521,0.042985896112831087,0.0057268562349650654,0.0053437499999999969,0.33903285304910058,0.26545660229003876,0.015451012659402982,0.013206445312500002,0.66161834703591516,64b9ff41af601cee5df35ff4fe7fcbae94339265ad4eff404e81e62d0deac70e,0.45097298318533913,5b8bd2735e2c382061fb79fb699868cbd7cf1811b669e47eb15f8f386b8b5572
80,Gradient-boosted T-learner,2eaadb173fd503344624737eedd52e672008a14e8438ed8d8387e4a36cee67c3,bf46f65b490676592dd3c284baaa22c445fb18cd7996cde39bbfed172a8a8848,f188aa76f399b3f8ff3b35d3afa3110828f85afb7cc5e1cf9c6db4ec95599521,0.020008175238927894,0.037171772580393531,0.069446488306999121,0.023749193113095105,0.0095964319907198437,0.0087070312499999969,0.014423906364967154,0.57343997290164983,-0.11739337397270336,-0.122176171875,0.061149274467428211,0.028039077673750495,0.0069531413266723198,0.005074218749999998,0.45361782185859834,0.3899721754606213,0.013365585743575178,0.0029027343749999891,0.042998904318229503,0.033447677704362438,0.0020057575889120835,0.0043710937499999974,0.10888164305640813,0.52462495024026135,-0.087306094508609169,-0.074069531250000001,0.070086903225865582,0.042872114014592774,0.005715105734367289,0.0058124999999999956,0.11815376704386948,0.36037358998101432,-0.050866162816800412,-0.050334960937500027,0.058129069927443267,0.047101789658594378,0.0023157288564582663,0.0042890624999999969,0.01529493144113081,0.40203396332011365,-0.081215196694586392,-0.069505664062500014,0.66847708016510976,2f74acd3eea32ad74b38ceb4b75f416b76ba358b0efa98001d1aa07750d9f211,0.44333771847397108,57fa59294d877752f181a2d299a70f4d9501c64be7e12665c2284ffcf741c158
81,Logistic T-learner,1714613cd50b854a8b1df14bf7d92145b54bf614c0f992b0f7d79cb08b7705c8,ec89c8a258a6cd22293ebfe0c2b7165237db8634fec6c1e9e87ee7feb63ab86d,410e52d215a3105f02454696a9d9c2d6a5c1a3e0e91a00fbc9c0edcbdd4c91c9,0.025084654689012401,0.010071705178896162,0.07709892387634279,0.037011764663659116,0.008418303434663571,0.0085195312499999985,-0.41002885469412775,0.23101834505134022,-0.13461991194654827,-0.13402113281250003,0.065807209009087347,0.042448275860125048,0.0049053759612820826,0.0033632812499999987,-0.39159376494630227,0.22537325879712189,-0.12956307498611908,-0.14050746093750002,0.065807209009087347,0.042448275860125048,0.0049053759612820826,0.0033632812499999987,-0.39159376494630227,0.22537325879712189,-0.12956307498611908,-0.14050746093750002,0.063781296321618219,0.046019658629819785,0.0037299439152776712,0.0027656249999999977,0.16845637305121397,0.33870571159000284,-0.035752361093145661,-0.041309179687500031,0.063781296321618219,0.046019658629819785,0.0037299439152776712,0.0027656249999999977,0.16845637305121397,0.33870571159000284,-0.035752361093145661,-0.041309179687500031,0.60972542443932087,7a33aef3c308b48463965fc0f7461570972ae52e312185a1dcb9807b0678b05d,0.60972542443932087,7a33aef3c308b48463965fc0f7461570972ae52e312185a1dcb9807b0678b05d
82,Logistic T-learner,463ab678fc9b924da73eb93dcccec01a878ca7c584792bf1c9988ff00a2acdde,88360b0abb6e6576d2000619ffd658587e1cc45a8d8be6dff0d8800fcec6a913,a72e3c7cf94f01d0f9f14764ad73ecbe126e86519c533bf4f14f265d693e9158,0.041492704103577902,0.031941903118097872,0.06368936132259817,0.044741552361106607,0.0039790398819132284,0.0016171875000000001,-0.19475251734914589,0.49907353206158755,-0.14570347037625403,-0.15997359375,0.053307462686567164,0.049664740524035286,0.00076497165413169437,-0.0024843749999999996,0.20830770149253719,0.32847339264993236,-0.025234795143052983,-0.044740781250000021,0.053307462686567164,0.049664740524035286,0.00076497165413169437,-0.0024843749999999996,0.20830770149253719,0.32847339264993236,-0.025234795143052983,-0.044740781250000021,0.077526264920196375,0.04007859535985088,0.007864010607672554,0.0071015624999999959,0.40177287869719802,0.23927648814771918,0.034124242015390556,0.02963847656249996,0.077526264920196375,0.04007859535985088,0.007864010607672554,0.0071015624999999959,0.40177287869719802,0.23927648814771918,0.034124242015390556,0.02963847656249996,0.6834721613327488,a032088ac67d355b0f2c01a9ee0285b00bfbcdb4708cc184ab62e544ced51c1a,0.6834721613327488,a032088ac67d355b0f2c01a9ee0285b00bfbcdb4708cc184ab62e544ced51c1a
83,Logistic T-learner,736e303e117772173bdceaae8d42c2cb74170892a46496cfbf2848e0eedb55aa,b14838f3c51dbe8c794449b8c3f1f382fc328d771ed01372d9e1d96622471924,ba176e4395e989e71ea2a563eda6924f1057b52069c7e9d5f28aa156f41d7734,0.029411988415485313,0.011372331189404755,0.085440220042561688,0.048662896271828543,0.0077232379918539601,0.0067499999999999991,-0.35180570971881919,-0.019624398721954872,-0.0697580753093415,-0.077447578125000027,0.090030281854181216,0.04646817823171924,0.0091480417607170145,0.0082734374999999978,-0.51252416724901018,0.050827702118263263,-0.11830389256712742,-0.12596085937500001,0.090030281854181216,0.04646817823171924,0.0091480417607170145,0.0082734374999999978,-0.51252416724901018,0.050827702118263263,-0.11830389256712742,-0.12596085937500001,0.0778078169382517,0.039725398267331249,0.0079973079208932943,0.0075703124999999972,-0.027021420934464579,0.42310550890881693,-0.094526655267089116,-0.097206445312500028,0.0778078169382517,0.039725398267331249,0.0079973079208932943,0.0075703124999999972,-0.027021420934464579,0.42310550890881693,-0.094526655267089116,-0.097206445312500028,0.55088852988691439,9b8490db20fa6ad2ce7545d9704a0445078f6912565d7f3c9799f6af29cd50df,0.55088852988691439,9b8490db20fa6ad2ce7545d9704a0445078f6912565d7f3c9799f6af29cd50df
84,Gradient-boosted T-learner,f9e143612f12e38d985f46eb6d6baf4b04dba534ebf9ab7f1a48def05a7a525f,786b174ecc6f2e7cf7188adee733d370b7dfc05036a50aaf9a4118cee9908c71,e45657a35faf7db227d5e755588aa1368e8c995d78fb4d810f5c5bc674f68b49,0.017548929934762564,0.020170344620815794,0.076189959248096267,0.0352177666336147,0.0086041604490411285,0.0084257812500000001,-0.16647644842462972,0.39810234310855364,-0.1185615462219685,-0.11977570312500002,0.080437085170403128,0.033275898206506324,0.0099038492624183277,0.0099492187499999954,0.58148574507152184,0.077761532068033046,0.10578208473073264,0.10610906249999996,0.042388718051192098,0.049113019282908441,-0.0014121032586604319,-0.00012890625000000128,0.17609594541088003,0.25533002310360331,-0.016639156315471887,-0.0097460156250000016,0.075850433196534423,0.040781149374099351,0.0073645496027113649,0.0067499999999999973,0.1702675786593707,0.33978700882055801,-0.035599080333849335,-0.039445898437500002,0.05010738093841724,0.050686901645706273,-0.00012169934853069691,0.0019453124999999976,0.37171240712968467,0.25439936257274887,0.02463573935695652,0.035668945312499971,0.69573857363656433,60c676c4cbc3e3b80a86229aa0554981fcecb80459d166fedf799a5e7e151752,0.43658810325476993,7e9faf21be280ef785c5cc9bf3b99964d6f0e642e69adae50f256162b9518188
85,Logistic T-learner,c81c17b4a83f7677794495135fca5d73e457f8718af9f627d638813d27bb7e30,1dd34ea5f268008d8827f6d744dbca66416ae53b78f191acce388120f0f76246,42b1f64911e461d57143c446ac98d3bcbe46cbbabbc55c954dbccfe186b9cdf1,0.043662092446905401,0.021388865739944155,0.097070113163745975,0.041077063473738601,0.011758540434901548,0.011742187499999996,-0.10056045164140393,0.27114319798572861,-0.07805776642169783,-0.078336562500000012,0.086914151327376982,0.045228931726637639,0.0087538961161552614,0.0091640624999999969,0.66295259798866768,-0.053780956062362995,0.15051404635071644,0.15196968750000001,0.086914151327376982,0.045228931726637639,0.0087538961161552614,0.0091640624999999969,0.66295259798866768,-0.053780956062362995,0.15051404635071644,0.15196968750000001,0.08613007680534629,0.036150088950531914,0.010495797449511018,0.010265624999999999,0.3830115578375014,0.24693147609382893,0.02857681716617122,0.027172851562499965,0.08613007680534629,0.036150088950531914,0.010495797449511018,0.010265624999999999,0.3830115578375014,0.24693147609382893,0.02857681716617122,0.027172851562499965,0.58383171787997523,c6c8c6e0ebe4aebfab6cf20b92b803b5aa1e194e95f75b8f0500ed5dba003f24,0.58383171787997523,c6c8c6e0ebe4aebfab6cf20b92b803b5aa1e194e95f75b8f0500ed5dba003f24
86,Gradient-boosted T-learner,06960afa5e6c63964e9fd663211e08fad8840740f8b8b1a532b176365501591f,804bb74866aafabc4145c510e22c895b958eb70051d225c4dde3c54a6f46cb04,dab17d234bb444b7fa7b11c7b85160349eb9c00aa79f36828fe23f9146229922,0.022540618763286724,0.025621073560070221,0.087353576429027552,0.038636420888228329,0.010230602663567836,0.0094687499999999997,0.1291808387466441,0.069403859233695409,0.012553165697719224,0.0082102734374999639,0.081249028765104134,0.040664291551375603,0.0085227948148829911,0.0089999999999999976,0.98696819314908146,-0.29903695825149457,0.27006108179412092,0.2724364453125,0.06296808857049821,0.047545764441049618,0.0032386880671842044,0.0078281249999999983,-0.35590239335721252,0.2792597250766502,-0.13338404487111116,-0.1082237109375,0.08288708288708288,0.037549395125276608,0.0095209144299793162,0.0090937499999999977,0.32449852406374136,0.27242748097949254,0.010934919047692251,0.0082587890624999938,0.054257943388599905,0.048830708808729612,0.0011397192617727616,0.004757812499999999,-0.21455180437977139,0.49764565799739746,-0.14956146709920545,-0.12610839843750002,0.54433943293786446,7ec9450394dc04271ee69cbd86a7fe3d73dca5d0f62e66f00ddfc88210693cb2,0.29664021610670266,8340bf2c97af136ea4e6cce65f5ea80d3c8baa736eac5fbab052113fcd04a7ed
87,Gradient-boosted T-learner,51eedd242bfaab3713bf078b6aac156301b223b750b185b96465a0edba229c21,a9c1fe3babb5517086c38950eff5a94febc19383c8b01874881cdc75a335a065,1a0a0259dd085b9c91d5da0520d73720e3f7191d53dd6822e87983a67afb6f51,-0.0073838241136446603,0.039918210540393351,0.097241300366300382,0.037446182600289285,0.012556974730862329,0.0088828124999999983,-0.54337568681318671,0.32825576511971599,-0.18304260490590957,-0.20792003906250003,0.086823532495820588,0.041789778490934917,0.0094570883410259911,0.0057187499999999981,-0.034299716049573936,0.097002350864797582,-0.027573434052018019,-0.049712226562500031,0.090805925054380787,0.038718679251329019,0.01093832161864087,0.0097031249999999965,-0.017800619523337557,0.08243743030549322,-0.021049990464054463,-0.028183710937500016,0.076161533502260126,0.040690039964049726,0.0074490136430241834,0.0066328124999999964,0.6586058987580603,0.12778816551002603,0.1114717239820872,0.1070009765625,0.086845812361509817,0.035839299062733601,0.010711367792743004,0.010382812499999996,0.43430890829760815,0.22383231628428479,0.044200084322797907,0.042372070312499982,0.67393199651264168,ec6be5e3a915c465ba24ca5e3288a1fdac0a313f3904fb29dcde8f6c3001f3a2,0.40788267644362969,49f878168ec5c846eb4cd98257094b3a66ac62046f33ac5e56958470b41d58e4
88,Gradient-boosted T-learner,bdfc6dbd42a99bb1990998c746e71be85db18af57e89286936ed83457cfcc62f,bc628100d0f222e352c19912b439f8789e9deebdf4aedea72bd54f87bea792cd,c3e9a04fc4e201a6608edf2f4d64caaae26b560a39a2d2e163b67d9524acaad7,0.016899341161990031,0.059736032391145721,0.099594070286393527,0.03422789202493684,0.013726897434905903,0.010593749999999997,0.19484200139047747,0.36807533228769029,-0.036378999488414693,-0.052562343750000018,0.087810245341550769,0.039195329825629413,0.010209132258343485,0.0071953124999999977,0.14553325108301396,0.39577889688510104,-0.052551585618438285,-0.069890859375000017,0.078959412967437248,0.041901516262665639,0.0077821583080020379,0.0064921874999999971,0.19871223467508192,0.36128227259833823,-0.034139707963883825,-0.040290468749999996,0.067446552857693437,0.04474734480125564,0.0047668336918519376,0.0033515624999999982,-0.1251896438368586,0.46657692120453753,-0.12427097865869319,-0.13271660156250004,0.071361546703656548,0.042125708563176198,0.0061395260095008734,0.0067499999999999982,-0.093482460534400569,0.45116447443999652,-0.11437585634462338,-0.11095605468750001,0.77613320999074931,976cecd176b34eea48c81d6e4e5e6aa8685d8aba1ff2c030a381d9be515a0fa1,0.42936906756002235,1ba0220ccc8cd999b1d59d0654d2e71c02db6f48d638eb3cbc3db65794c7e9d6
89,Logistic T-learner,f5b9d134b2379079e4d73a1ffb9d88649e4d7305d320132669f9a029836d7add,74f49dfa932753ba09343776791b4abfc0f1d6dbb02e46b3a4b5c005802d3883,bdeb22af9a87a6bd80bb80719ada46000f9c0a54060c868f67966610f51c7097,0.038090191195647841,0.0045592065739500365,0.10738708315745039,0.034535875690278744,0.015298753568106047,0.015996093749999999,0.045385717026746986,0.022812090612209124,0.0047404615470529512,0.0083857031249999821,0.084852315213170174,0.044548904605830594,0.0084637162275413118,0.0081445312499999981,0.29764852619796395,-0.089793337789661365,0.081362791437401313,0.07944703124999998,0.084852315213170174,0.044548904605830594,0.0084637162275413118,0.0081445312499999981,0.29764852619796395,-0.089793337789661365,0.081362791437401313,0.07944703124999998,0.082132652182926202,0.038042420917962644,0.0092589485656423467,0.0082734374999999961,0.31296211929264761,0.27388552640590746,0.0082060845062154313,0.0030287109375000008,0.082132652182926202,0.038042420917962644,0.0092589485656423467,0.0082734374999999961,0.31296211929264761,0.27388552640590746,0.0082060845062154313,0.0030287109375000008,0.47806004618937642,b1f8fc2d6f77858e31c193cd287f25980c70f79fb582c6879a4448c1685507b5,0.47806004618937642,b1f8fc2d6f77858e31c193cd287f25980c70f79fb582c6879a4448c1685507b5
90,Gradient-boosted T-learner,091eeeadd8b367ef6c91efc6f7da00948ec1f0b6ed3408fb12cfe32698a99203,71f9637a96274832199c0b98b4fea94e5cb4dd2f4172e59c0882f5a6d994e219,2163e1b3e5448c3f28c196ab096b34d5f4f919ddfffae9b62820cdd45f7e0d08,0.016926207838253077,0.043785302815237723,0.078731514606569603,0.034623103123517365,0.0092627664114409702,0.0061406249999999976,0.78077251248302115,0.59415359689560165,0.039189972273358097,0.026784492187499981,0.062436834713672562,0.042068646026731008,0.0042773196242577262,0.0007499999999999985,1.126396634446156,0.45133732841569818,0.14176245426639614,0.12623917968750001,0.074208209854858459,0.035628668330090138,0.0081017037202013465,0.0066093749999999972,1.0945322205948049,0.47021427229958046,0.13110676914199712,0.12404074218749997,0.075630206064988686,0.040785369853127376,0.0073174156044908747,0.0068671874999999974,0.34691747083051427,0.26216756493688143,0.017797480237662897,0.015240820312499972,0.076766460521218161,0.040063173734051452,0.0077076902253050087,0.0076874999999999964,0.38845682165177475,0.24458094389914853,0.030213934328051507,0.029911523437499987,0.7704011065006916,beefeebe39121831c9e83037249e17a0733e31b09c5aec6713b674366be9dcef,0.43337066069428892,6952177afd38a21e0219dd59ffc24ea209cc37fbc70e7717a6fc39c41d1bbd66
91,Gradient-boosted T-learner,b8be0f08821488cdd58fd412d3c5b52f15896086d941f9fdbf046a56dc7ae107,bb4bbdc9e68dd598ee8449b18c3b12eca6dda4a6dba927c1659866dd29dfa5c4,a23145c0780f684a718cd5087e5735393e5768caea863337685ada7a982fd3a9,0.023312109492312355,0.036149449906276679,0.062901037110068003,0.041418536077705848,0.0045113252167960525,0.0023554687500000004,0.064395163583866877,0.56289337129972239,-0.10468462362032965,-0.11557851562499998,0.060984929613115524,0.041210098053575103,0.0041527146275034885,0.0036445312499999993,0.19642540742615722,0.50783798016006321,-0.06539664027412026,-0.068234765625000013,0.052905893314698332,0.044941329691550153,0.0016725583608611177,0.00071484374999999933,-0.1868800955043094,0.67406131866493579,-0.18079769697554149,-0.18641601562499999,0.077936962050899422,0.039562119005995378,0.0080587170394298482,0.0080390624999999976,0.010388628489103602,0.40674506838061941,-0.08323485237721831,-0.083414648437500016,0.065254364831249384,0.044885950621116083,0.004277366984127993,0.0045234374999999962,0.19729201819225206,0.32650965557484979,-0.02713570385034552,-0.025795898437499992,0.70250498780758142,fcdc19327817dffb6f673f83d4378382effe886c545588677a23c7cc5ac0b436,0.40504939626783754,12bb24b0978b8099c0b3efe5f43c69bf9b06f7c227e7b37aa1325ea76c41de31
92,Logistic T-learner,96f5d428720a45234a1070eda21cf2b908a00ab972cd408bdf1172d4824e5692,26d0cccc0770cb3d8e64752e42ec8f24aed922dbbc623e0992d98a67ab33f8e0,b55ae2b05ac996f1d44dc7cc9d2a1dda74de3943994dae03fc7ed049cdda16f7,0.020363354273873452,0.0043377811689734869,0.088354471593753953,0.035550765194245562,0.011088778343896762,0.012164062499999996,-0.44221291782467309,0.55030995896436052,-0.20842980412569706,-0.20192566406249998,0.076785212784886897,0.040881105639681128,0.0075398625004932107,0.0079453124999999975,-0.62864901036659648,0.63166431936718159,-0.26466579924409339,-0.26195261718750001,0.076785212784886897,0.040881105639681128,0.0075398625004932107,0.0079453124999999975,-0.62864901036659648,0.63166431936718159,-0.26466579924409339,-0.26195261718750001,0.075864325893463952,0.040923423423423422,0.0073375895187085113,0.0061640624999999985,0.016611095957634103,0.40502621621621615,-0.081567175254302224,-0.088620117187500014,0.075864325893463952,0.040923423423423422,0.0073375895187085113,0.0061640624999999985,0.016611095957634103,0.40502621621621615,-0.081567175254302224,-0.088620117187500014,0.67429692609548719,06778341002c2968989e4eb453985ef9231ec49377506bf5937e4794b94a4bf0,0.67429692609548719,06778341002c2968989e4eb453985ef9231ec49377506bf5937e4794b94a4bf0
93,Logistic T-learner,770ecad2773224a6df0060a56207e7e02bcbde8a65b7962d6c33f8e4634002e5,2682ad61e1315972a6b0dfcd54b1dcdb73ecab42b33dd9c04f33434aed4c0773,5dff724c07b3ab24a61f3e327cfe704d012c05bc23ad8076f3b0683eda25bf02,0.029912473740973958,0.0038886977674164186,0.079932471236819069,0.038230428273458503,0.0087574290223057186,0.0082968749999999987,0.1251514421079637,0.56789099694849532,-0.092975306516511633,-0.095761640625000019,0.068426812585499319,0.043235553749134709,0.0052901643556365679,0.0046640624999999972,0.72895768353853163,0.31036540063155149,0.087904379410465833,0.08390671874999997,0.068426812585499319,0.043235553749134709,0.0052901643556365679,0.0046640624999999972,0.72895768353853163,0.31036540063155149,0.087904379410465833,0.08390671874999997,0.076366371890366297,0.040286413324055567,0.0075767912989252529,0.0074531249999999971,0.34059087044577019,0.26549219995061868,0.015770720803981817,0.014967773437500007,0.076366371890366297,0.040286413324055567,0.0075767912989252529,0.0074531249999999971,0.34059087044577019,0.26549219995061868,0.015770720803981817,0.014967773437500007,0.56097560975609762,bcdf48b21bf22bad7f41ca8a178173e2e97ad1e2548065f241803f7bc1078f69,0.56097560975609762,bcdf48b21bf22bad7f41ca8a178173e2e97ad1e2548065f241803f7bc1078f69
94,Gradient-boosted T-learner,741670531942fe10fb9661eb3f82ab23c9d337c875f3e667a4df08b450ccdaac,13a8986713f6bfc7b1d8bc8a3889ec569641da51d5e70dad5946f42df5cf23a9,621ef4d67dc2531737d10545622aba36b6f7a214c84de0fa9d5ae2f54cbaef44,0.019599752858923986,0.03847977652615997,0.073301500571433031,0.030999841797183986,0.0088833483425922993,0.0064335937499999983,-0.22263176843123222,0.72200704002531224,-0.19837414977587434,-0.2115352734375,0.06530489092719427,0.033972930810493837,0.0065797116245070904,0.0047929687500000004,0.4707502036629152,0.42399380371439899,0.0098188439891884038,-4.5820312500020054e-05,0.041413306271355338,0.042893517964229314,-0.00031084445550353485,0.00057421874999999845,0.18867934597761865,0.54511470467060774,-0.074851425325527701,-0.07181613281250003,0.07670917773119032,0.040611695806089129,0.0075804712042712502,0.0066328124999999964,0.50992240274866063,0.19170484397481324,0.066825687342507947,0.061716210937499981,0.061985196001836357,0.046239558999008418,0.003306583770593867,0.0037031249999999972,0.26039588705006955,0.30130732256600756,-0.0085914014583469821,-0.0070845703125000051,0.7383431416930738,332186cbc8073b1bb2381eb0ffa57190c8e97c72c06b792226d8f6c4e78785cd,0.44090056285178236,43b74d02bddc6728bc4f2a556213efe57315b84d1c0d0057faaef360a300ff7f
95,Gradient-boosted T-learner,f36645784525eb9e63864de34a0d21194800a580c12180b7c1f673ab0fd73440,63e291d417d597e16ccd0efcfd424509f749ad34469ee1e68110e9c3f8d788cd,b1a08e9c0389352b3ebf5b7f43a18c7b77b44ce69099a8328a68022d71f83883,0.024368674734915122,0.025231499931916396,0.062543389487951156,0.041670549526171663,0.0043832963919736932,0.0049335937499999987,-0.096221116968404741,0.92182724082808853,-0.21379015513726354,-0.21075609375000004,0.092387191159629983,0.029168767483904207,0.013275868971902412,0.013253906249999997,0.10866991459979325,0.83626224167801522,-0.15279438868642661,-0.15294398437500001,0.054893525409853483,0.044780453910121171,0.0021237450149437856,0.0032929687499999964,0.19756310075886296,0.79713743439461515,-0.12591061006350796,-0.120522890625,0.082142016427130871,0.038201119932167349,0.0092275882639423386,0.0081562499999999968,0.060395318167730472,0.38439073096388865,-0.068039036687193216,-0.074044335937500025,0.068617765690746346,0.043081875591112359,0.0053625369209231374,0.0068671874999999983,0.04597706107765398,0.39571029488859188,-0.073443979100296958,-0.065951367187499998,0.6271186440677966,76230d864709476fa18c2d4fc183986cfcf13bb26cbad135486372cd56020568,0.39865234019304319,c6999600e2c17b3bf2391348fb789fdfd0a74098bb1a66ff3cf18431ea6174a5
96,Logistic T-learner,ebd0690c4ccfdd8797d480070309e739c402176fdc5eff4db9ad93f0bcd2fa13,7493b219350c78d93a1af057e912ed827630bb2543fcf94c453170164b618cc9,f444a35d6cb03c07e2c2bdd6ef17964ce935e874209f6977e4f8083c456e7c40,0.030560187954515192,0.028156016344607751,0.06508754737946007,0.034953044361093102,0.0063282456338570629,0.0044179687499999983,0.094245561554616275,0.50621108322287722,-0.0865127595503348,-0.095691914062499994,0.033871821060126234,0.047760296341264621,-0.0029165798090390613,-0.0036679687500000002,0.047573909240998913,0.52721585358313261,-0.10072480831184807,-0.10456183593750003,0.033871821060126234,0.047760296341264621,-0.0029165798090390613,-0.0036679687500000002,0.047573909240998913,0.52721585358313261,-0.10072480831184807,-0.10456183593750003,0.059660749004920022,0.047228430178858083,0.0026107869534730071,0.0028828124999999982,0.24650754156210097,0.30487256990796263,-0.012256655952630948,-0.010658789062500009,0.059660749004920022,0.047228430178858083,0.0026107869534730071,0.0028828124999999982,0.24650754156210097,0.30487256990796263,-0.012256655952630948,-0.010658789062500009,0.63857478131000645,27ebbef616c1e7780b290863110346363a0e4df48a6b8c15eaec207ac7565d7e,0.63857478131000645,27ebbef616c1e7780b290863110346363a0e4df48a6b8c15eaec207ac7565d7e
97,Gradient-boosted T-learner,373d7e7a453581483d1e0c06a7bce8b383147f47153085d09a67a8d96cd1ac55,d72d2ef0e385f29a108f5b835da24ded06fe87456baa69b3e04130feb79e949e,31a3759dc14f60f0afb3b841aff44b79dff234eaf56a04c532b3de0e49fbe58c,0.0044112355193813291,0.021139198116055108,0.085274593250179498,0.035907023157214862,0.010367189719522572,0.011355468749999997,0.27338971262777817,0.39171725507376876,-0.024848783913658024,-0.020727773437500006,0.078733590733590722,0.038870920928188515,0.008371160659134463,0.0097148437499999969,-0.13859857915057905,0.56550281511077316,-0.14786129279488397,-0.14024964843750001,0.091967536972473535,0.033418211047593335,0.012295358444224842,0.011707031249999998,0.47596930677694715,0.29635076980152109,0.037719892764839474,0.03503824218750002,0.078173947739165126,0.039549803610351986,0.0081110702670507597,0.0076874999999999964,-0.24987146161059204,0.51891665286700139,-0.16144550404029462,-0.16418027343750002,0.082481718148054162,0.037760490260769927,0.0093914578563296883,0.0086249999999999973,0.50545741357476826,0.19166714441761667,0.065895956523001828,0.061822851562499989,0.57023103659783281,753307b34b855424753e6871460e32785dbbd373e118df84f2a9304b9ee0d451,0.36922802638616509,c2d7f02d2d722d4bed0b30c47fac94a1848671753cd7d7fd3eabb8a32df1218a
98,Logistic T-learner,188622dbb2eb5f4a645e612b5190c52151ecbe1920c006989ea360590d507623,ffb72d468ece72c2831a728ae8a07a79e5a41f33b9014766f54826ee59dc14f1,33a505d5b2797cd51a6aee2a4509bc6c704fd2684423559a20c4a564a8f4cbc3,0.03216216488289611,0.0090377100615234712,0.079093759729369606,0.036843531408924338,0.0088725479472935055,0.008964843749999998,-0.21140834372405826,0.54201078218145171,-0.15821801644015709,-0.15792292968750002,0.081173864894795139,0.035480369887332414,0.0095956339515671715,0.010605468749999998,0.38729420450350671,0.28599975317283899,0.021271834779440221,0.025838789062499989,0.081173864894795139,0.035480369887332414,0.0095956339515671715,0.010605468749999998,0.38729420450350671,0.28599975317283899,0.021271834779440221,0.025838789062499989,0.084376935566037398,0.036780729078183333,0.0099952033624493529,0.010031249999999997,0.53169552836142531,0.18329487529888155,0.073164137143134189,0.07325214843749997,0.084376935566037398,0.036780729078183333,0.0099952033624493529,0.010031249999999997,0.53169552836142531,0.18329487529888155,0.073164137143134189,0.07325214843749997,0.68791208791208791,6a42766a3ad0105bd7bf80b269139c5be15c0ba4b2fe1c4fc1b27fe8b6a09a62,0.68791208791208791,6a42766a3ad0105bd7bf80b269139c5be15c0ba4b2fe1c4fc1b27fe8b6a09a62
99,Gradient-boosted T-learner,fbe37a06d54f9dc17b3ea5ffbb9ad4fd853e8fc022d7cb3e1fbb9972a12dd73c,cff1dc07d1170a4b11024c16709f38af36407cc97001c1f4e4b717debb11f3cf,d88d4b8eeeddd7892ec6d753e01881d3476d88c4bbdbea0357c203f0b7253483,-0.0070607391774135664,0.038076502808377544,0.074830661163377804,0.026491991731231415,0.01015112058075074,0.010558593749999998,0.58618227556727809,-0.087591177739309689,0.14149242519438343,0.14336249999999995,0.081208017671762375,0.023936883267866416,0.012026938224818151,0.011847656249999998,0.32505011959665253,0.021246840237455489,0.063798688665431383,0.062540625000000002,0.068148475095187483,0.029588204955138531,0.0080976567294102804,0.0078632812499999979,0.28967680607785506,0.036474699450938397,0.053172442391652495,0.051607031249999998,0.080955649246658157,0.038645524833390676,0.0088851261267861702,0.0076874999999999982,-0.16182058516993314,0.47938961845888162,-0.13465414276205109,-0.1414927734375,0.078226944101569384,0.039317277849967261,0.0081710299128364451,0.0085078124999999963,0.12560262740257466,0.35750529589346192,-0.048699560383086322,-0.046876757812500003,0.60602258469259729,12d6befb37d4f736948540eb0dbbb0fd376a765be556bd17bc7dcb7a58036853,0.46957520091848448,20e38e07b11376d0b6112700a334e9446061352d2bc0eb8e4da3b7fb418d8d6d
100,Logistic T-learner,f9eaeed5ea555d6f3aeba44f6aedae654c39d6108a3056ebd6163c304dc02924,9e71be428e822d464f57bf2a9e7fb154a85252932610b365cd1d92870c645c80,214e0a7066796ebbd74520e7dc59124857a55f84a8bb68889d56d0c448ee1f43,0.036228672206060339,0.0015854092222176847,0.085660240716747466,0.049397102025265857,0.0076152591252111376,0.0063398437499999983,-0.45261471737850034,0.38504969607831863,-0.17590952682593197,-0.18371835937500003,0.068294971924857228,0.056101076650529449,0.0025607180076088333,0.0028242187499999973,-0.048228665889282873,0.21205188273018116,-0.054658915210087443,-0.053128125000000033,0.068294971924857228,0.056101076650529449,0.0025607180076088333,0.0028242187499999973,-0.048228665889282873,0.21205188273018116,-0.054658915210087443,-0.053128125000000033,0.065145342648681076,0.045865693013035794,0.0040487264234855096,0.0026484374999999971,0.27684266803429392,0.29537919913901689,-0.0038926715319918246,-0.012318164062500019,0.065145342648681076,0.045865693013035794,0.0040487264234855096,0.0026484374999999971,0.27684266803429392,0.29537919913901689,-0.0038926715319918246,-0.012318164062500019,0.57280360434159328,35847e8d88db8b07b014c40c5de16d37102f6abf7e1d2243f0c7d52163ba8502,0.57280360434159328,35847e8d88db8b07b014c40c5de16d37102f6abf7e1d2243f0c7d52163ba8502
101,Logistic T-learner,c5d54e7fbce98440e91e0630d605a9a916b1469ae7f9da190bd494c6dc153099,9b711637b450832362119e2d6c3f0b35e3d08f4dc7b8aad0c93c37adb76bf845,aeecf2e2c7edb876ce26a335d0fdf4a5a193456aa8fe04fa6310d9c23506e4ba,0.040334711716330476,0.014693340454499118,0.091616225019978487,0.03429939539252265,0.012036534221765725,0.012867187499999998,0.21128972999777851,0.19323482008244797,0.0037915310822194135,0.0086935546874999849,0.094633515546934693,0.033286175923677955,0.012882941320883915,0.01321875,0.29831408334802823,0.15651588846481668,0.029777620925474424,0.031770117187499967,0.094633515546934693,0.033286175923677955,0.012882941320883915,0.01321875,0.29831408334802823,0.15651588846481668,0.029777620925474424,0.031770117187499967,0.082070408886210561,0.038484446825911608,0.0091530520326627788,0.0074531249999999971,-0.051775785329536528,0.43447339180461952,-0.10211232719817277,-0.11220644531250003,0.082070408886210561,0.038484446825911608,0.0091530520326627788,0.0074531249999999971,-0.051775785329536528,0.43447339180461952,-0.10211232719817277,-0.11220644531250003,0.67174575533304315,fd4bd3d7544152ae7aa7322b71362e5cdd620fd1bfe5213848a61077a57441e7,0.67174575533304315,fd4bd3d7544152ae7aa7322b71362e5cdd620fd1bfe5213848a61077a57441e7
102,Logistic T-learner,f95034c9b64f339735672aaed4159154f3450d5b95017a100c43c11701dd46e0,9f9c2d6770ebd64918353db1be9afc1009c9bfa475bf85b5325e1dde14efac23,f5a72754f2d855f0a0daba98308f4f93bc9b1a1f7c2d06aa06f799c7b7678783,0.05683111800490763,0.013970718836971457,0.12197652171519986,0.040552555976861332,0.017099032805051092,0.014214843749999999,0.46358715694028485,0.98745711081931742,-0.11001269031459683,-0.12233742187500002,0.09843857629372009,0.050099990544295731,0.010151103007379115,0.0082382812499999999,0.94449876926189447,0.79088849748859325,0.032258157072393254,0.022309453124999976,0.09843857629372009,0.050099990544295731,0.010151103007379115,0.0082382812499999999,0.94449876926189447,0.79088849748859325,0.032258157072393254,0.022309453124999976,0.06840514804991521,0.044399042070288136,0.0050412822557216854,0.003468749999999997,0.098642984477586126,0.37254889501022947,-0.057520241211855103,-0.067351757812500024,0.06840514804991521,0.044399042070288136,0.0050412822557216854,0.003468749999999997,0.098642984477586126,0.37254889501022947,-0.057520241211855103,-0.067351757812500024,0.64102564102564108,e7c321864310571953d284b7a3168ce77b311c64a4ade9e3f0ad0b48079e76c5,0.64102564102564108,e7c321864310571953d284b7a3168ce77b311c64a4ade9e3f0ad0b48079e76c5
103,Logistic T-learner,7db3b43e359481a617e8974efe0ee5ddb80ed4cf1d9d407efdec5426f375cffa,74ab2a7d9f56c6efa2595a45b846dd362b668313513e4331b1ee83d2753ae1b3,7dc8e8d4b586e688cc969960f2ea4ba3ac6a7b8e89488b1339e361669cd0ca13,0.041685124732030204,0.020360093589718326,0.074453634169721422,0.033542346736441297,0.0085913703609888266,0.0065507812499999976,-0.29521753476654522,0.088840820980937485,-0.080652254706971363,-0.094715859375000017,0.063642382522124508,0.037779279279279279,0.0054312516809974978,0.0042070312499999981,0.27640271261025895,-0.16003653153153197,0.091652241269776086,0.084427500000000003,0.063642382522124508,0.037779279279279279,0.0054312516809974978,0.0042070312499999981,0.27640271261025895,-0.16003653153153197,0.091652241269776086,0.084427500000000003,0.07287458024625551,0.041902061411074679,0.0065042289553879744,0.0061640624999999968,0.11913545577070961,0.35966162454717954,-0.050510495443058682,-0.052454882812500013,0.07287458024625551,0.041902061411074679,0.0065042289553879744,0.0061640624999999968,0.11913545577070961,0.35966162454717954,-0.050510495443058682,-0.052454882812500013,0.60635850240535449,347823a7bf7a65186c319667fad81d6f240635fe17fc4a9215d654acdea455b1,0.60635850240535449,347823a7bf7a65186c319667fad81d6f240635fe17fc4a9215d654acdea455b1
104,Logistic T-learner,35e0a0166e56d1148a0600f0044b81326f2966bfeab3ef1d1e4be52d0faa839b,ddb2f8c183b4830b9bc8acd57968f04dffbe90bc192f25f1300a757df25472cd,8e9565c4f889828734113e25885c4281524d73b9fec5defa2f5a2d37c943d93d,0.058814310107887624,0.04223122230037632,0.1024013269218611,0.034395860944423193,0.014281147855261961,0.016230468749999994,-0.20714652296638425,0.31191630864592712,-0.10900319463858539,-0.097213945312499994,0.10202991452991451,0.03493923060047345,0.014089043625182623,0.015644531249999996,0.53621498100664755,0.0048198733686448669,0.11159297260398056,0.1181028515625,0.10202991452991451,0.03493923060047345,0.014089043625182623,0.015644531249999996,0.53621498100664755,0.0048198733686448669,0.11159297260398056,0.1181028515625,0.088006614529207855,0.035590884208551096,0.011007303367337918,0.010148437499999998,0.20983104125736729,0.32014524076785289,-0.023165981897201975,-0.027934570312500021,0.088006614529207855,0.035590884208551096,0.011007303367337918,0.010148437499999998,0.20983104125736729,0.32014524076785289,-0.023165981897201975,-0.027934570312500021,0.66413867822318529,4f1ced991191c86cc56300a444ec0d2d12e6296c5b8b8801b0593d38419f416e,0.66413867822318529,4f1ced991191c86cc56300a444ec0d2d12e6296c5b8b8801b0593d38419f416e
105,Gradient-boosted T-learner,2ec9f2e069f3485e241242fce844ffb503525ca8c8812f80d15fc0940f6515c4,5a5d11ae0ba1c26d6e7a895284afd0033b02faa5d016e9bb5c5bb162fd73107e,73a4150c9abba8d6a922da40061e25c9843545f1117b05feebdcbaae464c30ec,0.0050229754358947082,0.019766003555180822,0.086577188695875301,0.035449057166364706,0.010736907621197224,0.012820312499999997,-0.35186496115555266,0.54800028144703705,-0.18897170094654384,-0.17743160156250004,0.06492186712871803,0.044239297861468269,0.0043433395461224501,0.0069609374999999975,0.046528980000024589,0.36831646425498787,-0.067575371693542288,-0.050974570312500037,0.076929678871783536,0.039327796860733094,0.007896395222320593,0.011648437499999997,-0.4973115733103961,0.59806875143639782,-0.23002986819682672,-0.20493433593750002,0.059108994197644343,0.048091664744696241,0.0023136391851191012,0.0014765624999999983,0.27238185546682903,0.29631905012650706,-0.0050268108785323862,-0.010171289062499991,0.064645265039934341,0.044455675351901772,0.0042398138344868393,0.006398437499999997,-0.16446332833423039,0.47582010582010592,-0.13445952117241061,-0.12025136718749999,0.57862281603288801,22af62ab173fd568837e0e1bb8a1c9eedc29523afe274fba827013fba48e53e4,0.40762463343108507,a0d933eae0f2a054176d6d7775f783c3b80d5671327700bdddd2f43e7543ebbf
106,Logistic T-learner,f85ac8899b4eb7c325b4111a29d93b228b36224680ca36fe451fd19d3b1ccc96,26a4fba0840f5a3e35ffcb3be972e868794157cdae7319e801a424bb8c73e0e2,3d7d7f299e7c6994719ed43adec435bba109a51ca8c82211a7036d0e4e4f3dbd,0.040827131867166425,0.036762280566685304,0.062593833527839482,0.042344396227765438,0.0042523818330155493,0.0022617187499999981,-0.87901380115197836,0.50101284488716191,-0.28980559566821945,-0.30476003906249999,0.064087558627589303,0.041023762640505598,0.0048433971572875781,0.0040195312499999988,-0.90965167046893569,0.50674523771723101,-0.297443350719095,-0.30368425781250002,0.064087558627589303,0.041023762640505598,0.0048433971572875781,0.0040195312499999988,-0.90965167046893569,0.50674523771723101,-0.297443350719095,-0.30368425781250002,0.083981123122954637,0.037045306107810691,0.009856521573180229,0.0096796874999999956,-0.018690596568350704,0.41925568148302683,-0.091968718390789281,-0.09308496093750003,0.083981123122954637,0.037045306107810691,0.009856521573180229,0.0096796874999999956,-0.018690596568350704,0.41925568148302683,-0.091968718390789281,-0.09308496093750003,0.89349112426035504,7603b646c4035880dcd97397850007020b71a32426362140bacf87f77be33367,0.89349112426035504,7603b646c4035880dcd97397850007020b71a32426362140bacf87f77be33367
107,Logistic T-learner,9a41e95610279a638eeb92986691b12c11bc7b1a4ffb4aba934d1a3695193f1d,471d1fddf4300976b9c32550a52faded9990b17bad4ea1e745e09a48f70da9f9,7df1af1009021ce4825adbfd2ea8be9fada02d6176511c1e0061d070398e02b1,0.050222216558494459,0.0061470477854637801,0.083949774241680486,0.031586393849222238,0.010996309882416231,0.010289062499999996,-0.2680251857828152,0.66953484453693002,-0.1968876063671465,-0.201029765625,0.067019119187741644,0.038673665949718411,0.0059525451799848786,0.0057187499999999973,0.72281717145268698,0.24383753678766296,0.10058572327965504,0.099246796875000015,0.067019119187741644,0.038673665949718411,0.0059525451799848786,0.0057187499999999973,0.72281717145268698,0.24383753678766296,0.10058572327965504,0.099246796875000015,0.074703887219320531,0.040601148660042177,0.0071615750974484537,0.0078046874999999974,0.55406823209021128,0.17315048131798316,0.079992727662167903,0.083584570312499981,0.074703887219320531,0.040601148660042177,0.0071615750974484537,0.0078046874999999974,0.55406823209021128,0.17315048131798316,0.079992727662167903,0.083584570312499981,0.68717047451669599,2fb147a2e9d3fbb9918af8387d05ea58e27ffd47688c62b844419d66c58a4bb7,0.68717047451669599,2fb147a2e9d3fbb9918af8387d05ea58e27ffd47688c62b844419d66c58a4bb7
108,Logistic T-learner,06b8f2c2a57c00a69d6fbbd602efe33feb4c0dea36788788c4a3406f666c9850,d25605e6495d06f6771ca0f60584672d8ca4f286184c50e75f056eb5b997ab20,4b34c794a9e5708afafc5164701c6be6783806057af6dcbdba7ae66c4fbef3b0,0.030910847362760327,-0.01362954927594423,0.088215553735730812,0.037959973855789489,0.010553671774787677,0.0081562499999999968,0.080732974953986347,0.58506273570540879,-0.10590924975779871,-0.11840132812500004,0.09892796851201463,0.033774529473191803,0.013682222198152794,0.0090937499999999977,0.34571150133216361,0.45025071597819077,-0.021953235075665704,-0.042404062500000006,0.09892796851201463,0.033774529473191803,0.013682222198152794,0.0090937499999999977,0.34571150133216361,0.45025071597819077,-0.021953235075665704,-0.042404062500000006,0.082241066020593556,0.038119434405340213,0.0092655426392032024,0.0081562499999999968,0.39933622047244088,0.23807035215089045,0.03386583234752559,0.027809179687499991,0.082241066020593556,0.038119434405340213,0.0092655426392032024,0.0081562499999999968,0.39933622047244088,0.23807035215089045,0.03386583234752559,0.027809179687499991,0.7142857142857143,d47df4b1283c6ef3552f1f4c97fd89b25c16b27f066ea244b5cb6408a2d6afa3,0.7142857142857143,d47df4b1283c6ef3552f1f4c97fd89b25c16b27f066ea244b5cb6408a2d6afa3
109,Logistic T-learner,63fb08b3ba57fcbeb01f6429196411b45c253382942bb1a06f8858dd7fdf5aa5,d18ea66c27e17b2e6c2c583fe67e4cfedae0efbf22485d37612985df03810f9a,8616e952fcce4609065d1f1e48367102e098e3016b89a8555e80f2b67b9d7af7,0.016458476735571784,-0.0045491003792718643,0.078552444556942325,0.039706840996618378,0.0081575767476680279,0.0076523437499999968,-0.62868031893144327,0.60487503617407179,-0.25904662457215816,-0.2628052734375001,0.06909931063925967,0.043402071673865422,0.0053964201827327914,0.0057773437499999978,-0.54245880266409507,0.56478710161734003,-0.23252163989910135,-0.22981464843750005,0.06909931063925967,0.043402071673865422,0.0053964201827327914,0.0057773437499999978,-0.54245880266409507,0.56478710161734003,-0.23252163989910135,-0.22981464843750005,0.072336854945550588,0.042068457874471041,0.0063563633849267045,0.0059296874999999975,-0.047496322713714068,0.43090786706754247,-0.10046487985406387,-0.10296621093750001,0.072336854945550588,0.042068457874471041,0.0063563633849267045,0.0059296874999999975,-0.047496322713714068,0.43090786706754247,-0.10046487985406387,-0.10296621093750001,0.52532274081429986,049d30c51f01fb3c2af012912584298d4ad1c125def40b0012b1275747b14b9f,0.52532274081429986,049d30c51f01fb3c2af012912584298d4ad1c125def40b0012b1275747b14b9f
110,Gradient-boosted T-learner,147d5d95f041a165f5d97f689d3a311894cc722861f6f9c2300ebbb844e9dc17,c902c6993f09d282b0627761ac47c672df557a38835d7c0c5ca1f262003266a8,2866d10326cdc49dd816c3cd044acb08eca86e34845de4e0940c57c2c1dbbb76,0.018073517417843701,0.060544307763410937,0.096443228454172358,0.038435606083384449,0.012181600697865461,0.011589843749999997,0.25163027815777483,0.3511341076951412,-0.020895804202846934,-0.023760703125000004,0.11375652806230489,0.031004504504504496,0.017377924947138083,0.016277343749999996,0.69698188353915658,0.16158581081081069,0.11243317527295263,0.10658109374999998,0.074687109776728849,0.046891140038523391,0.0058371536450231463,0.0074882812499999984,0.27204152439696005,0.34234763943110358,-0.014764284157170139,-0.0070204687499999972,0.093302789177052439,0.033202903960377533,0.01262097589550173,0.011789062499999996,0.63677829948949805,0.13689815686668905,0.10497482995078988,0.1002626953125,0.072013354984857586,0.041845637583892606,0.006335220654202646,0.007218749999999996,0.41797314612411185,0.23266382550335585,0.038914957330358761,0.043904882812500004,0.49824424502536091,210a937831def88d27cbac576610e5ffab746802ded6c2e58147c07b4ae60c62,0.34265734265734266,0d9642cf11139c78d7619e7531259dcdc93761e67c011386b3ad894a1f1c28a0
111,Gradient-boosted T-learner,03490369357e3ae88700aea543a120ababa56c77e51d3cf565ea54b6e44b8d37,e762f4c3c41f9d3a7e6a44ead162be1e9932930981f220f40e670e390e48f621,74ae0e35e967d6c448da23350c3b5658feb74e95326941df083ee4cf765ccc2a,0.020409963199437539,0.025927317878100445,0.091587116781322114,0.030977915438389431,0.012727932282015863,0.011636718749999997,0.64463225276368241,0.53324571278429755,0.02339117339567082,0.017569101562499963,0.061177426580002248,0.043822728453767112,0.003644486606509378,0.0030820312499999993,0.48747601983919031,0.59977407484327117,-0.023582591550856978,-0.026484023437500025,0.069184517742584772,0.040031833912129194,0.0061220636043956712,0.0063632812499999991,0.38153649156766845,0.64513899872268643,-0.055356526502553773,-0.054133242187500021,0.066911250873515016,0.044789151161662252,0.0046456409394890798,0.0037031249999999972,-0.091358461448870276,0.45087590136243394,-0.11386921619037388,-0.11931269531250001,0.071989292749097628,0.042302415508450722,0.0062342442205358499,0.0056953124999999973,0.45281594798918212,0.21672362670608147,0.049579387469451133,0.046438476562499983,0.74307762142532907,af650a14309a47472b2a51ed803fc36485e26a17ddac0b2edaca9c1bdedbe372,0.4017156415404271,3cea10b0364ea9c2c12c7a44a0e3370ebee9c87a248783fafa6741c4b37060df
112,Logistic T-learner,b5080775b12bb73fa5c11e59321967353ccf6a3a9c84c841c1893e8d94755f3b,6a7808db8a8954282d7af3e3d2fba42eddf03f805fd01e775c00ed4446ed4cfb,b33c7c5bbb3342f4640d06f44e2117499b831fe1c65e05a068abf83f82b745a1,0.047927252785915447,0.031390426680153141,0.096771653543307079,0.038777542513980842,0.01217876331615851,0.011050781249999997,-0.00030133252574193747,0.1120888469591268,-0.023601937691822433,-0.030855468750000035,0.084968215474109099,0.044384468837884439,0.0085225867936071786,0.0053085937499999965,-0.053980724280763837,0.12528032296108149,-0.037644819920787519,-0.056490234375000038,0.084968215474109099,0.044384468837884439,0.0085225867936071786,0.0053085937499999965,-0.053980724280763837,0.12528032296108149,-0.037644819920787519,-0.056490234375000038,0.078036159396623006,0.039832506534558818,0.0080227671010334786,0.0072187499999999969,-0.086848521971611081,0.44866666599179772,-0.11245818947231584,-0.11723613281249999,0.078036159396623006,0.039832506534558818,0.0080227671010334786,0.0072187499999999969,-0.086848521971611081,0.44866666599179772,-0.11245818947231584,-0.11723613281249999,0.72934023868498088,1c50e1ce133bc1b6b92bc9a9a1227840dff5c7ca38fedf49011705175778c5d9,0.72934023868498088,1c50e1ce133bc1b6b92bc9a9a1227840dff5c7ca38fedf49011705175778c5d9
113,Logistic T-learner,28f60163b8ae8f63033acd104c98ebc4b437abba13622b166f2d3d3dae0a4afb,c388f6540531d008b1559610a356e03d766dcc51291e5f358e4aba7fdd1b2698,4fa7b6638b27374a82264c28585ae579cfa45bace9e4f9bc13aec8c1159d5b20,0.050164410663567513,0.02170135540616587,0.090829880699821897,0.036726997425615346,0.011361605487583375,0.011343749999999996,0.07935519531408608,0.14271358832149805,-0.013305262531556514,-0.013590000000000036,0.082510752078775729,0.040550749565774605,0.0088116005277302355,0.0081796874999999977,0.39736429498483472,0.0083910276948674367,0.081684386130893127,0.077253749999999982,0.082510752078775729,0.040550749565774605,0.0088116005277302355,0.0081796874999999977,0.39736429498483472,0.0083910276948674367,0.081684386130893127,0.077253749999999982,0.071961630643133878,0.042548393916585728,0.0061767797125751112,0.0051093749999999985,0.36655851881340029,0.25667083828753201,0.023076412910432338,0.016234570312499974,0.071961630643133878,0.042548393916585728,0.0061767797125751112,0.0051093749999999985,0.36655851881340029,0.25667083828753201,0.023076412910432338,0.016234570312499974,0.46985645933014353,bd27d2f795ddafe2e180ca373ee3e620eb3e02a9d436ea7e066f0181bb218429,0.46985645933014353,bd27d2f795ddafe2e180ca373ee3e620eb3e02a9d436ea7e066f0181bb218429
114,Gradient-boosted T-learner,1ca9b1139b95268d610593e29e0a51cfc37673b26379d7c1f152484c0b9a845e,82864605df444515b340897f27a76350e187e38c3edffd7ae11ed15a94bf8f74,94bf4d207fa228e181767fb623facb6eb81b8767107759f2d3696be03d28f8f4,0.024705389969518834,0.054632911217829816,0.10896407709318535,0.037393897953343233,0.015029737619366846,0.014859374999999994,0.34171309244863923,0.51425365677672707,-0.036233518508898443,-0.037250859375000021,0.078005947571164969,0.050883466937312369,0.0056957209331090454,0.0052499999999999995,0.37692417257634658,0.5001101932305172,-0.025869064337375829,-0.028434843750000018,0.074444637542033204,0.051862159682298445,0.0047423203505442988,0.0052499999999999977,0.4080999657021902,0.48614314669323755,-0.016389068008119942,-0.013958671875000004,0.066550644968409234,0.044382175709091962,0.0046553785444566273,0.0047578124999999973,0.16050765807370793,0.34219870545632058,-0.038155119950348655,-0.037602539062500016,0.076153366697607694,0.040382774163613883,0.0075118244321387001,0.0073359374999999961,0.52276736042076555,0.18692742189811196,0.070526387089757253,0.069424804687499994,0.67758846657929228,213e3f5b779f1936d29e1839de0c341ddb48e8a4ebb4b86736d89f937ba70957,0.44090056285178236,91b76e97fb2cbe8e62b7b03ae385cebf84e81b8bf9c2448c0449f03899dcccc3
115,Logistic T-learner,305abd01e18a8366117cc5f9d411800570278122047207f6fd6a9d7c988b039c,e5e4b5f3b1e2bb748723d7037e689f91fe7bfbe779aaa163f8d52c5c1dbfc1ee,0c869204df7430b6255e83d8bd93791e8e365cfebe477546d727d87cde59f894,0.017397237963438603,0.0030360210282759925,0.07628669266673696,0.032007666918598243,0.0092985954071091309,0.0068437499999999983,-0.16428773230918625,0.4822236223025218,-0.13576738446845868,-0.15044437500000002,0.07673415302241246,0.03197832579386238,0.0093987237179955167,0.0066093749999999981,-0.064502806163040716,0.43969802585659812,-0.10588217472412415,-0.12238148437500002,0.07673415302241246,0.03197832579386238,0.0093987237179955167,0.0066093749999999981,-0.064502806163040716,0.43969802585659812,-0.10588217472412415,-0.12238148437500002,0.078467177656013437,0.03967559951276714,0.0081462314100817224,0.0073359374999999978,-0.064459691293795363,0.43987693315496557,-0.10591069113423979,-0.11087050781250002,0.078467177656013437,0.03967559951276714,0.0081462314100817224,0.0073359374999999978,-0.064459691293795363,0.43987693315496557,-0.10591069113423979,-0.11087050781250002,0.75422567382366379,39a7b539a1094909c88897a07a2ddc2eb6ebbd881179c4e1fba066a236400c7a,0.75422567382366379,39a7b539a1094909c88897a07a2ddc2eb6ebbd881179c4e1fba066a236400c7a
116,Gradient-boosted T-learner,81e428225cfc2903386b7cbdddd4dc9a661127b033a44af7b5d4076c4043208a,5996a753ad4aafab003345d78ac8e996732bc7db4640565870e1cc40a02b88ec,6a5af21866d7dbcbba0765e0b2019bc513fd9be84b9d175788c2487abc56a2f0,0.0092500858005411524,0.040181417358038762,0.0751078368029795,0.036687751348402298,0.0080682179454612118,0.0071132812499999963,0.028844342990615446,0.27602913188189349,-0.051908805667168385,-0.057525351562500028,0.071038514973757322,0.03860335400697229,0.0068113838030248565,0.0051210937499999989,0.191039962179685,0.20739299980103176,-0.003434137900482821,-0.013483945312500013,0.036986223199466761,0.052920689236870044,-0.0033462378678546893,-0.0041367187499999998,0.17032160032830235,0.21185634166723322,-0.008722295681175482,-0.012692929687499995,0.075793476591293096,0.04085618005911941,0.0073368322717564738,0.0062812499999999952,0.007748617817901815,0.40897945049880458,-0.084258474862989582,-0.090744726562500003,0.054975758873809843,0.049552312328691075,0.0011389237744749412,0.00065624999999999744,0.075790367803111325,0.3776923563111938,-0.063399417586697315,-0.066122460937500002,0.61209068010075562,512a0b436ca300edbea5ac6282849c357016e823f580dad225f0ed76efe453e3,0.42671372840423555,a7302270a48fa8e52b7cf0962aa34d229173aefb7fbe66588e8b6b279002df35
117,Gradient-boosted T-learner,2699bb4a1f1bb168be34271e3cc219701d119291e341eae9b2abf43644437710,422e047b155da18a626e3b4e60e2dd7514b86d709264a3a15ea1381d6807ad48,c9546f6a8ed113c28fd018989506170e0d6995c36d288e10e3251a7723148400,-0.0044676528313937619,0.026818436736080087,0.071120680021753535,0.047365955557734374,0.0049884921374440238,0.0012656249999999981,-0.093002942688350743,0.13651089313938292,-0.048197905523824067,-0.07148062500000002,0.058463120045485484,0.050946105294744345,0.001578573097655639,0.00056249999999999801,0.5476437998785274,-0.15147992716124059,0.14681598267835128,0.14085257812499999,0.060547198137197805,0.049479482172434544,0.0023242203526002846,0.0027890624999999968,-0.19241643432703204,0.16622878407938391,-0.075315495865347346,-0.073340390625000002,0.068560358549556943,0.043926620752158058,0.0051730849374537662,0.0041718749999999968,0.42649444948895543,0.22696498603672433,0.041901187324968531,0.036312304687499984,0.067840843939915157,0.043820610455084327,0.0050442490318144744,0.0052265624999999968,0.18430936819172117,0.33275084979766101,-0.031172711137247365,-0.030488085937499999,0.5430982519590114,5efe73366aff37dc9652ecf586f16abdae07abd3ee2c6e32b7edf78c57296591,0.39763421292083712,8427d82633d0f353175d353320a0cc376615943f6849d181a5b000ce24d2abdd
118,Logistic T-learner,9c0c964d01a21a323150310cded6f97cbe01fdf5450b9041a1db3bc65da7666f,0a0c935923da928dd10ba3c411fa9aeb28c8532d13f37e8045f79e04e125b947,dbbbb54c6822ac4669f33f8779867866a16f5d1aeb1b7e36a217fa30a8f7bb56,0.016594680492325126,0.0015744737867856018,0.081832527913897002,0.030177159757923025,0.010847627312754534,0.010828124999999999,0.010279796881043968,-0.35028384200597806,0.075718364166274629,0.075302578124999991,0.057441993784509565,0.041283212422978541,0.0033933440859215151,0.0016874999999999995,-0.30955218296472864,-0.21689436081955216,-0.019458142650487061,-0.030643124999999972,0.057441993784509565,0.041283212422978541,0.0033933440859215151,0.0016874999999999995,-0.30955218296472864,-0.21689436081955216,-0.019458142650487061,-0.030643124999999972,0.077218728162124384,0.040208605541155004,0.0077721257504035695,0.0068671874999999974,0.04274793268110888,0.39279545489706846,-0.073509979665351513,-0.078815039062499995,0.077218728162124384,0.040208605541155004,0.0077721257504035695,0.0068671874999999974,0.04274793268110888,0.39279545489706846,-0.073509979665351513,-0.078815039062499995,0.61412358133669609,19e37578f2947e4452faee7e81c9c2e52e57e10774ca3c880f42d47692bdb820,0.61412358133669609,19e37578f2947e4452faee7e81c9c2e52e57e10774ca3c880f42d47692bdb820
119,Logistic T-learner,99eae64d437f9b81d0564a30c0adbb6f86150e4295f035878cca324cf3ce67cc,c05733bee551fc5b2f466a99c2d3993a92037bf0d53b38c5a77a6123b65b3a16,ec6f7a6eebdb0fa6bdbccb96500eb59bd9ff0c3f853aa21ec73a3e3e6b8f3f48,0.0022633479569830056,-0.0016385789783366633,0.084364442104339438,0.037144151178310547,0.009916261094466066,0.0096445312499999995,0.43283255086071987,0.29389219292305702,0.029177475166909196,0.027842460937499976,0.084090107564803396,0.036961237707467426,0.0098970626700405542,0.010230468749999999,0.29597491624052197,0.35321382388021416,-0.01202017060433536,-0.010530585937500021,0.084090107564803396,0.036961237707467426,0.0098970626700405542,0.010230468749999999,0.29597491624052197,0.35321382388021416,-0.01202017060433536,-0.010530585937500021,0.080329357396660611,0.038916128105677308,0.0086967781511064924,0.0076874999999999973,-0.072378463992900932,0.44338417887085069,-0.10831015500138784,-0.11450800781250001,0.080329357396660611,0.038916128105677308,0.0086967781511064924,0.0076874999999999973,-0.072378463992900932,0.44338417887085069,-0.10831015500138784,-0.11450800781250001,0.62505289885738469,5e634740e20486ef491e4e5a7745c6746bd9b72e5f063c1785636674ec906c10,0.62505289885738469,5e634740e20486ef491e4e5a7745c6746bd9b72e5f063c1785636674ec906c10
120,Logistic T-learner,cc7d63c79a220f47f872ef41de8845e868229a35489bbab5097863e68e82ca7e,b3bb04f7ee09ce412503d8fcbf8588e809b29e365743aed04dd0b2eaf8ac5c21,73ae048df1c914159b72ded99abee9d9436db5cdd365c793a0a95ffdcd337445,0.033751611154326594,0.026675409675708958,0.099765235813944614,0.026388944863232594,0.015409021099649523,0.014308593749999998,0.042378625643374801,-0.16247205967147738,0.043018643916118954,0.035658867187499978,0.074832555078580915,0.036799788216226911,0.007986881041094341,0.0077460937499999969,0.10625132786954705,-0.18961958519390709,0.062132891743325369,0.060502617187499996,0.074832555078580915,0.036799788216226911,0.007986881041094341,0.0077460937499999969,0.10625132786954705,-0.18961958519390709,0.062132891743325369,0.060502617187499996,0.064289766206562099,0.045543615399590301,0.003936691669464077,0.0037031249999999959,0.15792795349431221,0.3438228610164501,-0.039037930579648952,-0.040485351562500022,0.064289766206562099,0.045543615399590301,0.003936691669464077,0.0037031249999999959,0.15792795349431221,0.3438228610164501,-0.039037930579648952,-0.040485351562500022,0.70401597514976699,7bab9dbf62a052dc93f4433ddf958f7f0c3604b15a155ce0cb3979defa292138,0.70401597514976699,7bab9dbf62a052dc93f4433ddf958f7f0c3604b15a155ce0cb3979defa292138
121,Logistic T-learner,88f4e3e8d3a5533cb392c9d7fc9c29877b9b0c7e53f6b2567a8c08ee26046718,8811ffe64c444196762f3ee21e34b76c36a14ae84625516c69a2e706dfe964d0,978dc0b40e6b376d41c4210efa8922bbc68390ea0d4f2f6d9f178097d6099fa5,0.045522044156576041,0.039013198919704686,0.065510062456627327,0.035294736647993097,0.0063452184198131882,0.0046289062499999985,0.31526614971487188,0.2631529538404469,0.010943771133629245,0.003709218750000005,0.048448773448773463,0.042938097136467832,0.0011572420255841827,-0.0011132812500000006,0.08337481962481974,0.36668171158553287,-0.059494447311749757,-0.070137656250000013,0.048448773448773463,0.042938097136467832,0.0011572420255841827,-0.0011132812500000006,0.08337481962481974,0.36668171158553287,-0.059494447311749757,-0.070137656250000013,0.077197310956704929,0.040508584134339706,0.0077046326326966966,0.006398437499999997,-0.19700344948484605,0.49746580191097001,-0.14583854279312136,-0.15370605468750004,0.077197310956704929,0.040508584134339706,0.0077046326326966966,0.006398437499999997,-0.19700344948484605,0.49746580191097001,-0.14583854279312136,-0.15370605468750004,0.76551724137931032,dd44f930ab32f498e54b6f161fa170db852688618190e2dc8f1af35db4596610,0.76551724137931032,dd44f930ab32f498e54b6f161fa170db852688618190e2dc8f1af35db4596610
122,Gradient-boosted T-learner,2ec6b73e7fcc32548de679d5725c54fc1809fba7b7a130ff32dd7277358d51dd,4b15e07186593987c69333f21a73dde54de932d9cbf30b0d8ceebb62036c8c4c,b365d227c58b2accd6b61839b9fbbd0e81e6bd85c544bdfb81c3505e29e9b1c9,-0.0077494086364240933,0.032510848078763227,0.074273540334885257,0.026165012368113721,0.010102790873022021,0.010664062499999998,-0.32339787618173899,0.18224327072089508,-0.10618464084955315,-0.10313894531250002,0.061845521017976357,0.032450999746185732,0.0061728494670760308,0.0044531249999999988,-0.32033911432870688,0.1872989537211992,-0.10660399429048027,-0.11578347656249999,0.055438302495034175,0.034615951643815424,0.0043726936787559373,0.0039843749999999975,-0.23509979162378769,0.1461650400511082,-0.080065614651728137,-0.081988945312500019,0.070546249778854486,0.043347497677643357,0.0057117379412543372,0.0039374999999999974,0.15066773439390735,0.34538636882724827,-0.040890913231001594,-0.051007617187500021,0.069785575048732951,0.042983762412292958,0.0056283806536523984,0.0058124999999999956,0.30299162940029811,0.28136398270603735,0.0045418058057947594,0.0055048828124999623,0.53110047846889952,1188d90dd49b25f4d70cba5fc01c1cc70323c46a81cd0f2dadee265b19ce844e,0.38403315912777075,18dd6812761e36cd79a8bac5a7697def7ce1da8632915c5a166b9db181940133
123,Logistic T-learner,24c42fcd51a2a5f2797845127b0844161e19e84b3c28b0fa1c34f7f20e4973f2,5c8e2b50120b4ced7480dd3873f7d256742125512e340b8b1680f012cf8b84df,a332013ae90c72ec32a51eb8f4f4a1c089a81ccd9af7f68bdd02ad1c6cc2d14a,0.0096659112768535393,0.0061348335714610791,0.073416383412230501,0.038317362032532304,0.007370794489736621,0.0069843749999999984,-0.028658226476079407,0.78568509509066764,-0.17101209752901686,-0.17318894531250004,0.061446459329217551,0.043741346551388935,0.0037180736833440091,0.0024140625000000008,0.25517710611368083,0.65688263691398585,-0.084358161468064047,-0.090200273437499992,0.061446459329217551,0.043741346551388935,0.0037180736833440091,0.0024140625000000008,0.25517710611368083,0.65688263691398585,-0.084358161468064047,-0.090200273437499992,0.077498923122265306,0.040370244825506482,0.0077970224423193528,0.006398437499999997,0.31252157156135918,0.27475469443465306,0.0079310441966082851,0.00051503906249996236,0.077498923122265306,0.040370244825506482,0.0077970224423193528,0.006398437499999997,0.31252157156135918,0.27475469443465306,0.0079310441966082851,0.00051503906249996236,0.65660051768766181,45b98c2e107394f26a4e1f0e81193a95bd457f878acac39b57c04b4c260c096c,0.65660051768766181,45b98c2e107394f26a4e1f0e81193a95bd457f878acac39b57c04b4c260c096c
124,Logistic T-learner,cfdbbe4579e0c572c742143c0c9ba466185b82672cbc1bef338e29db335dd7be,4514cd57466b7ff2c2107a4abd25b914e96535fe69a42fd676d808cdfd100ac7,87f0f9bf5054cab5d6b7c4fa0a3fe2c909af6edb3adc32931e9df29c8232d4c0,0.057252837696546433,0.017686671365545845,0.077941378144300161,0.038076576576576579,0.0083716083292219527,0.0072539062499999973,0.27154932779614183,0.54422549549549537,-0.057261995216864245,-0.063495468750000034,0.071919678361608633,0.040290495620405639,0.0066421283756526285,0.0066679687499999985,0.17886871318988629,0.58643312606695308,-0.085588526704184029,-0.085531406250000011,0.071919678361608633,0.040290495620405639,0.0066421283756526285,0.0066679687499999985,0.17886871318988629,0.58643312606695308,-0.085588526704184029,-0.085531406250000011,0.069096945033976509,0.043543891010408189,0.0053661413449493465,0.0048749999999999974,-0.0091310919215717989,0.41575098271841493,-0.089225235674397205,-0.092269335937500016,0.069096945033976509,0.043543891010408189,0.0053661413449493465,0.0048749999999999974,-0.0091310919215717989,0.41575098271841493,-0.089225235674397205,-0.092269335937500016,0.68015751476700936,0f22cc5165fd2f1644afd9c2a2059865ed88148f57f08e96fe90b9cf81e45786,0.68015751476700936,0f22cc5165fd2f1644afd9c2a2059865ed88148f57f08e96fe90b9cf81e45786
125,Gradient-boosted T-learner,0a7c4ef2afe0b33cd2590436421635858fad60e359cb6c0132614298dc70164c,155d3882714ff3a4046442110e1d09f6deb79f47b2e736d73f66c846d3b5aac5,87dac6b5fbf5872973ece0024546bd79b37c76689e58567348f2444f795f90a5,0.029060867733073897,0.034876194735815866,0.079478742997467572,0.03488795250331346,0.0093640660037723634,0.0068320312499999987,-0.20151345829176581,0.60011647269071211,-0.16834228550632035,-0.18372597656249998,0.056430913031577962,0.046025459315914979,0.0021851452802892262,-0.0018398437499999997,-0.026158748329450643,0.51798659213001286,-0.11427052149648734,-0.13637636718750001,0.055048774314141624,0.044722304762684892,0.0021685586058059138,0.001675781249999998,-0.12560383769154371,0.57266938328257011,-0.1466373764045639,-0.14971230468750002,0.070289447896392687,0.043747990637073797,0.0055737060244569672,0.0038203124999999973,0.072824308954344663,0.38057042781804329,-0.064626684961376704,-0.074599804687500021,0.060152876334489125,0.047111709173482466,0.0027386451038113983,0.0028828124999999969,-0.03325650800326696,0.42514007415038946,-0.096263282252267851,-0.095394726562500018,0.68126094570928197,0b749cfa22c9bcff7c8a79ee72ddbc7401c9ab0a9791b961b98b4373cda115c8,0.43928035982008995,3769467e0da5e0f57a46e76b1d3d680b393d551dd8748518aa356d3df881514f
126,Logistic T-learner,324c7f5ac70e5c96c1d16fb52984f26e567505b472270931f532a16b9afd4038,c24d937a4ce0466f4dd4cd12676de4f14b6f9750e28935e922d3e6de25017aed,58baeb6b1f09e707780b891ea6c3efb9637c2e370625f5f95046f010bef9e9c4,0.033126665277338777,0.031167809901320842,0.091358664310212861,0.048283499446290151,0.0090457846214237695,0.0067851562499999952,-0.66824785979320223,0.3866611295681065,-0.22153088776587479,-0.23913046874999999,0.088197956338057493,0.049344313150399055,0.0081592650694082714,0.0064335937499999975,-0.61781892970602792,0.36260059787360055,-0.20588810079172198,-0.21897890625000002,0.088197956338057493,0.049344313150399055,0.0081592650694082714,0.0064335937499999975,-0.61781892970602792,0.36260059787360055,-0.20588810079172198,-0.21897890625000002,0.08066262823353168,0.038643235326642517,0.0088240725104467236,0.0082734374999999978,0.11049899657537054,0.36352886796473161,-0.053136272991765821,-0.056295117187500028,0.08066262823353168,0.038643235326642517,0.0088240725104467236,0.0082734374999999978,0.11049899657537054,0.36352886796473161,-0.053136272991765821,-0.056295117187500028,0.73952434881087203,c101583b9ab057c2ca48b62678da080f3ae87e26df9e5e5b645ab4191798c0db,0.73952434881087203,c101583b9ab057c2ca48b62678da080f3ae87e26df9e5e5b645ab4191798c0db
127,Logistic T-learner,6715a7c5545c4a216ad54942887d638f4583857ebf2875da3b1e4a7c5eba1a34,6885d3b69db3c5a43e762d0db8e7c38349c09a1dc8abf5c1e4d7d113acc70e5a,92ece6f14e9337caffa5f11f7db9ffb96450d5e8df4ffb810bdb8bd501060d76,0.0080100177803911626,0.0072553586505268441,0.090138497396040657,0.021337837837837839,0.014448138507222591,0.013230468749999997,0.23298975944519906,0.72704657657657656,-0.10375193159758928,-0.11143429687500001,0.080896692853851732,0.026005954984164859,0.011527054952634242,0.0083085937499999974,0.332581046744857,0.68003252728158603,-0.072964810912713091,-0.09245460937500001,0.080896692853851732,0.026005954984164859,0.011527054952634242,0.0083085937499999974,0.332581046744857,0.68003252728158603,-0.072964810912713091,-0.09245460937500001,0.075539376028316063,0.041255742677543644,0.0071995630036622077,0.0056953124999999973,-0.067109901405502659,0.44187316632814266,-0.10688644422406551,-0.11598339843750001,0.075539376028316063,0.041255742677543644,0.0071995630036622077,0.0056953124999999973,-0.067109901405502659,0.44187316632814266,-0.10688644422406551,-0.11598339843750001,0.57119476268412439,d9f886d8a2399d45a1772a690365eee68b3b461c3c7b699eabdb9757e21d466f,0.57119476268412439,d9f886d8a2399d45a1772a690365eee68b3b461c3c7b699eabdb9757e21d466f
128,Logistic T-learner,26a9cc45fe7ee19fc33a5879105e304580a74253c35976f4b07545a53e7ed176,cc39030879d9d3e237662d94340935b56c43d95b3e024659c4f5e550406a97b0,cd20468824d84209f2e8f67a55b5c1637f46ea24277d8757765b6b2d238f1dd0,0.021464004346979773,0.0053743491306122715,0.088155453827218982,0.029172599272267064,0.012386399456539902,0.010019531249999996,0.26458282082666817,0.17816073406106614,0.018148638220776427,0.00744984374999996,0.06939563257156503,0.036593614615835324,0.0068884237707032385,0.0058007812499999978,0.25291590645415885,0.18474451029091998,0.01431599319428016,0.0090002343749999627,0.06939563257156503,0.036593614615835324,0.0068884237707032385,0.0058007812499999978,0.25291590645415885,0.18474451029091998,0.01431599319428016,0.0090002343749999627,0.070700957103363049,0.04303605301567702,0.0058096298584140657,0.0049921874999999975,-0.052907479198815999,0.43537875639768708,-0.10254010947526564,-0.10760214843749999,0.070700957103363049,0.04303605301567702,0.0058096298584140657,0.0049921874999999975,-0.052907479198815999,0.43537875639768708,-0.10254010947526564,-0.10760214843749999,0.72778402699662548,527fcae008670b4697ff16b6904c7aa5e1e70b5710010bbef6041d45c99fd9c4,0.72778402699662548,527fcae008670b4697ff16b6904c7aa5e1e70b5710010bbef6041d45c99fd9c4
129,Logistic T-learner,21bafc6ba52758324369fcae4d1d9af2be89ad921a4f3dd1e61929a4b3439ea2,60cc4690cfec637f7335bf6d8e278d50d52f98ef9c53cb5452a4fab3ff5d9dfa,12eba11c040ff22e417b7588542bb5e29964dffb03c6927c8de9ac4960c53bc6,0.018203618226377408,0.0059282016324692655,0.074278287130157356,0.035539499994476309,0.0081351452984930201,0.0065624999999999963,-0.046463492911169801,0.59512972020081012,-0.13473457475351577,-0.144250546875,0.072612420244541037,0.036206706339751094,0.0076451999200058875,0.0063281249999999978,0.58265332839457762,0.32195951176099469,0.054745701493052412,0.047506874999999997,0.072612420244541037,0.036206706339751094,0.0076451999200058875,0.0063281249999999978,0.58265332839457762,0.32195951176099469,0.054745701493052412,0.047506874999999997,0.078575559778567283,0.039655025369535149,0.0081733122258967478,0.0074531249999999962,0.47761069205009943,0.20605311188968278,0.057027091833687496,0.052999804687499985,0.078575559778567283,0.039655025369535149,0.0081733122258967478,0.0074531249999999962,0.47761069205009943,0.20605311188968278,0.057027091833687496,0.052999804687499985,0.65196816519681655,6eba4300f2c7c6a4686683af24414bcd7f1499d70685d7d4e9f6f17bcc0ab32f,0.65196816519681655,6eba4300f2c7c6a4686683af24414bcd7f1499d70685d7d4e9f6f17bcc0ab32f
130,Logistic T-learner,b0a076959b5782f7d73e8d6fa1f83e4f7642767fad90af760ce61ca0f1053ad3,9fe070f5c90356529aa942831234f53083dc096ab33df690b2ef8f13e395b4ef,de9949e5a9ec791e0ef16a50bb099c47d6bf62a47bfc65f010d8842e434f7c5d,0.028835227337478578,0.020509651808078344,0.08310821241123803,0.044124541877813145,0.0081865708120192251,0.0064570312499999992,-0.0030780140475455964,0.48016337968387229,-0.10148069268359776,-0.10926832031250004,0.075928552032103303,0.046538686266319476,0.0061718718108146036,0.0046992187499999985,0.41161400597411224,0.29607092016442738,0.024264048020033822,0.018515273437500004,0.075928552032103303,0.046538686266319476,0.0061718718108146036,0.0046992187499999985,0.41161400597411224,0.29607092016442738,0.024264048020033822,0.018515273437500004,0.071256717274128134,0.042692687329027895,0.0059984462884710502,0.0044062499999999978,0.28824270951244746,0.2841153444823602,0.00086674665631832461,-0.0080759765625000052,0.071256717274128134,0.042692687329027895,0.0059984462884710502,0.0044062499999999978,0.28824270951244746,0.2841153444823602,0.00086674665631832461,-0.0080759765625000052,0.5112160566706021,745c4eea8168f8e0c7e443f7acfc0da186eae8162b368ffae0d2c989296f236b,0.5112160566706021,745c4eea8168f8e0c7e443f7acfc0da186eae8162b368ffae0d2c989296f236b
131,Gradient-boosted T-learner,4417d5edd11dc2b84e0957e67536499b941852cc032ec0bfebaa6e5130407bbc,5036b1e5c395505dfb609a7900d2fd8feb8e6c7bde0ad004bbc559380beba2ce,08af9572693c3f293d21af35306c1a1cf9959984ac91d05ebf5fc22cfbca5d7b,0.00052893302045765866,0.013039649493033711,0.065245755040259784,0.043826174432991,0.0044981119275264445,0.0045351562499999984,-0.52382623610515555,0.46041637653243472,-0.20669094865389395,-0.20654777343749997,0.079464154221805861,0.037341188646060425,0.0088458227709065414,0.010394531249999997,-0.21084462724821207,0.32960174457122848,-0.11349373808208252,-0.10235285156249997,0.043786054095332455,0.052418207681365583,-0.0018127522530669569,0.00090234374999999863,-0.3672820711995971,0.39558463726884785,-0.16020200877837343,-0.13925988281249999,0.081748612242722368,0.038008165142890002,0.0091854938909647962,0.0088593749999999957,0.49421523372954501,0.19875183284457476,0.062047314185843749,0.060127148437499986,0.060125001387670823,0.047011031039004073,0.0027539337732200176,0.0039374999999999974,0.28033355906112034,0.2946904258505173,-0.0030149420257733614,0.0031283203125000015,0.43955014058106839,25004ac4b24f22f522cc276a499823c331e31144428b57b8e8fa7f0732b26cb6,0.32780082987551867,ff98a99672c86624a9b976c42c12c0f2675f6b9c14e1e9b27d63d7e6faeb7daf
132,Gradient-boosted T-learner,01d5d91f68d608dbccd28cae2ee4be9f82996cac5e30ecb2553419ad703ac90e,c06a14de4c73dcaf4ef6d9b6c08a57b5c533a977952011612d488a63e378b74d,44654e40e9a5e89ef0837a0085c208ee971b1209972292a51a098253f5a8c515,0.014902526319747075,0.022754959665614499,0.069926772314040209,0.035019729742643391,0.0073304789399933311,0.0058828124999999983,0.10760171393593154,0.80153733325279752,-0.14572648005654185,-0.15330503906250001,0.055824808282567362,0.04113079579530815,0.0030857426223244344,0.0014296874999999998,0.29026888884931479,0.72775752474568689,-0.09187261353823814,-0.10180464843750002,0.068684766154091303,0.033925746391636327,0.0072993941501155448,0.0097499999999999983,-0.032617968687754018,0.87000581686645251,-0.18955099496638336,-0.17696871093750002,0.073260855869551528,0.041781304999718008,0.0066107056826650388,0.0061640624999999968,0.2400237482846177,0.30811178672675177,-0.014298488072848154,-0.016879101562500037,0.072371127960971032,0.041828635438185421,0.0064139234297849778,0.0067499999999999982,-0.24007589784282601,0.51430095971277245,-0.15841914008667568,-0.15662753906249996,0.79020979020979021,315328bdd94db2b7156e31ff16d043ec7bc56f34997045f0f8fdd1be9deb1324,0.3999270871308786,dce2b004c271f31c7b3389246de77210240bb6ec64f13d9471d06d6770573fd6
133,Logistic T-learner,254577ab780b3c1ea4325ea94445a46dfcbd6a4b1edc0eef8d8cbe90cb0246ab,7842122f3909d01d7bbc4b8f82fc49be141b0366c932e5deb2954c58c449c87e,0928a06893e8120c9ccd574a18f32b2de3541a8f92219a170aa9d6527ba19a9f,0.017651056379499111,0.00092459309245351839,0.080067763430335448,0.041838674231725895,0.0080281087317080058,0.0060585937499999989,0.067519527161841619,0.41637414825917607,-0.073259470430440232,-0.084186914062500021,0.078875475541443252,0.042583500796983795,0.0076213146963364856,0.0048867187499999978,0.06444660455920681,0.41698792977125976,-0.074033678294531113,-0.088791210937500017,0.078875475541443252,0.042583500796983795,0.0076213146963364856,0.0048867187499999978,0.06444660455920681,0.41698792977125976,-0.074033678294531113,-0.088791210937500017,0.070752268198631812,0.043492715078630909,0.0057245061552001894,0.0037031249999999972,0.14775034601935544,0.34457070999074957,-0.041332276433992766,-0.052119726562500024,0.070752268198631812,0.043492715078630909,0.0057245061552001894,0.0037031249999999972,0.14775034601935544,0.34457070999074957,-0.041332276433992766,-0.052119726562500024,0.69686257180733535,73ce426bbb26ab21ff63f02cec9ffdef7db8ad7d4106626a4af15a7ca38d0784,0.69686257180733535,73ce426bbb26ab21ff63f02cec9ffdef7db8ad7d4106626a4af15a7ca38d0784
134,Logistic T-learner,e97f261a3717008eff1f48e88cca7e66cfa0d565066560d339b67202443ed2c3,35d467ac215d9a591e3c1bcfaecb8fd5f2a47544e693b163c82096d4582cb76f,b1c995d2a3a38d9cc80311e0350966bc659abb49d9c2d5a138a218af2f264a9d,0.05774403601597218,0.044484800088201604,0.11121853281853282,0.044074734881162758,0.014100197566847713,0.015562499999999995,0.15389473359073358,0.76818535543931243,-0.12900103058820156,-0.12257250000000003,0.092187499999999978,0.052920994474735153,0.0082459661603056129,0.0081796874999999977,-0.043843749999999848,0.84806695344698269,-0.18730124772386633,-0.18782132812500002,0.092187499999999978,0.052920994474735153,0.0082459661603056129,0.0081796874999999977,-0.043843749999999848,0.84806695344698269,-0.18730124772386633,-0.18782132812500002,0.071587544270480558,0.042973609576679381,0.0060089262856982467,0.0046406249999999981,-0.13869646416752146,0.47159846297119734,-0.12816193469913095,-0.13611738281250002,0.071587544270480558,0.042973609576679381,0.0060089262856982467,0.0046406249999999981,-0.13869646416752146,0.47159846297119734,-0.12816193469913095,-0.13611738281250002,0.599000624609619,b095e93ad682b80edc759315495f19c2e0ea3fccc6a6e8b8e9709e799a905855,0.599000624609619,b095e93ad682b80edc759315495f19c2e0ea3fccc6a6e8b8e9709e799a905855
135,Gradient-boosted T-learner,a2f97deeb7d9a5840e5f4269d25beec7c7bf9a40543c03fe2c24e603541a6166,0bd109bee124d3466fe21afe3c93f2a34342fb570a9eea3c050e7e0b9edc8a34,66e896cc51c47b11601ef06eb997993ff499f0b6326aaac6e2ac0fb734b74a67,0.019556382427215135,0.043523361099698357,0.076259732988685325,0.048491968626048876,0.0058312305161536543,0.0046992187499999977,0.0085385543143259302,0.43391295748143821,-0.089328624665093573,-0.096336796875000019,0.076210638702411793,0.047991984455340975,0.0059259173918848719,0.0056367187499999985,0.28777368259400671,0.31533312923173717,-0.0057874837939233979,-0.0078754687500000257,0.088281374364302057,0.041808593944173619,0.0097592838882269717,0.011847656249999996,0.30190541354461353,0.30437723451175047,-0.00051908240309875731,0.013831171874999954,0.069063457793492405,0.043893634892897548,0.0052856628091249198,0.0042890624999999977,0.14413610646305264,0.35273692583179594,-0.043806172067436096,-0.050206054687499987,0.081003135414407124,0.037765493000051692,0.0090799049070146402,0.010265624999999999,0.068769497742107166,0.38113742139814555,-0.065597263967768063,-0.058715039062500002,0.65054803352675694,321db77605c1a5888827d586926032ebe5a5e1e2b7a688abc5866035495117f4,0.49503601323729801,1edfb41472f5d202c96fd1a3d78b960cfd2ce1cded80b1173c8ae4c97791cb8c
136,Gradient-boosted T-learner,110b7cf1971a5a530685bf35fba7e4282fea3c75f2cfdf3f12904237606e0924,96f8b19d76ffdd0749b6f1a7f5706f69a18fd6187c6addb177b0ceaebba564b0,305a17cff5d9592a2571667966eafb3244ea9b4b556329353062a92976279b79,0.030964754673893161,0.038397856460156171,0.081699598641556043,0.026453197960402533,0.011601744143042237,0.0097851562499999978,-0.38027487264587811,0.97835606294078559,-0.28531249647319934,-0.29505363281250002,0.051085740085206943,0.040491756969976242,0.0022247364541984472,-0.00041015625000000221,0.067818577418719661,0.78781623230572673,-0.15119950752627148,-0.16528371093750002,0.058315469165847844,0.036278097889472311,0.0046278479680388618,0.0031054687499999989,-0.3000172595496145,0.94225160305729017,-0.26087646114745,-0.26856925781249996,0.069834339900475606,0.043363757573469067,0.005558822288671373,0.0049921874999999975,0.124311885480344,0.35899729247638412,-0.049283935469168427,-0.052722070312500036,0.074414496275685166,0.041025585810624085,0.0070116711976628268,0.0071015624999999959,0.093582885903272128,0.37125321661983068,-0.058310769450477293,-0.058100976562499997,0.67575823696268822,439ae97ee6bbc238e5040106272578f213a0ae90b6aad37aa520d33b48053411,0.45289443813847902,6d3ecf7d231dba3a6596a3be0529fcee575c4d77bbc891ecc751465904cd2ff2
137,Logistic T-learner,c50f23d52cd691202944a5ed15c3a881bf66c3c6f4768718e89222dec464801e,2230ad60ea3989135254a00026f920a1b25c6c149de9355f047c3d55928eddf3,26dc54fbe4a962246f1fd41cf76562ca6f658b8429a6d13043e78bbecc73fc0e,0.024503382846412458,0.019700654717919583,0.078578346350858197,0.042167513052628919,0.0076462749926281479,0.0083085937499999991,-0.42771072003299504,0.45081435250424384,-0.18449026523282017,-0.1799614453125,0.060520496951281449,0.050815703496438033,0.0020380066255171175,0.0010429687499999972,0.17793902017147767,0.1944641344342023,-0.0034702739951721715,-0.011027460937500027,0.060520496951281449,0.050815703496438033,0.0020380066255171175,0.0010429687499999972,0.17793902017147767,0.1944641344342023,-0.0034702739951721715,-0.011027460937500027,0.065428600590033581,0.045383838641087276,0.0042094000092787239,0.003468749999999997,0.18446028208854359,0.33341585691662012,-0.031280670713896071,-0.035681835937500045,0.065428600590033581,0.045383838641087276,0.0042094000092787239,0.003468749999999997,0.18446028208854359,0.33341585691662012,-0.031280670713896071,-0.035681835937500045,0.71620111731843572,fb2eb95132151930e8bd45a4c7b2c75622718e65bb69a6398d9278aadf70a11e,0.71620111731843572,fb2eb95132151930e8bd45a4c7b2c75622718e65bb69a6398d9278aadf70a11e
138,Gradient-boosted T-learner,b9673893d9c2c5ce33f76ec92d06b250feb0ff883c50b03ef1559a180bb43bbd,149dd88eb65b30014a04e6146c3aab75e168ef13de49a085ae3900e4e511c08f,32f4bee62a4ba9b191c4cacbbba36834cd23d4ca2acebd93973a1c6104dcdc2c,0.00197475598467102,0.021714838695730848,0.096079595351050623,0.048567600699044658,0.0099775188769212521,0.010546875000000001,-0.28043410963003668,0.77575136465842209,-0.22179894960057636,-0.2185531640625,0.097621621621621635,0.047621041444998097,0.010500121837090943,0.011953124999999995,1.2259939150579151,0.13293360719888558,0.22954266465039619,0.2366452734375,0.092400394347842266,0.050877226184916038,0.0087198653142145071,0.0074999999999999989,0.47982659101173691,0.44732703703228072,0.0068249063356858016,0.001174570312499963,0.079111852624601769,0.038918343613345979,0.0084406368923637155,0.0087421874999999965,0.31604664741410926,0.27546909002385978,0.008521287051952391,0.01022167968749998,0.070250797993616027,0.043087071051780723,0.0057043826577854138,0.0051093749999999967,0.31313880528955762,0.2758667615637086,0.0078271291824282951,0.0045380859374999872,0.67832167832167833,44ca2c4d6bfd2e756f60470c17498c531e4a1c2bb53f4c8a7cef5f64180eeffc,0.36898395721925131,7a33797d9c7adafecaf08308c1dda90a00e0bc06fbf9760257fdc6033ec6c578
139,Logistic T-learner,3bb071c3808bab1ba1d7f6d053c0e37e48bac67c36a9051c2ac49a2508828830,e4c3d4d9ddc13f9a171869b374a4bc40447ac2a5a193cea81da8b175a6022c10,491822bfaaf35547a52a81b9e19569bd631215d39984300d85c0f43108b32786,0.05923846423966693,0.028238895209546366,0.1041116785155051,0.04051543482024314,0.01335521117600501,0.013124999999999996,0.59701068788291023,0.21419958330330136,0.080390331961717867,0.07893609374999995,0.085461536569568675,0.048829256618888067,0.0076927787896429274,0.0069140624999999975,0.50476256585018375,0.25563345466911858,0.052317113348023685,0.047302499999999956,0.085461536569568675,0.048829256618888067,0.0076927787896429274,0.0069140624999999975,0.50476256585018375,0.25563345466911858,0.052317113348023685,0.047302499999999956,0.080068869653124403,0.038966499597830564,0.0086314977116117055,0.0079218749999999949,0.1753736919869161,0.33615964364195361,-0.033765049847557876,-0.037915429687500016,0.080068869653124403,0.038966499597830564,0.0086314977116117055,0.0079218749999999949,0.1753736919869161,0.33615964364195361,-0.033765049847557876,-0.037915429687500016,0.72429277054333185,f1d964855a65a5de5a1ef284de1d2064084ba373b293db1cef1f1f03ee1306aa,0.72429277054333185,f1d964855a65a5de5a1ef284de1d2064084ba373b293db1cef1f1f03ee1306aa
140,Logistic T-learner,6b83f8623502fc4e4bdae22a1eadd671810d0985d19f243eb1d8a1e5cc1dc52b,a9bc758e51ce990a38cc4bc89b33d0678a722653bbe0b62d00f89dc9bca75e74,e059149606ac75009bfda13c6630e69263d09d0215d0699dc1283098543b62d0,0.034698579844475441,0.017818481675652947,0.099243875931737835,0.053489906130518836,0.0096083336582559898,0.0094335937499999949,0.43863619564329104,0.83393378461132295,-0.083012493683286698,-0.083885156249999995,0.083585705632949731,0.060655893397520533,0.0048152605694401314,0.0036914062499999976,0.5275745003028468,0.7951108202824978,-0.056182627195726705,-0.061116796875000004,0.083585705632949731,0.060655893397520533,0.0048152605694401314,0.0036914062499999976,0.5275745003028468,0.7951108202824978,-0.056182627195726705,-0.061116796875000004,0.075072150072150068,0.041604848841187994,0.0070281332585020355,0.0048749999999999974,0.15675649350649357,0.34225735753814601,-0.038955181446647009,-0.051035742187500024,0.075072150072150068,0.041604848841187994,0.0070281332585020355,0.0048749999999999974,0.15675649350649357,0.34225735753814601,-0.038955181446647009,-0.051035742187500024,0.69648774022531479,77a434579c5b2bbf32996f3690cc57dfcb5a6ba92c53d8550d8408d5e400b168,0.69648774022531479,77a434579c5b2bbf32996f3690cc57dfcb5a6ba92c53d8550d8408d5e400b168
141,Gradient-boosted T-learner,5fd93df4d06e9e9c8a7a1d0256fd849d79b5178218cdb40a2cccc671d5b32566,1b3cbaf7d0b7b9aecf8a7c1643c11c8e0efd4df00b7ea5bcf91b630210bcf7be,7494e1d5fe49983a8c36eb7a477ae536e1e259cd108a37d4e7f3b5a8885dd1de,0.01427444823176012,0.020501447090465127,0.10466126491380068,0.037472961680731928,0.014109543678944438,0.011707031249999998,0.62689142260444919,0.26151408258686737,0.07672924140369218,0.066115312500000009,0.080759788243380953,0.046874982434247869,0.0071158092199179474,0.0064335937499999975,1.0226734257962979,0.10514384243098762,0.19268121250671516,0.18904617187499997,0.09807662001150802,0.039104532510392531,0.012384138375234253,0.012410156249999997,0.83609837531564613,0.18837390632130946,0.1360221384888107,0.13581374999999998,0.076122240970253441,0.040197740630740345,0.0075441450712977502,0.0078046874999999974,0.33446714737216887,0.26756233650691608,0.014050010281703086,0.015464648437499964,0.072723799447481335,0.041659198224674523,0.0065235662567894306,0.0068671874999999974,0.48377167460177517,0.20491933494324843,0.058558991328290615,0.060004101562499981,0.61378440848917837,31b6993d52d57c7357abf8a5e39e1593dc38b65e2693a1aefd6c96d43a3b5858,0.43605086013462979,4e3404ce0c1b2d31833f7319759de9aa67c7cba4764cf8ccc771079d66732a4b
142,Gradient-boosted T-learner,d93ff12a486ef3c21e422474a663ab2a9db0beb3379693f385f5eb26b81c765f,31b87cc8e93cf422630649aece9ff07a929bbdc9f914e8c3eab0a5f28faea7c6,c3fcb7978c2973ad9bf7df7a0607219851fa0dce9c669104686daf397841b2f7,0.011387445900894577,0.035104411339327263,0.065295248078266949,0.040089338079653217,0.0052932410997088833,0.0043593749999999995,-0.14988993710691811,0.86763789948622161,-0.21368084568455933,-0.21904054687499999,0.066570347437220484,0.038968147527430219,0.0057964619810559554,0.0060000000000000001,0.47798353399839466,0.59852267842499451,-0.025313220329585967,-0.024334687500000004,0.031306880794038539,0.053522447882199981,-0.0046652690885139025,-0.0033749999999999978,0.25761138039717357,0.68569707969571991,-0.089897996852694728,-0.080547187500000006,0.076782484832948306,0.040182557971653945,0.0076859846408718156,0.0074531249999999971,0.43178468410497872,0.22604325849722884,0.043205699377627471,0.041800195312499976,0.060109636037038533,0.046796149551412411,0.0027958321619814853,0.0038203124999999973,0.03994574822610053,0.3900590106763332,-0.073523785114548851,-0.066427148437500014,0.68052516411378561,9db4b99f4e8b09738ae54226e97ba07e3b8e6a7ae397d0c65fd244d89b51d36e,0.47098257038881441,8720181225ae0638072cbb1ed338115e8d6cfe87dbcd26b2b06e2f60cfd21659
143,Logistic T-learner,3d3ae2e02ecdcd3315d1cb09622d8a238fbf73abdcf21e22dfab2e4134c2f04e,1cfc099ce0777752f70f114101ffde2ffdd21c91108cfaa23c5f22a69a639652,8b3ee2b3bde7831ff8dd48307f58a7e580547fab96eabe9890f00c7690844cec,0.069893253918781095,0.041880763460189263,0.081079264615497831,0.033957326946400662,0.0098956069105104044,0.0093398437499999966,-0.76963257536936958,0.024108479408345707,-0.1666856215033202,-0.17119066406250005,0.079672905960463641,0.035785558944964907,0.009216342873254733,0.0066445312499999985,-0.6348344198957202,-0.026900160484311542,-0.12766619447639582,-0.14799222656250002,0.079672905960463641,0.035785558944964907,0.009216342873254733,0.0066445312499999985,-0.6348344198957202,-0.026900160484311542,-0.12766619447639582,-0.14799222656250002,0.070542500535637098,0.043456314789035666,0.005688099006786301,0.0044062499999999978,0.19111525095052906,0.3314922448151173,-0.02947916871156353,-0.037141992187500028,0.070542500535637098,0.043456314789035666,0.005688099006786301,0.0044062499999999978,0.19111525095052906,0.3314922448151173,-0.02947916871156353,-0.037141992187500028,0.61006289308176098,ff2d4b41cea4f3425bac7ffeb2bc5d130412bdf4d4dfee3ad08ff5b335f31676,0.61006289308176098,ff2d4b41cea4f3425bac7ffeb2bc5d130412bdf4d4dfee3ad08ff5b335f31676
144,Logistic T-learner,a6d8604080d5ee622041519c5dadedcea11d106c2d796de068774fd12f7a92c6,7cb449edaa4b975301ff10ae305b28fca9d31d873389768effedfc91c100adcf,08f25b892d2aebfc32cc1594943aae27f05610af6bc900d1bdf0f92083fc263e,0.053523307487244723,0.049173890009424598,0.077467187816877725,0.036883210230887795,0.0085226352930578859,0.0095859374999999972,-0.60227714042774239,0.41378207747369489,-0.21337243575930179,-0.20565433593750007,0.055383446687794491,0.047174071937861745,0.0017239686974858768,0.0012656249999999974,-0.27546977503499259,0.27506089528334554,-0.11561144076685101,-0.11909144531250003,0.055383446687794491,0.047174071937861745,0.0017239686974858768,0.0012656249999999974,-0.27546977503499259,0.27506089528334554,-0.11561144076685101,-0.11909144531250003,0.058734932370444137,0.047392354127677713,0.0023819414309809491,0.0029999999999999975,0.13173008521765572,0.35316328793776175,-0.046500972571222265,-0.0428466796875,0.058734932370444137,0.047392354127677713,0.0023819414309809491,0.0029999999999999975,0.13173008521765572,0.35316328793776175,-0.046500972571222265,-0.0428466796875,0.67356722597515795,dfd7d289652a83c999fad7def5ecfd66522e044db56b0bc69f2a84baf77ae4ef,0.67356722597515795,dfd7d289652a83c999fad7def5ecfd66522e044db56b0bc69f2a84baf77ae4ef
145,Gradient-boosted T-learner,16b3eacac7b0b8dcc6538de7b90856800f2019b943bb41087601b8d300eae4e1,f03f60cf0ab6e52da557af0d11a900a15a31fb7e5757045873bb515ef25688aa,8db8db1af445038a8cc116c540c14c9005eb7e84337f6e1fabd2e8d5671d8694,0.0088684161636651965,0.010298758697351001,0.085213362648993485,0.031382519534178296,0.01130447705411119,0.0098203124999999974,-0.53409445812595857,0.70555877771517572,-0.2603271795266382,-0.2690058984375,0.073385826771653534,0.036329143903810604,0.0077819034022470149,0.0066562499999999981,-0.41025202907328906,0.65410068344724137,-0.22351406962931142,-0.23043597656250001,0.056865225060508923,0.043282845317055688,0.0028522997461251794,0.0016171874999999988,0.33999465168007736,0.33913152230752919,0.00018125716823511718,-0.0092902734375000413,0.072677570416849274,0.04220506443001612,0.0063992262572349617,0.005578124999999998,-0.069846162905475961,0.44216150670333243,-0.10752161061784976,-0.11247597656250004,0.061588088099881561,0.046453731873239784,0.0031782148075947731,0.003468749999999997,0.32506776596177667,0.2718480261748043,0.011176145355264197,0.012769335937499991,0.69798806102144595,926583d9b8df6ac97767355fb80099928467c31e7766991115b6d41cbbcb6088,0.42697881828316608,725728d5755986fa85e6895e44264744bac35788b5ffeb6f25d5aa278f36abe4
146,Gradient-boosted T-learner,dce553aae98a2916602a782b52951f1664ca77e2da1edf570e903f34206b330a,c27ad5cec41ace246a0de61587d79616d7008e591c37ed0a94252e0b50567e7a,05244be40fd9ad52511407c5a399ef07fef54ce6ac5ee56b2cc8447112180cb4,0.024099137220428377,0.02470195150642937,0.065101797913723364,0.052154623849162113,0.0027189065535578624,0.0013476562499999988,0.27739725861701925,0.23053851836340866,0.009840335453258223,0.0023608593749999685,0.062657493305823375,0.052750885297524988,0.0020803876817426614,0.0012304687499999972,0.042685635396833788,0.3310138819421804,-0.060548931774522786,-0.065398125000000015,0.084413905295656913,0.042939339407193397,0.0087096588365773372,0.008964843749999998,-0.89539213187134692,0.73172527125694109,-0.34169465465694049,-0.33965320312499997,0.074103125578760448,0.041701115602057776,0.0068044220951075608,0.005578124999999998,-0.19870038093785525,0.4987376498419579,-0.14646198646376077,-0.15415957031250005,0.071959307682350149,0.04218417572307516,0.0062527777114477472,0.0059296874999999975,-0.6426271216124636,0.6878686173883044,-0.27940410519016129,-0.2816162109375,0.67174575533304315,3c5647f37b399278ee579d0b0f64b197d3f027dc03f7ccb241494e1b3623dd1a,0.34383202099737531,14c8a6b5a4b8d9e06dcd4f61fab261c02cdc02c48b6b845f33fd9d1a66f560e2
147,Gradient-boosted T-learner,adc1a8b427330c6d08a666043f07fc25ecb39f686fa0233796365e63a71d3ebb,77cf4fd9a47f43e383b7d61c90e1bdf6813d5630ba8e556a5546068f772830ac,e41c0bef5d47c8346c9c54bf4a3b292612732f3343c9fabf82a7c1c4c41fc72d,0.018065949159886602,0.020561114597209135,0.0734928969756177,0.042386902703256221,0.00653225879719591,0.007839843749999997,-0.17628527921787185,0.36826826882634756,-0.11435624508928607,-0.10650796875000001,0.063312655086848635,0.046162689316447333,0.003601492811784273,0.0057304687499999977,0.56451550868486366,0.054609430679412485,0.10708027638114474,0.118101796875,0.070813264677992954,0.044307899717404273,0.0055661266417236233,0.0047929687499999986,0.43629813593708833,0.10217989688115492,0.070164830201746006,0.066232265625000009,0.071864162699112444,0.041989836120483987,0.0062736085815119757,0.0066328124999999964,0.487238729207077,0.20279253707517653,0.059733700347699099,0.061443164062499986,0.071410625710150999,0.042270443685884423,0.0061194382250959805,0.0063984374999999961,0.22268842468811489,0.31704087840533834,-0.019814015280616923,-0.018796289062499999,0.64736164736164736,df427829c10c9c0fe3549399d6864a65e91ebcbfd79c1dd5ca697454f1a9d562,0.41124586549062847,f5dae12df54aabd3b44c441d51d932c883aa04b16bbfcf1b2df8157dcb68ddb9
148,Gradient-boosted T-learner,42952e3ce8379cdcb31a4762a5a6d6c64fc5990158763368104a971b26b79640,d53cc621542dbc6cd835b170a4bb61c29afbc73ce46622bac0efff204d871b12,157f84f5cdb50309c47fd44c8108d8c226d82a8984c3f7aa856fa6645eef168c,0.021920972866542932,0.023670276451793787,0.098881900768693215,0.039766697092996281,0.012414192771896355,0.011484374999999996,0.14361271255532271,0.32696352637878379,-0.038503670902926827,-0.043361953125000047,0.092435528813596943,0.042012447466354741,0.010588847082920861,0.011718749999999998,0.20884671603074345,0.30919377435627959,-0.021072882248362589,-0.015522890624999999,0.066926188019307609,0.052962160874105546,0.0029324457004924328,0.0030468749999999971,-0.021142464507357739,0.40162291793696525,-0.088780730313307826,-0.088526015625000024,0.08122185115965562,0.038119328107738631,0.0090515298409025672,0.0094453124999999971,0.062128986794938501,0.38533412937757816,-0.067873079942354322,-0.065681835937499988,0.06238804063977739,0.046201786592303076,0.0033991133499696059,0.0034687499999999979,-0.32061916906180399,0.54855082079883444,-0.18252569787073405,-0.18211582031250001,0.49882903981264637,f50c5ca39e022048d3a7f938310f9694d8f505fe4dfd905b06fd6eb53812e4bd,0.33658197006613294,78a22b553d3054b157eaaaffea0aad412b7b62f6c8c6549b0afec391ff4fdc42
149,Logistic T-learner,91e33092f4b943eaa2831ad22fae7ae62f34d4cbb9c3118a7a7cb8ab43681859,453db1ce837e8f6c73b75c2689ea5ac09a786cf30351a4e8a765f688f356d6d4,adf57f3b7f65ba596fe9189ee1093d6e96cacfbe41e735f74d137df4848b3b4e,0.036237197939677668,0.01333544525591368,0.065628711618216845,0.034160346632863173,0.0066083566469242712,0.0061054687499999981,-0.82405746801923707,0.53676456630356906,-0.28577262720778929,-0.2891719921875,0.035501327816907707,0.047643098097787176,-0.0025497717589846882,-0.0036210937499999997,-0.23688251511170555,0.29074556001796975,-0.11080189577723182,-0.11832550781250005,0.035501327816907707,0.047643098097787176,-0.0025497717589846882,-0.0036210937499999997,-0.23688251511170555,0.29074556001796975,-0.11080189577723182,-0.11832550781250005,0.059560560604084239,0.048536725214645457,0.0023150054317821441,0.00065624999999999744,0.34305727060596825,0.26713999656456788,0.015942627548694077,0.0062666015624999894,0.059560560604084239,0.048536725214645457,0.0023150054317821441,0.00065624999999999744,0.34305727060596825,0.26713999656456788,0.015942627548694077,0.0062666015624999894,0.60804020100502509,100e6f529176e774e56bf36af62457aa98191fe3ed46bebaed7cbf021d4d534d,0.60804020100502509,100e6f529176e774e56bf36af62457aa98191fe3ed46bebaed7cbf021d4d534d
150,Gradient-boosted T-learner,f672657c4969147eb07ddb811dec3c5c4e8e21b832420f46887e357b8d0362df,af0d1801abc93e5a4f1fd7f33c794242fed666cd239fcd0e415abbfb767bf4d9,25887e35c14a88e334d43e9bcafc0604d690ee039555971feebaeeaca1a135b2,0.022776226594599464,0.043049789793335264,0.061525824904860749,0.0357622995625132,0.005410340321892985,0.0046523437499999968,-0.56596373772180941,0.31540441851730106,-0.18508731281021318,-0.190325625,0.057166460564327032,0.038307099116264134,0.0039604659040932081,0.0021914062499999976,-0.54338062267757581,0.30431450929023263,-0.17801597771323976,-0.18949125000000003,0.050196502649503288,0.039854586129753913,0.0021718024691473685,0.0031289062499999989,-0.39474034621734333,0.24644852348993274,-0.13464966263852796,-0.129222890625,0.075702087548294245,0.041046932772995773,0.007277582502812679,0.0062812499999999969,0.193940928444024,0.32970290134943758,-0.02851001431013685,-0.034515820312500035,0.061461379763767032,0.047230128042739197,0.0029885628614158451,0.0015937499999999971,0.12782189575823533,0.35207238476108416,-0.047092602690598249,-0.054049804687500022,0.65196816519681655,3c7be44053686d77a7a403f2d026ebead25acc1c4ead708ad61598b9028c7671,0.50884086444007859,60c6bdc8035f5bc0f6ca459f3c7732c72f0785f85061f6966681ddf9b2cf872e
151,Gradient-boosted T-learner,343830b7d23fd8df41a44a3080a618f842baeb1eda5faed3567b92ea2c6c701a,6b3217ceb623654bba476080fffc421c39e621c3befe157aaf963b55f54f85f9,5269ef2ebfc7d19dc6c3c281b4bc0d6bc0d3502ddb70b8567fde173615b60c4b,0.032007474732698424,0.043281900015551031,0.062456357858435563,0.02623541233472286,0.0076063985599796671,0.0033398437499999995,-0.20298750944095301,0.6305670510282253,-0.17504645769852745,-0.20146265625000001,0.067671717117175484,0.023122282935242863,0.0093553811782058505,0.0067382812499999986,0.26597477654546298,0.44307784288915442,-0.037191643932175202,-0.055757578125000012,0.03124026490454565,0.0372832700791631,-0.0012690310866696644,-0.00123046875,0.2868781358460416,0.43321263973626456,-0.030730245816946819,-0.030892734374999984,0.07077063383492932,0.042957078440509056,0.0058408466328282553,0.0052265624999999986,0.22219024167806656,0.31679077073816309,-0.019866111102620269,-0.023558789062500026,0.044645352768456492,0.053344519015659952,-0.0018268249119127267,-0.00086718750000000229,0.19717745568350953,0.32933116331096202,-0.027752278601765022,-0.023432226562500005,0.70137350465219317,843659971ac036e679dfd79dba4ace890380e57f923a92d8cae5cb046bd06d70,0.48062463851937537,74c9241604b52dbba17674f44348268c511ecafd7f8dbc71413a23cef7a6e383
152,Logistic T-learner,47aa740f61bbd4bce0affc7468956cce77f0d803a612c761138011dfc516cde8,79c3d71804a65beb5ac1fc9547ee469e880872a622dea4babade4360963093f9,b86b7ee5736429a7e122dab24e29c5a2bdd9fe8abf112be66b04ba562aef966e,0.029556646216622809,0.01986581665690032,0.079311937196952204,0.031605285901240274,0.010018396772099505,0.010054687499999998,-0.0047766379698959138,0.23108391251277183,-0.049530715601360222,-0.049551328125000023,0.073462527341801309,0.033843246394253373,0.0083200489989850666,0.0089999999999999976,0.20771523082236459,0.1432760268777773,0.013532232828363333,0.016322109374999946,0.073462527341801309,0.033843246394253373,0.0083200489989850666,0.0089999999999999976,0.20771523082236459,0.1432760268777773,0.013532232828363333,0.016322109374999946,0.0703125,0.042855349869012085,0.005766001527507462,0.0056953124999999973,0.20826562500000001,0.32185012802552437,-0.023852745635360117,-0.024375585937500031,0.0703125,0.042855349869012085,0.005766001527507462,0.0056953124999999973,0.20826562500000001,0.32185012802552437,-0.023852745635360117,-0.024375585937500031,0.71812080536912748,c5244ffcfe0a346eb7e7f100bc8d1fae5c13f7f40038de8576f7cf0861a4e0c4,0.71812080536912748,c5244ffcfe0a346eb7e7f100bc8d1fae5c13f7f40038de8576f7cf0861a4e0c4
153,Logistic T-learner,8ad7a1f3fef79057c0f059de4e937f8bcf6334757d4edbbad29c20116c387b48,7403992bac8bc5398e836ef41e7f5eb32f5cd6774f6cf6b8d0b1c4cbf8d51447,dbe76695c271e1dabb6caac334909ce671965e476186ac98c8c88d4f94b901d0,0.035672839533156767,0.014353030869216951,0.090838287606223256,0.041023275802389889,0.010461152478805007,0.0099140624999999941,0.09018305238761537,0.74746361273466633,-0.1380289176728807,-0.14058949218750003,0.067019962883583556,0.051452205203829107,0.0032692291127484341,0.0022968749999999999,0.19772999550370474,0.70114215594922014,-0.10571655369355823,-0.11019808593750004,0.067019962883583556,0.051452205203829107,0.0032692291127484341,0.0022968749999999999,0.19772999550370474,0.70114215594922014,-0.10571655369355823,-0.11019808593750004,0.068551402932542416,0.043981383046341457,0.0051597041761022007,0.0042890624999999969,0.13265059052878281,0.35517203650042495,-0.046729503654044845,-0.05194277343750002,0.068551402932542416,0.043981383046341457,0.0051597041761022007,0.0042890624999999969,0.13265059052878281,0.35517203650042495,-0.046729503654044845,-0.05194277343750002,0.68865435356200533,5fe7a4d1f8f77e1c03defb55389607eb067539032ceed788dac82b2b17b0a5f6,0.68865435356200533,5fe7a4d1f8f77e1c03defb55389607eb067539032ceed788dac82b2b17b0a5f6
154,Logistic T-learner,da04add0eeded2d5ad30160456fb0aa1ffd6112d4e00c7aed308cc8e83d4ec4f,37f87ea4f20a8c0e2c6a4c0dde4ed138e14e6c28eaba93ed0e9abcea423f5098,efbdae5010685a644aa5b32f4407b324fe9e9b0971e2448e2031693d6668f0b5,0.031800007322772522,0.0099398930942395103,0.080003256363274045,0.048197591098672249,0.0066791897055663765,0.0059882812499999979,0.49912300547749477,0.74532173020955017,-0.051701732193731628,-0.054675468750000011,0.081054080555479038,0.047783783783783784,0.0069867623220560031,0.0058710937499999978,0.37024057296489898,0.80181472972972978,-0.090630572920614466,-0.0960590625,0.081054080555479038,0.047783783783783784,0.0069867623220560031,0.0058710937499999978,0.37024057296489898,0.80181472972972978,-0.090630572920614466,-0.0960590625,0.083447332421340642,0.03737037480191302,0.0096761611000797994,0.0090937499999999977,0.12653278613771091,0.35646595219250554,-0.048285964871506874,-0.051703710937500008,0.083447332421340642,0.03737037480191302,0.0096761611000797994,0.0090937499999999977,0.12653278613771091,0.35646595219250554,-0.048285964871506874,-0.051703710937500008,0.7142857142857143,83c3cd4eae83429f972e5621de1e3b09ccb1703ceb3c1daa6a024751d419aa6b,0.7142857142857143,83c3cd4eae83429f972e5621de1e3b09ccb1703ceb3c1daa6a024751d419aa6b
155,Gradient-boosted T-learner,750005a8de8ba9de9fc31b82f9acacad3dd494cbc51db55e153375c85541db74,fe4dfbf9d36106f8e5e4d9329b3f52ef07d047ede6bc2b52fcd7f36bbbb8e8fa,66ceee4c9ce577bd9fcfd4d67a59eeeafec6b237aafccb220b2c90e708e410d2,0.0074038295640479757,0.010164110747805197,0.089783411101051619,0.035237816437055314,0.011454574879439223,0.013312499999999996,0.48568934698330912,0.40611042140437192,0.016711574371576811,0.027190781249999976,0.065350166928892145,0.04626512971912472,0.004007857814051159,0.0047578124999999973,0.69757347557465743,0.31302837272858341,0.080754471597675542,0.08527828124999999,0.074913151364764258,0.041597351959419257,0.0069963178751224495,0.0090937499999999977,0.66932022332506214,0.32678813997700007,0.071931737503093035,0.084262265624999985,0.069397607925274996,0.043058099863867827,0.0055312966928955055,0.0059296874999999983,0.25726510390331481,0.30027318308375783,-0.009031696627893035,-0.0065876953125000347,0.07798616409425041,0.039014144330605627,0.0081841241503654034,0.0097968749999999966,0.3770504266158563,0.24910589242577152,0.026868352179917804,0.03641542968749998,0.4994142912924639,50cfc84f0166333b3c82bad7dd86188439e18c3608faa896943735c4852515c0,0.39256572982774252,7ca1c99e4945b46b1c380fbd2c3c93271ccb0f5e7520d98224af6e64c677e551
156,Logistic T-learner,a31d94a2613bd1e0b9080bb85013bacd4c9db8dab92980c21eb8c2060589e8a4,5dd9e274a73df3333b69024de2733e54bb04b36b12b559ed2720ab3d2edfd838,478a0883369ca35b2215ed004dd36904a7611dc520464778b6ab18d1d795c2f9,0.022193256182499288,0.0055091642587627859,0.085881166038336954,0.037283631124943789,0.010205482331812564,0.009304687499999997,-0.038295044412922863,0.32334520854862525,-0.075944453121925104,-0.081904687500000031,0.060190690553342641,0.047017676900912964,0.0027663328670102321,0.0040312499999999975,0.42693006503880249,0.12572995128948272,0.063252023887357151,0.069976171874999993,0.060190690553342641,0.047017676900912964,0.0027663328670102321,0.0040312499999999975,0.42693006503880249,0.12572995128948272,0.063252023887357151,0.069976171874999993,0.077181798257713236,0.040019768281787382,0.0078040262949444286,0.0075703124999999963,0.46331381981088404,0.21256616053668054,0.052657008447582733,0.051247851562499981,0.077181798257713236,0.040019768281787382,0.0078040262949444286,0.0075703124999999963,0.46331381981088404,0.21256616053668054,0.052657008447582733,0.051247851562499981,0.65054803352675694,33733e62b7c5d85e50956ac32c8ee75b7c4b6cc0caac26f5823ea07f8402d020,0.65054803352675694,33733e62b7c5d85e50956ac32c8ee75b7c4b6cc0caac26f5823ea07f8402d020
157,Gradient-boosted T-learner,b9e52b6e6b5071a242fc7ee47144c6b77d3245a794a6079dfd6675e4619c7884,4d8f6e1ef4fe7c9ee80f21d1ca55fe3705e31cd4e7acf7d4c6ce18bce7905c1c,45f451b3db411d16ebc1b54367bdf19b5f392cd888406ced41f8f4b8ae51b41d,0.028158770375685302,0.049413321519524891,0.05756292688634404,0.032582519804320725,0.0052458854872248963,0.0049335937499999987,-0.079562180977871377,0.57533647989648862,-0.13752871878361558,-0.138993046875,0.051312666143745578,0.035941441441441443,0.0032279571874838679,0.0018867187499999982,0.12570076521862317,0.48973869369369366,-0.076447964979764804,-0.082541484375000002,0.064652108493234245,0.029178781308997606,0.007449398708689694,0.0078632812499999979,0.35578731035995048,0.38786992375478291,-0.006737348812914809,-0.0051110156249999858,0.072749658002735973,0.042127497405065356,0.0064306537255108291,0.0058124999999999974,0.12324368445052414,0.3589557232127405,-0.049499528140065432,-0.053141601562500022,0.066590241402851941,0.044004518416838237,0.0047430018270628775,0.0060468749999999967,0.29781681752738154,0.28484131920613143,0.0027248546474625233,0.0099146484374999753,0.79229871645274208,dc7c176163c8d5af2fa98e78ae3eb0eef085598c65fe760d63d22e789c4f095a,0.44933006227590111,21cb00429138d3fd206933c001253a07b16795dc12f28cca0bf284e2df6e26f5
158,Gradient-boosted T-learner,e6f34f4e1fdfe204d2d51e57b26eb8bbd9edf6f4042244f86b9370fd4f1915ca,9400cee6b20797e78b368bceb4fd1e5370331a956b4f96235fa4e7c3fed77ef8,506efaf60fcf21588c7f7102630d18926b67d24facec4cbc973b343eac7bfb1e,0.044641018526753687,0.058381186296353027,0.098782981250402135,0.034057569602593304,0.013592336446039854,0.012046874999999997,-0.20134735039936502,0.45454443660604782,-0.13773727527113669,-0.14642882812500005,0.065773386382979776,0.047904894773595816,0.0037523832379706317,0.0029062499999999978,-0.27659102195036378,0.48877429071136869,-0.16072671565896382,-0.16560539062500004,0.055726545188727383,0.051948565349893616,0.00079337576615509111,0.00044531250000000023,-0.99550305725402999,0.79856236702892269,-0.37675373909942,-0.37899914062500001,0.068814300407577828,0.043109237807383682,0.0053980631460407704,0.0060468749999999967,0.20612861201150556,0.32173710926154464,-0.024277784422508206,-0.02049667968750004,0.06937212708437604,0.042861180628302131,0.0055672987557755203,0.006398437499999997,-0.32307244701668425,0.54911865989604169,-0.18316013245167245,-0.17838808593750002,0.59468438538205981,0999e20635e801f6528cc433d15a497ab1815546bd8e0fb8418e5244ec48fd16,0.42910308894678079,c06dcf901c5280c327d1432c642a91f12fed1aff09425f31369f07ab8e65e47c
159,Gradient-boosted T-learner,c5a4a48c8f85e686307577a27d3596b8f89e68784b8dccb6fa3c59955454a04e,bb917b23f9653183a7ed564fff435026a0103dc9f0eeee206d8b072dfe75b4fe,8f796fca28a62d8cc28a18a56bc37d994106c862f14c4e40ab2a60342e08e426,0.012794557202819717,0.016329283973448738,0.098599127623347549,0.050079097005360479,0.010189206429777284,0.007042968749999998,-0.21911358592718733,0.50476474695331364,-0.1520144499049052,-0.17442503906250001,0.083852952233727684,0.055711121657965504,0.0059097844209100581,0.003644531249999998,0.77197769923599568,0.059194352159468333,0.14968450288607074,0.13740738281250001,0.082111074539534618,0.055265882051196702,0.0056374904225509623,0.0058710937499999978,1.2541800944851829,-0.14088730444235975,0.29296415377478396,0.29405425781250005,0.072463020364101072,0.041910322198609296,0.0064160666147532724,0.006398437499999997,0.46945933453599242,0.20998343692129384,0.054489938499086697,0.054294726562499986,0.063028891816538479,0.045802510564025817,0.0036175400630276589,0.0040546874999999975,0.3922677778118201,0.2430706000841637,0.031331407322807842,0.033817382812500005,0.66558230318802858,e3c365dd53a97430d40c18df6ff9d56968fd1785b19df5a9f2a12d27b364db7d,0.41514648977335544,46d7290fdb3755a267006f82d92b54ac7c3be17c84924af16e3c8ff116f9820a
160,Logistic T-learner,a2a434a4d279fd8f4d5f9fe6e0ca7491475e480a1215eb02ce616e46a3258126,202bb95162c1bf20a37f9e3e8a88d8c03b383dc6bbcc53b83dd48c6fd58ed9a6,5be6f25ee1259d9808db3a678fc1deefbeeb0e3917cf14b14aaa37d40f6cfbeb,0.028537879418848139,0.015799483288270508,0.10839641143486781,0.047845166214001922,0.012715761496381836,0.012597656249999999,0.12351223994296645,0.36772345177437094,-0.051284354484594938,-0.05206593750000002,0.097775448404379212,0.052912840520557447,0.00942114765560257,0.0084960937499999958,0.40557593757279287,0.24579083750230302,0.033554871014802867,0.028617656249999967,0.097775448404379212,0.052912840520557447,0.00942114765560257,0.0084960937499999958,0.40557593757279287,0.24579083750230302,0.033554871014802867,0.028617656249999967,0.074062454788428878,0.041406115232016566,0.0068578313068465855,0.0065156249999999971,0.26013884425898715,0.30025129736645406,-0.0084236151525680526,-0.010526367187500031,0.074062454788428878,0.041406115232016566,0.0068578313068465855,0.0065156249999999971,0.26013884425898715,0.30025129736645406,-0.0084236151525680526,-0.010526367187500031,0.57667830014370769,64d38b43ed7e9d68a5bf7574e11aef90d6244a0bfe2d46582e02f31cb05843dc,0.57667830014370769,64d38b43ed7e9d68a5bf7574e11aef90d6244a0bfe2d46582e02f31cb05843dc
161,Logistic T-learner,37078ef89738e3ad3da1f8c1fa520bfcac178be5552805a08ffce2560d4bcca9,310d919ef3d2a7e31362804adb23b2573722bb76e4ba14f1d7b2d9905e443e3c,d667bb40108959c731e5f08f8566d9a0a99bd1a54d1ee3e54f5de3395eca1dfd,0.013327486348114578,0.0079318836365931816,0.07514157323411233,0.042594516428889617,0.0068348819290967693,0.0086484374999999999,0.29676754740164185,0.55642592642477862,-0.05452825959485872,-0.047383125000000012,0.056605161173808177,0.050418074794049861,0.0012992881397492465,0.0033749999999999991,0.4080684277699117,0.50467575045824264,-0.020287537764549498,-0.010767890625000014,0.056605161173808177,0.050418074794049861,0.0012992881397492465,0.0033749999999999991,0.4080684277699117,0.50467575045824264,-0.020287537764549498,-0.010767890625000014,0.069921874999999994,0.043022601917849665,0.0056488473472515689,0.005578124999999998,0.29112109375000017,0.28659360372283627,0.00095077290570442,0.00048105468750000215,0.069921874999999994,0.043022601917849665,0.0056488473472515689,0.005578124999999998,0.29112109375000017,0.28659360372283627,0.00095077290570442,0.00048105468750000215,0.63022712799830183,6fb27f57d2633ad1d64533d2e3511cfc46ce172ea3eb3c58cd97bd52a751c0b1,0.63022712799830183,6fb27f57d2633ad1d64533d2e3511cfc46ce172ea3eb3c58cd97bd52a751c0b1
162,Logistic T-learner,35ed91df02245d097223ab7f1205df187c84ca127afca39934051cf172c34569,872c0a9127bb2bc5c697ea143e565987a0fc9b4a71949b0831fb5221286ed599,48760d82d50b68cc7e95d0763fc8afbd01a2da16f773fdaecba3dc29537b6a3a,0.062966491724066195,0.057368092520504316,0.08169307851005464,0.041026099875680538,0.0085400655132185609,0.0070781249999999976,0.090138973905552255,0.65725346386125982,-0.11909404289069858,-0.12813492187500003,0.067650579291555268,0.047160259452618258,0.0043029671661767716,0.0020390624999999983,0.93170482981873748,0.29741132732162623,0.13320163552439335,0.11904632812499998,0.067650579291555268,0.047160259452618258,0.0043029671661767716,0.0020390624999999983,0.93170482981873748,0.29741132732162623,0.13320163552439335,0.11904632812499998,0.068458242371285838,0.043751829813164139,0.0051883466372055565,0.0047578124999999973,0.38090524699220352,0.24751728478307711,0.028011472063916545,0.025470117187499988,0.068458242371285838,0.043751829813164139,0.0051883466372055565,0.0047578124999999973,0.38090524699220352,0.24751728478307711,0.028011472063916545,0.025470117187499988,0.49532710280373832,2201bf329a9af295007ba47ac3eb89b99c50471915f4427f1dd4f1c5130f04ce,0.49532710280373832,2201bf329a9af295007ba47ac3eb89b99c50471915f4427f1dd4f1c5130f04ce
163,Logistic T-learner,339843c9b0418b254b083246ad783fe09422da21440e6e6d98fddad812b1733c,34e5f8c27a41cebffba66e4b97a1b05fc156a735dad072b72e1487def0398f4d,b15f0c419cb4ca89c5a6bde76241c9a544f26e78c0ea770e786b47039a69f563,0.018285216280629332,0.012129002087521892,0.099560427393683232,0.043457229379704157,0.011781671582935605,0.010476562499999995,-0.10458603005525879,0.40087887089248353,-0.10614762919902589,-0.11400890625000003,0.080658362842651793,0.050802865593247218,0.0062696544223749609,0.0062578124999999978,0.22332919454901645,0.25849591695371299,-0.0073850117049862728,-0.0075370312500000168,0.080658362842651793,0.050802865593247218,0.0062696544223749609,0.0062578124999999978,0.22332919454901645,0.25849591695371299,-0.0073850117049862728,-0.0075370312500000168,0.074794888522199621,0.040561123751856942,0.0071890906017719625,0.0079218749999999966,0.10674647530603631,0.36348373731485484,-0.053914825021851888,-0.049253320312500029,0.074794888522199621,0.040561123751856942,0.0071890906017719625,0.0079218749999999966,0.10674647530603631,0.36348373731485484,-0.053914825021851888,-0.049253320312500029,0.6271186440677966,731baecdd54fdc870bd6c4e9c38f4baf46d175388869345306aedab1e5443300,0.6271186440677966,731baecdd54fdc870bd6c4e9c38f4baf46d175388869345306aedab1e5443300
164,Gradient-boosted T-learner,b99f4142e81ffa8dfa87303b4221788a1b2431aad8ed7b25e50eaded1755c70e,99f78b216b06b71f0e9673bd59e05d13d49297177097f40ccffea653f2cb7748,487228a0d7816902e9af9f151aed347ca71f6df172546193f5c92bdc6f9c8c0c,-0.0045258722047089445,0.034525325786543173,0.08227220467639712,0.03458836689038032,0.010013605935063528,0.010945312499999997,0.095657649673950962,0.21608255033557056,-0.025289229138940113,-0.019281562500000043,0.070818992699803851,0.039290633971207287,0.0066209553330052783,0.0088359374999999966,0.60818311066221709,0.0036272769747813793,0.12695672507436148,0.14047312499999998,0.070284579173977221,0.039729524828862578,0.0064165614124740752,0.0082499999999999969,-0.75451188534361613,0.57552346868240933,-0.27930742434546535,-0.26455265624999996,0.085961323816177354,0.036301242812094237,0.010428617010857455,0.0097968749999999966,0.64619541570804795,0.13323378470289982,0.10772194251108111,0.10411347656249997,0.066058593593635501,0.044039232670977563,0.004624065793758167,0.0066328124999999972,-0.49251986337905074,0.62227637941499614,-0.2341072109867498,-0.22226191406249995,0.46007604562737642,db22b18b460a0686d6eadf347d8ffec071ada9a8ec808c07b0c410f8b2a99eaf,0.35689045936395758,dd9303c96284f915893db3508a5018e4d69190e70a616189fcbd6c1fde19ba79
165,Gradient-boosted T-learner,c6f6df2a28e9eaf2dc323dad37fe5892b39610bd792fb0744bc0708afcd1ecb6,ef8ec3736d2861b0edf9927f3a95e3fd93f4d00a5ca95f285d2a40307fb6ecf3,074064081d3e4520d88054bec88071547faf9458f03381c6e66fbd80aada27ae,0.010220920338668393,0.021544433298994109,0.094727340306908075,0.035476361954222144,0.012442705454064045,0.011578124999999996,1.0293884746379833,0.54754409725526854,0.1011873192503701,0.097362421874999966,0.10072526435068348,0.032500029886517109,0.014327299237474937,0.014156249999999997,1.0124905072825274,0.55567386126336371,0.095931495664024383,0.095043281249999986,0.072954419569558546,0.044059553008708535,0.0060679219777785018,0.0075937499999999989,0.80510142197038403,0.64864567102596205,0.032855707698328615,0.039788203124999984,0.086463975841550716,0.035846949034296791,0.010629575629523325,0.010851562499999998,0.11984530223145085,0.36027635911652633,-0.050490521945865847,-0.049423242187499994,0.069686871851860288,0.042852348993288589,0.0056352498003000564,0.0065156249999999971,-0.24473394731250619,0.51581118568232665,-0.15971447792891488,-0.1544314453125,0.56926849203105845,69dd6ba426495da1d552306fa4c367794ad8f448e4d1effe950fa706ddd4c2ca,0.36363636363636365,3e5770e041c58a76da1e5841fb8e3d68b0ecc765974eb672fe52a88cee716a51
166,Gradient-boosted T-learner,cd968a823d452788607ffa401645c54b4d69bbd2bf8da86b7cce1a11df4f481b,83eb7fb77bcafd1f1b36012c8c5b6268127bec860d07e3295fb39419355bad04,b44351d1256cf719f3f443fbd29035e59a85bc0cded68e182811e65c67996da2,0.017875876764723631,0.018171933906808033,0.084671711755874873,0.044619590608537513,0.0084109454409408459,0.0088945312499999988,0.23718459511627199,0.95590778982393065,-0.15093187088860832,-0.14886902343750003,0.068225517633890814,0.052955244084717565,0.0032067574453263823,0.0013945312499999984,0.63799871151394427,0.78660974082743462,-0.031208316155832971,-0.040852617187500009,0.067463616859217729,0.052148536095711281,0.0032161669603363537,0.0035039062499999983,0.16921448158710262,0.98513538637694331,-0.17134339000586654,-0.17016902343749998,0.077551105991049474,0.040035862239535022,0.007878201187818035,0.007218749999999996,0.22980314875686725,0.31218917050302697,-0.017301064566693541,-0.021013476562500015,0.075581395348837205,0.040212808182359533,0.0074274033049603104,0.008390624999999997,-0.52903949796973049,0.63572884107154748,-0.24460135119866835,-0.23838457031249999,0.61854583772391991,373877e7ece736784c62efed92dd1947d0bd3cdcb2597dfd1d1d3e05a5d95499,0.44306651634723787,2873646fcbe6fa2490a2e1a7a94c920e3bb08bd11d09e4f2be2f9d239b4cf479
167,Gradient-boosted T-learner,56006cfae087c1bf6a3a7e199a35f8a035415f3768bee07896f2673bdf4550d7,aea2c094a09226beafbab056b1a07fee4897842d4e76699426af618a403dfbc8,b14d048b85cc5732c21f8a9a7460c4726ba34645663a1e4b796ab4ff84ef1518,0.010978768439430409,0.025130912226117449,0.088013130101596615,0.042370280433719487,0.0095849984302541959,0.0089414062499999988,0.50823585379543124,0.39847322417272357,0.023050152220768609,0.019947421874999979,0.077906976744186035,0.046057422599917616,0.0066884063702963674,0.0076523437499999968,0.22556164636397197,0.52374710807087377,-0.06261894695844937,-0.058707656250000018,0.074909658063508688,0.047449382466538903,0.0057666578753636545,0.006832031249999997,1.0517347499762075,0.1646950160028402,0.18627834413440714,0.19258687499999996,0.077776388568916749,0.040076576576576581,0.0079169605183914346,0.0067499999999999956,0.062219642599278924,0.38292418918918925,-0.06734795478388117,-0.073785351562500004,0.073848976883678502,0.041136021064365855,0.0068697207220556559,0.0074531249999999971,0.51088980613750135,0.19067231456991529,0.067245673229193073,0.071186132812499969,0.6463022508038585,b69e2b6dd343e31be50b697ce80e23582a64cbb16793a78c42020398980033dc,0.39661756683033278,197f325b625353254c634ac9c1c6c337de364ec0f4996f62b1af873f7c23c672
168,Logistic T-learner,c765e0ff9bb78b0fab37dd4239b0d2073f1b621bd6cdebf08149df2cbfc7bdc1,f3654ceb98c5fbeaf630771f009b2ff8fb6d6f661f52f6554e3d2f940e1b0857,e5711d8042e094f1b08d8b5bb7a5ad3c22b5c46883520f93d5f823f10ecbfd23,0.02650263011484022,0.0072440348603239751,0.064183631781978834,0.032782099591818673,0.0065943217599336336,0.0047578124999999982,-0.14226408818606118,0.91459508357387165,-0.22194042606958586,-0.2326290234375,0.081364695594963454,0.025119053517466128,0.011811584836274439,0.0094453124999999988,0.51432338726339688,0.62656841598245805,-0.023571456031002844,-0.036879023437499991,0.081364695594963454,0.025119053517466128,0.011811584836274439,0.0094453124999999988,0.51432338726339688,0.62656841598245805,-0.023571456031002844,-0.036879023437499991,0.084501748537438304,0.037145774791730951,0.0099447544865985445,0.0087421874999999965,0.26828599753788496,0.29372650125508537,-0.0053425057806120863,-0.01186816406250002,0.084501748537438304,0.037145774791730951,0.0099447544865985445,0.0087421874999999965,0.26828599753788496,0.29372650125508537,-0.0053425057806120863,-0.01186816406250002,0.64032464758650154,00ff3df2a2002bfbecf33d2d696863a72104080bb6dc520e5b745bb320791fdd,0.64032464758650154,00ff3df2a2002bfbecf33d2d696863a72104080bb6dc520e5b745bb320791fdd
169,Logistic T-learner,7eac3e43312c78c7959af28c3ab9de38911a2261e82e9f1412a35b6af706f7a4,baca43f7e5793082150bf9202a3956edc80c1636dc43d1e7bb5f1ea0d54954ab,8a8ac85bdf9d2de1c64238a68560a6fd3d7a91cc86f9e6f25ce165e29ba66a1d,0.032196024572931053,0.016922025670828747,0.059363466775150003,0.049847412062475949,0.0019983714896615514,0.0020390624999999962,0.0060283559279172838,0.47364510262857562,-0.098199516807138246,-0.098062500000000039,0.068106868478385513,0.046000743117474222,0.0046422863257913711,0.0048515624999999965,-0.028352207315675004,0.48777328571162704,-0.10838635353573342,-0.10695468750000002,0.068106868478385513,0.046000743117474222,0.0046422863257913711,0.0048515624999999965,-0.028352207315675004,0.48777328571162704,-0.10838635353573342,-0.10695468750000002,0.073384063889201351,0.041423575338337432,0.0067117025956814225,0.0068671874999999974,0.21288417147971184,0.31974346768711071,-0.02244045220355376,-0.021631054687500005,0.073384063889201351,0.041423575338337432,0.0067117025956814225,0.0068671874999999974,0.21288417147971184,0.31974346768711071,-0.02244045220355376,-0.021631054687500005,0.63126593033135092,73824c12ed12613a98ea829318a77c16074a82bbb3f9fa87488346055239f876,0.63126593033135092,73824c12ed12613a98ea829318a77c16074a82bbb3f9fa87488346055239f876
170,Gradient-boosted T-learner,edb94c5f5052f55656e8954a6da22cff3d654e56ce045e5e125215371d7d2c86,02db099197aebe689e6bba1784e8cf8072af205a601a13c9eefea63162e60e9a,168d8afd7a2c4a0b595605160d2baab7eca20f46a68953baf7ab3787ff9d30cb,0.0098115396704903934,0.064076324822904665,0.072384320660182744,0.026301815929659883,0.0096773259934098011,0.0082031249999999969,0.42104595434038411,0.18634221750226954,0.049287784736004057,0.041140898437500011,0.055259717922256646,0.032771615154842684,0.0047225015811569321,0.0049218749999999974,0.51141479188166483,0.15749692180291874,0.074322752716536669,0.075183867187499989,0.061978281076424335,0.030341297051401914,0.0066437666452547079,0.0052734374999999977,0.76263034754811931,0.038223108365284864,0.15212552022839523,0.14439363281250001,0.069535386599095944,0.043539955135839581,0.0054590406072838361,0.0046406249999999981,0.27698652066277252,0.29303179234328602,-0.0033695070529078364,-0.0082177734375000096,0.079753643240259575,0.039140767290164941,0.0085287039495198728,0.0073359374999999961,0.53262135358223239,0.18178195714705436,0.073676273251387384,0.06681855468749999,0.6459494213459066,3173334606f6e251eb8d5dfeb0163e216ace8c555a179d9a5a7688c35042a4aa,0.43874110153615586,587beaf43d3a57b17afb57962bc9a2faf28ead93a3e5c09a73b48380b878d8b7
171,Logistic T-learner,25c05e3845f9f7af65d1ee3927d8567bb9bca4f434b5cd18a973c5ecd50263b6,c662d50fd6353d6e2a8db2591b6cf212f70060dd970c80baa76512798b978123,1ba04cc92c5f217c678645cd06f2ad4c027a984dca0391d9cf17c37761fe097e,0.044366548779126755,0.019176574996587564,0.09443760061228279,0.040100490240477474,0.011410793178079116,0.012445312499999996,-0.16988401833032318,1.0035346749923235,-0.2464179255977558,-0.24108656249999996,0.069254337026848883,0.05106667021173876,0.0038194100311731258,0.0044765624999999979,0.52834942571909416,0.69900206127283937,-0.035837053466286496,-0.030712734375000005,0.069254337026848883,0.05106667021173876,0.0038194100311731258,0.0044765624999999979,0.52834942571909416,0.69900206127283937,-0.035837053466286496,-0.030712734375000005,0.067938797835438436,0.044200764277793805,0.0049849870471053723,0.0041718749999999976,0.14138335613885333,0.35307638318179446,-0.044455535679017638,-0.049737304687500018,0.067938797835438436,0.044200764277793805,0.0049849870471053723,0.0041718749999999976,0.14138335613885333,0.35307638318179446,-0.044455535679017638,-0.049737304687500018,0.59072079536039768,50e8d41172ae288ed8335b613e3addf46e64bab8dba829b3e5618f4a98c5041b,0.59072079536039768,50e8d41172ae288ed8335b613e3addf46e64bab8dba829b3e5618f4a98c5041b
172,Logistic T-learner,c9b9ddff646839933f9a5f9b265b083dc1d8769930eba227c1d4302913a7d423,beeedada3b9fe8a7f47cc33d86997e6642b01d4805353854ebae21e543513754,f08c2791eee1d16ad3d281fb7629a8b151bd7da4b79b7f18eb43dc4eb0adb7c0,0.03309991293938612,0.030668672230723282,0.084460356479062637,0.020444191698263212,0.013443394603967878,0.013675781249999996,0.26249690739057163,0.38387964510086714,-0.025490374919162055,-0.024453632812500015,0.064665837873706361,0.028561521252796415,0.0075819064903910882,0.0085195312499999967,0.30605056887524706,0.36221024608501129,-0.011793532214050486,-0.0068239453125000168,0.064665837873706361,0.028561521252796415,0.0075819064903910882,0.0085195312499999967,0.30605056887524706,0.36221024608501129,-0.011793532214050486,-0.0068239453125000168,0.070494928846607435,0.042270958979550854,0.0059270336720818814,0.0067499999999999973,0.14234531016589336,0.34893046324875954,-0.043382882147401894,-0.038667773437500025,0.070494928846607435,0.042270958979550854,0.0059270336720818814,0.0067499999999999973,0.14234531016589336,0.34893046324875954,-0.043382882147401894,-0.038667773437500025,0.57023103659783281,ca34c65ca05c05573fb03926e55bca3db8c6183203a4b689a5cbd33098769ce4,0.57023103659783281,ca34c65ca05c05573fb03926e55bca3db8c6183203a4b689a5cbd33098769ce4
173,Gradient-boosted T-learner,f00c40d5959b2d5d9deb0b2ca095637dfce456fc1971a6c4ac1ed589381d54d2,9834d78b9e1f11b06e11d5f9f38e1efe912400a3f1110a92a5a76e37ea1db1c6,5bab4a46a91d8e51e9ff75e1f4a175229465055a9cf4e58d6e743d164cc1fde5,0.01130611051606692,0.02991408719429757,0.083203124999999989,0.046897059309506578,0.0076242737950036159,0.0075585937499999976,0.45930468749999998,0.24363323067614662,0.045291005933009207,0.044714531249999981,0.080640312094258648,0.048592695492757076,0.0067299994863153296,0.0056835937500000003,1.0342883198626709,0.00084195264467645803,0.2170237371157788,0.20962312499999999,0.092781514730396586,0.04359943057751739,0.010328237672104631,0.0082617187499999974,0.35175225903772989,0.2818032171331013,0.014689298799972002,0.0032067187500000082,0.079637098904070808,0.039673840480082573,0.0083922842690375282,0.0067499999999999973,0.12877245909318757,0.36139473926363785,-0.04885067883579456,-0.059426367187500037,0.065323316367878831,0.045344894797161209,0.0041954685298507006,0.0032343749999999981,0.34889989330773596,0.25973601834421345,0.018724413742339727,0.013547460937500016,0.77613320999074931,6de9e095f8cc6d6523a22a03345342d5ab2cacc423333f0dce65b459c4188bde,0.46257855646543516,6fd18bb7595d04b519137aba50ab61b630548ff6770a981dc5456dbe310fde4c
174,Gradient-boosted T-learner,0a65380a890a535e97ddcb0f7bb5370d131b02e74e8c241df72de83c81a86ac9,294108b3d7febe85b355e5b31c360ba71dbb1122c7be5f0d5df7b098e245ab36,44172971120e37f28301ac1bb1f74bc67f855a34949ad55ac444667c4117a590,0.014857634993445348,0.028884429701450873,0.09723907478738622,0.029148030119292706,0.014299119380299638,0.012621093749999996,0.68505889123241348,0.75582079020840975,-0.014859998784959217,-0.022479492187500016,0.088609104538639766,0.032341460090314536,0.011816205334148297,0.011332031249999999,0.69524211920014012,0.75135392520772248,-0.011783479261592296,-0.013834570312500016,0.078671672301281526,0.036104190724348367,0.0089391711311559621,0.0096914062499999995,0.20940698954320314,0.96122062696605715,-0.15788086385879935,-0.15435058593750001,0.073251761627564915,0.041681233537190915,0.0066298108989785399,0.006398437499999997,0.32223458535873117,0.27302808470183337,0.010333365137948537,0.0089244140624999621,0.068478362223605677,0.043083060437050041,0.0053330133751766833,0.006398437499999997,0.047126037743281057,0.39118250918767594,-0.072251859003322927,-0.066518554687500023,0.56926849203105845,93ba81ab3dbec90bec4a9fd5ba567eb88a9933f6233bdce10d80917ff8a00afd,0.43524574845823211,16ffca9c9f863e7510ee071334ef00fd2ffce7aeff095737871dc13c902ee365
175,Logistic T-learner,64613aa140353395a5f6b06173782e48bfc6309091c8aaac0abbe0b24d74dc56,792aee500e6f78022fee86ea46a8a632b291c2740f53c215777f2b7055555530,55ff39921f087cbe9bf4226b73ae438e7f9161a20aca6b16f2666faa511451e4,0.020569266290931379,-0.0038620205716825423,0.09143743020043496,0.034115712281491684,0.012037560762978088,0.012386718749999996,0.17314553576676661,0.81007283446886336,-0.13375473272744032,-0.13199003906250004,0.091813004856483124,0.034225342207360787,0.012093409156315691,0.011683593749999997,0.030251689816907179,0.87015840817545353,-0.17638041085529474,-0.17881230468750001,0.091813004856483124,0.034225342207360787,0.012093409156315691,0.011683593749999997,0.030251689816907179,0.87015840817545353,-0.17638041085529474,-0.17881230468750001,0.083201892744479505,0.03766913747500053,0.0095618786065905844,0.0082734374999999961,0.16131277699289737,0.33998900110310093,-0.037522007063142744,-0.044741601562500011,0.083201892744479505,0.03766913747500053,0.0095618786065905844,0.0082734374999999961,0.16131277699289737,0.33998900110310093,-0.037522007063142744,-0.044741601562500011,0.6487762988407042,1cbbbfba41f30fba692a9df3fbdd4921265460bfad02bc8b99da11302bd5a3ac,0.6487762988407042,1cbbbfba41f30fba692a9df3fbdd4921265460bfad02bc8b99da11302bd5a3ac
176,Gradient-boosted T-learner,ba7e7abe8422ff35080c59c464852c361811aa52a9d29a3435a0e4415270ef38,e40bb2c5161bac74e76d5f002a36a812053fafc8079a621812fd9b5ca1c86e1f,7af36ddcff405792d799a058f50d3e6be318c7f4ba6d3865dc9223cda3aa705a,0.012558650338300226,0.034995602897109887,0.086128640987886196,0.041575762145079687,0.0093561045569893666,0.0093398437499999983,0.15541383518153917,0.044865775448946654,0.023215092543844427,0.02306953124999998,0.077151313993419235,0.046306838815431739,0.0064773397873773737,0.0037148437499999985,0.28714362688046924,-0.0065550097682969266,0.061676713696240892,0.045498046874999976,0.060002293314986799,0.052693285101705511,0.0015348917247890702,0.0017226562499999981,-0.069333149868134436,0.14123311868734156,-0.04421891639664996,-0.043360546875000017,0.071934040639372254,0.042790956385319448,0.0061200476933510892,0.0040546874999999975,0.060379366768725573,0.38660630277759511,-0.068507656561862598,-0.081061523437500005,0.058892328861369109,0.0476701787226676,0.0023566515291273166,0.0025312499999999983,0.12565682834537328,0.35777863822041056,-0.04874558007375783,-0.048002929687500015,0.61991141109470571,9ad4bde8d40d72fac862a8ce027f7b20aae0cd848094696114f0a93c4e55a1ae,0.2855708068295949,15a6fb5adcc0538020c38ccf9f3658c71ae706c801d158fdd0151b2971bb47e0
177,Gradient-boosted T-learner,8befdd7a4f679f3e25f6ca4effc6035f4628602e57bf878d2f6abfadf6e5b184,b58e62ee13dec8aa458c7f62f61adbb18264cf249aa5ee2828958593976a33f6,fe306e377a611db436e670135465dd149810589d5acc97b3527fc5d5ab485cb7,-0.024523793785718839,-0.0041411426349495933,0.084859787156981364,0.029111299291462972,0.011707182451758861,0.012996093749999998,0.24832089822528058,0.5907001817661286,-0.071899649543578081,-0.066409101562499989,0.070133159369123899,0.035933670559180619,0.007181892650088088,0.007839843749999997,0.30182195786484528,0.5675821909651052,-0.055809648951054579,-0.052834101562500006,0.093541622981757194,0.026065079852021958,0.0141700740572444,0.011707031249999998,0.12978572926339749,0.63594889853143,-0.10629426554628682,-0.11830558593750001,0.068958207147183523,0.04355099372354021,0.0053355148189650958,0.0042890624999999969,0.26666747425802539,0.29462628326155238,-0.0058713498907406667,-0.011852929687499998,0.076254269377761058,0.040399514338575401,0.0075294985582289873,0.0056953124999999973,0.32466389851182342,0.26827821461609636,0.011840993618102685,0.0011630859374999903,0.55497064183033007,aa7420937e769ade827e04551a123d81d54937b54f55a28ad495390ac9a4bf9e,0.34689582602595581,b70a495a7e4fe5b239272cf408c8baa4e77c1d135d6e7432b932c2a080d82912
178,Logistic T-learner,dd9e90ebfd6b1c4485b8808f4f7433b5f55e854d1771a9eded85bf72dd688161,f2c571e1112ab380888d1cc11823c1e07f381fef00c32320a70105f858a28207,048b56bb3d7e563b518e0eee52e6817b40d75f3cd15208472b63aaae09838ee1,0.0077155349042074411,0.0015473001259014157,0.077295159656175449,0.032184001776430285,0.0094733431547464834,0.0082382812499999982,0.04699375029505426,0.86987368051027214,-0.17280478534519575,-0.17938781250000002,0.062274246598294614,0.038297573435719948,0.0050351013641406796,0.0042539062499999999,0.30734581991207233,0.75762634038104559,-0.094558909298484387,-0.09872179687499999,0.062274246598294614,0.038297573435719948,0.0050351013641406796,0.0042539062499999999,0.30734581991207233,0.75762634038104559,-0.094558909298484387,-0.09872179687499999,0.074491564067487442,0.041229238907030202,0.0069850882836960202,0.006398437499999997,0.1306427724578203,0.35446082543678348,-0.047001791125582268,-0.050368945312500017,0.074491564067487442,0.041229238907030202,0.0069850882836960202,0.006398437499999997,0.1306427724578203,0.35446082543678348,-0.047001791125582268,-0.050368945312500017,0.65125779402279083,e9e0377ddff60ecd0819d4df5cbfbb9e84ee06d7451d62338e4a097da2a9f70d,0.65125779402279083,e9e0377ddff60ecd0819d4df5cbfbb9e84ee06d7451d62338e4a097da2a9f70d
179,Logistic T-learner,a65c69a8e3c76b7ba4d3edc9f84851a68ab11000e91ce75632802bcdbb9088e6,6ef8d67d054bef147842411fd0ddb07769858a7c9dbcbf37d5b926f18e7c8480,653b6692db74230f7fbe7e61f48d1b803d7f8d7345deba0b4dc9b1244a60cdff,0.048960555794907906,0.016370122318048255,0.082142016427130871,0.048183515594552223,0.0071312851748415156,0.0060820312499999963,0.4478878857862692,0.12495596889262428,0.067815702547665432,0.063784804687499974,0.064519801839285879,0.054074176356791862,0.0021935813513237435,0.003972656249999997,0.34981090453212793,0.16452823072749523,0.038909361498972866,0.047716054687499974,0.064519801839285879,0.054074176356791862,0.0021935813513237435,0.003972656249999997,0.34981090453212793,0.16452823072749523,0.038909361498972866,0.047716054687499974,0.065479299763186533,0.045093367258927042,0.0042810458258944932,0.0039374999999999974,0.073330998195344277,0.38046759099534266,-0.064498684487999655,-0.066625195312500024,0.065479299763186533,0.045093367258927042,0.0042810458258944932,0.0039374999999999974,0.073330998195344277,0.38046759099534266,-0.064498684487999655,-0.066625195312500024,0.52049099188279546,b9b4480d48923318a8041d50d97d19f74bf16da4835b7a5db4c3b2a5af8cfff2,0.52049099188279546,b9b4480d48923318a8041d50d97d19f74bf16da4835b7a5db4c3b2a5af8cfff2
180,Logistic T-learner,6db1f5854fc839a10cce166393733045c6f7f0c84956563a4321af2d9d9fac8f,149e1ea27f312db5d5d5853161362c3cec9054909198213deefc95d4342cc20c,3855cbed1c8250c101aee7ceffaccd757f9bc241fb824f92a253eb8971bd876d,0.041144534041472822,0.025722874414265823,0.080887192312755041,0.03774921341067633,0.0090589755694365295,0.0087656249999999974,-0.32403320755268905,0.57001926800663727,-0.18775101986745851,-0.18988582031250001,0.078423208857991478,0.038924268709481513,0.0082947774311870927,0.0078281249999999983,-0.5409861335948295,0.663278254505975,-0.25289552150116895,-0.25620339843750001,0.078423208857991478,0.038924268709481513,0.0082947774311870927,0.0078281249999999983,-0.5409861335948295,0.663278254505975,-0.25289552150116895,-0.25620339843750001,0.072097715348053454,0.042192954507130065,0.0062799997765939112,0.0060468749999999967,-0.073848165185295356,0.44339381026446256,-0.10862081484444916,-0.11009238281250003,0.072097715348053454,0.042192954507130065,0.0062799997765939112,0.0060468749999999967,-0.073848165185295356,0.44339381026446256,-0.10862081484444916,-0.11009238281250003,0.73207036535859271,e189a8af93ab8a7dc0a9a00d84f1cc7542d83c2d122277b9ce04ee8e038a1f1b,0.73207036535859271,e189a8af93ab8a7dc0a9a00d84f1cc7542d83c2d122277b9ce04ee8e038a1f1b
181,Logistic T-learner,791c23be273cad61b59cdcb52d70d3c95d04782d28684ec97eb6b4472a8cbcac,4b901107068be6a03fb347b7745a87ae8f4a3199825a0638a6d2c5108c86da80,82c2a7cb242d75b18888caf44f8c5f957ac5e8e133dd1e27eeb7ec1ae5677556,0.069231370398971384,0.038666872522440679,0.087450980392156874,0.04378930091682165,0.0091689526898203963,0.0085781249999999972,0.18202279981760139,0.38476585902832416,-0.042576042434251782,-0.045202500000000007,0.084764813579251558,0.044762145136896817,0.0084005603728944962,0.0082265624999999995,0.33368024087656245,0.32002725987109559,0.0028671260111480402,0.0020228906249999934,0.084764813579251558,0.044762145136896817,0.0084005603728944962,0.0082265624999999995,0.33368024087656245,0.32002725987109559,0.0028671260111480402,0.0020228906249999934,0.068055562305894018,0.044182643112530035,0.0050133130306064368,0.0042890624999999986,0.16233805668016177,0.34366871459091652,-0.0380794381612585,-0.042648632812500011,0.068055562305894018,0.044182643112530035,0.0050133130306064368,0.0042890624999999986,0.16233805668016177,0.34366871459091652,-0.0380794381612585,-0.042648632812500011,0.55749340904481848,bb357014dde4e07bf47379aa251297e47f2d8e3e09e83c828c3ce2c1662dbb7d,0.55749340904481848,bb357014dde4e07bf47379aa251297e47f2d8e3e09e83c828c3ce2c1662dbb7d
182,Logistic T-learner,5ac09a6018da0316cd87bfb1a4665cca3dfbcb76ecfd81acae7ce17385786893,ffec759d77d24420c88ca73ad232815f90adf6519d0bad9b0ad7793491ce3cf9,3905fc9f9bf531e030ba4aa28f6de7c2a89a55ea6d99a0eac5a18ee6cd550d6c,0.018266394930280538,-0.002582139651322049,0.059391184424806454,0.036896616976093852,0.0047238591642296459,0.0048632812499999978,-0.55490825463739535,0.48388084915512003,-0.21814571179642822,-0.21715125000000002,0.053853169174646581,0.039559511072667225,0.0030016682014156648,0.0024023437499999995,-0.60312868217054272,0.50889323121785202,-0.23352460181156287,-0.2373825,0.053853169174646581,0.039559511072667225,0.0030016682014156648,0.0024023437499999995,-0.60312868217054272,0.50889323121785202,-0.23352460181156287,-0.2373825,0.080261642294916724,0.039353619673425641,0.0085906847505131268,0.0068671874999999983,-0.21046048899131642,0.5041609915677262,-0.15007051091739895,-0.16058027343750006,0.080261642294916724,0.039353619673425641,0.0085906847505131268,0.0068671874999999983,-0.21046048899131642,0.5041609915677262,-0.15007051091739895,-0.16058027343750006,0.73207036535859271,ea2702c6d43b255d1963ccb9075f6d5b93951c6ffeee9ce69f56643088fce5b7,0.73207036535859271,ea2702c6d43b255d1963ccb9075f6d5b93951c6ffeee9ce69f56643088fce5b7
183,Gradient-boosted T-learner,a5f4167c6f6cbbdb360eee68e8c16cfbf01576d1a294be04a144bd31cb1dcd92,9a1e5a645fc25c56487bc4b6901882fc52d8339be4f554f9b7fdd07d73a4beab,992676300b76ac3debecaae78ec4850b59543bd62e4cc44d79d51c53598449f5,0.015050868556208172,0.017799506698101208,0.080590294770921972,0.045752601251074942,0.0073159156391678758,0.0053320312499999974,-0.14169498927079016,0.30150642278223416,-0.093072296531135107,-0.10624828125000002,0.066793624883810548,0.051331137834136745,0.0032471222804314986,0.0018164062499999994,-0.32509097916524976,0.37790158387867701,-0.14762843823922461,-0.15724593750000004,0.033040787068291971,0.065437206142982735,-0.0068032480056850596,-0.0076757812500000003,-0.073041302880202719,0.26272426281079908,-0.070510768795110382,-0.075430312499999999,0.071855905152758776,0.042429745681511144,0.0061794934889620023,0.0055781249999999971,0.029773096215230388,0.39875368614478268,-0.077485923885205976,-0.081073242187500033,0.052300129370812742,0.050837085272322807,0.00030723926068288636,-0.00063281250000000208,0.29883360099882628,0.28080129893163164,0.0037867834341108741,-0.0012978515624999965,0.74149659863945583,7eb344040b79fff58bd31f04182b644275bb6c62423b03a47b7db62f67b4c9a3,0.40145985401459855,cb7760c12fd73e7e937148ac668b7e1bf630a94e7d42bbdcf0ac256611cc85fa
184,Gradient-boosted T-learner,547b691a61c2c1386c6aeae464000a83d9181229f67e17489993b4b1574f52fc,3d3eb22cfb10fd851c4b9bee10bc36e1e8278b0a97c77ff9b91324910faaa4c3,fb3dc487bda64daef297daf36503779319c4cd2156c0eeb4037e360e6b20c77c,0.045361651795831376,0.04865132201923042,0.080555884167787056,0.033586239324768868,0.0098636254170338198,0.0093281249999999979,-0.16650707263066955,0.63026198651227971,-0.16732150242001934,-0.17106093749999998,0.081777012250585451,0.03334298356401777,0.010171146024179213,0.0088593749999999992,0.10035467186623026,0.51285616576223236,-0.086625313718160443,-0.095022656250000032,0.069780634988739515,0.037126208404988884,0.0068574295825876326,0.0093281249999999961,-0.13809494971321856,0.62477372425269495,-0.16020242153284184,-0.14482031250000002,0.079043541850481069,0.039746193774629804,0.0082524430959287649,0.0067499999999999973,0.062385086105941623,0.3826045045002392,-0.067246077862802484,-0.075410742187500032,0.077228001357200204,0.039663409843586475,0.0078885642178588827,0.008390624999999997,0.0099988873900836994,0.40748903241530599,-0.083472930455296676,-0.080903320312499985,0.60434510131606434,eadceb1ccfa5bb7eb4e988d145e9f17b754edd1551e284044ab6eea089144961,0.42064372918978915,a47a2fb96bec7a290e14f31027b45b080d45f6cc288d0844f523dab99026f865
185,Gradient-boosted T-learner,61378b3c50575d016baa330061f5d540f947633d9a4fef2718b6c9f6df42f8fb,f0d53a67339cdab650410f90958b093e992ba22531f52717d5674a71232b36aa,bdf11913c798cbde0532c296de6c11eb1a72107134b3eec1f51687d8c86cc22a,0.027306395129272742,0.041614099285300049,0.10273163528977483,0.042998309172436161,0.01254399848464112,0.013535156249999996,0.2575909929863418,-0.021706908795127045,0.058652559374108459,0.064306406249999948,0.087579096288317254,0.050195950447328053,0.0078504606266077328,0.0073242187499999974,0.37205905653451588,-0.069241754032965064,0.092673170219171,0.089658749999999982,0.081942674502589477,0.052161935681683841,0.0062539551523901832,0.007207031249999999,0.018833914606003033,0.078582953201837724,-0.012547298105125285,-0.0059521875000000165,0.072157313165725906,0.042338744713456569,0.0062618993749765607,0.005460937499999997,0.25200849652332147,0.30405918127940623,-0.010930643798777799,-0.015851367187500021,0.060800366930397892,0.046834227623116106,0.0029328892545291748,0.0031171874999999984,-0.060027886710239731,0.43644960939243083,-0.10426027418156081,-0.10303417968749999,0.54527162977867205,2e40aefa46e07a0541c0c1b3fc5cc6f2bbc1c50defa36b6ea7755c9e57e100ff,0.38253825382538253,cb0b75af2445717a57b80bce6dcefa17eccc7b2b4f8356c6d12e8f8e5b9062be
186,Gradient-boosted T-learner,b27b856d3485102caca371ebee0d00e10abdd80ce3b4f4f56982d48fce060b77,591218a5639ada1bc8a0cb55728a9e1b55279a74c9a4321d447b332c5a15cc8c,54b14f2ee442d9b6f42c794a4f41a77337e961ad2f125680909c3598c217f39d,0.0098312807577025513,0.045884427910898709,0.091593874202569842,0.035390468367010139,0.011802715225467537,0.011355468749999997,-0.63246374985505438,-0.20633658428734514,-0.089486704769218939,-0.093116484375000003,0.069969715324046028,0.044997255255702598,0.0052442166143521199,0.0040898437499999971,-0.20402495457298619,-0.38734004524788812,0.038496169041729401,0.029258906249999956,0.065518417835171316,0.046660548979989058,0.0039601524595882743,0.0031523437499999972,-0.088794587624797972,-0.44156750677160661,0.074082313020829807,0.068247187499999973,0.06778024568657437,0.043978810801104357,0.0049983013259487022,0.0048749999999999974,0.19901452649554829,0.3260933536845414,-0.026686553709688549,-0.027491601562500013,0.065115786204761161,0.044900645927519439,0.0042451794582207616,0.0046406249999999981,0.015547196357710513,0.40459061752463543,-0.081699118445054231,-0.079540429687500011,0.5156897572528123,b6a8f70167af993e56df606e683cbe1a764af65fc2947fc3e99a2deaffdac0b2,0.41697416974169743,db80053cf2e0c995a3095e23fa6ed80cca313dc352fa5a20ec8aa29806b4e1e3
187,Gradient-boosted T-learner,5f9d58b7115cd22589423b8c115a408d5398aefa6d2de7531175e9a8a7b5b4d3,ee2eeea617ad89ef4f40cd240fdc4975bafdc26b370b102360ca4b8d54902de0,f696ea3daf1c3a76fe727a1f96ea540201121a2f8f912892febc0453b0aaeeb3,0.0035386971814567875,0.032979407792762913,0.076948906236210923,0.027080536912751682,0.010472357557926441,0.011378906249999998,-0.93671780460678111,0.48896190156599539,-0.29939273829628305,-0.29297660156250005,0.073072342620476224,0.029129151628589714,0.0092280701082961668,0.0084492187499999975,-0.8512118090585673,0.45711158899965365,-0.27474791359222639,-0.28105980468750003,0.063070017808167067,0.033477096881915802,0.006214513394512765,0.0037617187499999994,-0.23449725541020039,0.17986703569750784,-0.087016501132618718,-0.10217191406250001,0.082494466575444583,0.037763808366248666,0.0093934382239311415,0.0086249999999999973,-0.083934201116762197,0.44726708628890766,-0.11155227035519066,-0.11629628906250002,0.076241427745187149,0.040388302224303105,0.0075291563593856492,0.0068671874999999974,0.24678425621260636,0.303467249262802,-0.011903428540541085,-0.015599414062500018,0.50795209110543882,9d085784f33179e5685300546c69e4080f29933cc677f8f4fc0ca2251807279b,0.3490251185666608,8973d033dc25e258d2710ba8fd22655b5022ecdcb2d94440d2ee02ead9667179
188,Gradient-boosted T-learner,256fba11fbc9ad21d714285c3894a935286640c6bc512657218e9ff2674c3b1a,7329512c7532a1a5eea29c518bb8bb1b98cf77bcec1c3ea23363b413bbd32e0c,3b2b5955af21fd908e302da2b268e3083137e17d7ae04863c971442212990047,0.011960824238437098,0.035498947812351342,0.11290819306536398,0.045823526380955007,0.014087780003725884,0.013253906249999997,0.19841108692189224,0.44400362488809353,-0.051574432972902269,-0.056462226562500002,0.092357033658441473,0.054572581681982174,0.0079347349150564531,0.0073945312499999975,0.31252100592444765,0.39682681873392367,-0.017704220689989964,-0.021163007812500051,0.083490540696112669,0.057795370352958883,0.005395985772062295,0.0061054687499999981,0.67024194328255116,0.24585531882886102,0.089121191135274919,0.09182332031249997,0.069140625000000011,0.043372366853258459,0.0054113342108157254,0.0053437499999999961,0.11855468749999998,0.36056490515641826,-0.050822145707847835,-0.051288867187500031,0.062121476822734667,0.046772535291495013,0.0032232777215603272,0.0022968749999999968,0.32924324481714429,0.26920046075495752,0.012608984653059221,0.0074876953124999798,0.72467999101729175,86b361b3dbd5f1f9d7d502dd3f665a1ecae37317e98df4b55bece86f4262cb5c,0.42697881828316608,11ad282f27be4a21f67f1abbf8230d34f639bd2f8be0ede10f3825b43677ac90
189,Logistic T-learner,7b3cda00a1648666a200adc61ab191f098b7de9584c15e9d5dfec5bcda9f5434,ca937762950b437a373e4a499a665112ec31b1ee480f02cd7157d50368ba8c31,572cece76a9f1499b8b27c2c6742862cd00c1b91e7ab4d97cd7c04198f62fb50,-0.010129271838880141,-0.010865279196795197,0.072842902226788464,0.039847076784862157,0.0069291233428045241,0.0076523437499999994,0.5345574593915825,0.50014677717962464,0.0072262432645111519,0.010226718749999985,0.066360476854670308,0.042596254138235687,0.0049904867704512702,0.0062460937499999982,0.40201339323556845,0.5604089212684249,-0.033263060886899856,-0.027984609375000014,0.066360476854670308,0.042596254138235687,0.0049904867704512702,0.0062460937499999982,0.40201339323556845,0.5604089212684249,-0.033263060886899856,-0.027984609375000014,0.078727981733581753,0.03921892007784411,0.0082969029477049042,0.0082734374999999978,0.22521122912124758,0.31458840474541239,-0.018769206881074609,-0.019030664062500011,0.078727981733581753,0.03921892007784411,0.0082969029477049042,0.0082734374999999978,0.22521122912124758,0.31458840474541239,-0.018769206881074609,-0.019030664062500011,0.63927427961579508,3a2c9eb7509b29721079c9acc48eeb390b7a204897cb1781e7b6cfa8e89481ad,0.63927427961579508,3a2c9eb7509b29721079c9acc48eeb390b7a204897cb1781e7b6cfa8e89481ad
190,Logistic T-learner,005560d95f142775d9761a186f252609583e3c845f21f68fec84276ce81d3480,3939c033955ba7883ee988c8a2e83570fffdb07db6b80b493ea076d955246128,7dd337b34a4502e85483af06e43d8cfdbaf14005546696b69c1c6ceaa6d33f70,0.055357423801988603,0.024824280259827164,0.092792110996445382,0.040976964031006424,0.01088118086274218,0.011074218749999996,-0.77690842793257653,0.84255834559716347,-0.34008802244124536,-0.33865804687500001,0.082795524487124933,0.045419311763742851,0.0078490046719102372,0.007675781249999996,-0.51560854631214204,0.73235248085312565,-0.26207181570470622,-0.26348226562500004,0.082795524487124933,0.045419311763742851,0.0078490046719102372,0.007675781249999996,-0.51560854631214204,0.73235248085312565,-0.26207181570470622,-0.26348226562500004,0.073798449612403116,0.041589598882591838,0.0067638586532603679,0.0061640624999999968,0.28683784769721865,0.29036804600648158,-0.0007413416449452159,-0.0047009765625000187,0.073798449612403116,0.041589598882591838,0.0067638586532603679,0.0061640624999999968,0.28683784769721865,0.29036804600648158,-0.0007413416449452159,-0.0047009765625000187,0.66956521739130437,55706647adf20ad36876140fb15a895ba391e9a3e968977a30100359e262a2ab,0.66956521739130437,55706647adf20ad36876140fb15a895ba391e9a3e968977a30100359e262a2ab
191,Logistic T-learner,60fcc71274f02aad1354b2a90e832c8df0bd1155dd0b23355af8c71af612f29f,84ef299cc4f33291a4199deae89f8565d9a7bb559c6d160cdb164e708dfe9fe9,af68865e2346b1aa12886511df6b480639cb5bddcf058cf5461f1656d9ee62dd,0.05212060526524262,0.047856172531482513,0.1095903088044542,0.040109338378612372,0.014591003789426783,0.013710937499999996,0.42780996882372102,0.647754370463968,-0.046188324344451866,-0.050658281250000013,0.088723690615257311,0.048163310961968686,0.0085176797271906118,0.0094921874999999972,-0.033462634669887525,0.84305646532438483,-0.18406901099879719,-0.17837273437500001,0.088723690615257311,0.048163310961968686,0.0085176797271906118,0.0094921874999999972,-0.033462634669887525,0.84305646532438483,-0.18406901099879719,-0.17837273437500001,0.06877080940049457,0.04373165066524054,0.0052582233344033464,0.0047578124999999973,-0.19179742109464781,0.49476342761036629,-0.14417777822805294,-0.1473615234375,0.06877080940049457,0.04373165066524054,0.0052582233344033464,0.0047578124999999973,-0.19179742109464781,0.49476342761036629,-0.14417777822805294,-0.1473615234375,0.69499006841756783,525a772d0c4bd8106da030c884318151932a71ece5f42461d6b0215534064dd6,0.69499006841756783,525a772d0c4bd8106da030c884318151932a71ece5f42461d6b0215534064dd6
192,Gradient-boosted T-learner,23151b7816a955f2f94bebf4e5b6a49c04620c853ec9c630db2e3d9716d8753d,688435fd112113e6928d1ce54a356b04bde27608f11fa4e73b55099074f5ca88,bfb63b83b4cd74e524ad032cbe9d7e58506a315c9e5077558ea2050228c9f5da,0.0044388807866010543,0.040688154100492799,0.091473410376817388,0.029708830467863476,0.012970561780880321,0.014285156249999997,0.036069302131092273,-0.20103410369365504,0.049791715223196933,0.059763281249999932,0.10203153205951129,0.025369779017572675,0.01609896813880711,0.017683593749999994,0.56808374344473789,-0.41872929133714165,0.2072307373041947,0.21656484374999999,0.090051871313897053,0.030576875734286871,0.012489749071718138,0.013347656249999998,0.86527995632924704,-0.5467796065108993,0.29653250819643068,0.30038789062499999,0.078796169630642954,0.039389896848362027,0.0082753172842789935,0.0076874999999999973,0.090138714090287175,0.37172200026313251,-0.059132490096297521,-0.062479101562500014,0.075323691327067788,0.040504795630170162,0.0073119680963485006,0.0078046874999999957,0.29032997619382561,0.28773341063210545,0.0005452787679612347,0.0029712890624999755,0.72934023868498088,a04dac8deae2869f2ac0718125c5e6108d31303ed8ac44948962b268608194ad,0.37339055793991416,0729f38af2d1003e573d3e51fb6fdd84fe3606fde902c830d777725b1d206ab9
193,Gradient-boosted T-learner,e6332be93cdde8db60fddf7c5ed2f0f7733dca050344a5870b9cff8cc62ace39,982983badb4657480a478b02e4f2c5b9aa61bb15ed1a5795f4e5885e11191976,ae4fd82cd85beea92422c5e204c877909bf4fa5c86a5cf37db4aca9415afe80d,0.03526208454408665,0.0454133922378262,0.094067821680550279,0.033916201831419135,0.012631840168317541,0.0092812499999999978,-0.42331570402726904,0.7320088656388164,-0.24261815962987793,-0.26160257812499998,0.085497835497835489,0.036423026052771021,0.010305709983463538,0.0081093749999999968,-0.15377164502164509,0.60705646671745972,-0.159773903465212,-0.17154515625000002,0.085008337860372596,0.036750091959163109,0.010134231639253992,0.0077578124999999973,0.19613213369045135,0.45084701115198456,-0.053490124266921971,-0.064527187500000013,0.074791988159746275,0.041140852396552283,0.0070667385102707383,0.0062812499999999969,-0.26413923832395814,0.52535936853865739,-0.16579470744114924,-0.17073105468749999,0.069140625000000011,0.043341845177791272,0.0054177437626638349,0.0053437499999999969,0.24732031249999997,0.30501007299449467,-0.012114849703843886,-0.012659179687500001,0.52169605706360211,d275cc5669730c811ea2070e9deec86a3de67fd10f4e80a8ad8f8d2b8c78ecb1,0.39509536784741145,2d136dd50f966ceb5988ca22cd798502c5e849a0a3f0064759f471e8711ced0a
194,Logistic T-learner,ca71e9e6167350998966e1c5999b36204110e5543f5b3007de64b5cf7bd1493f,6c144d9e9293d1b0d640fffc02277edc56e5241510e909e1e8075e902783d1d7,99319aa828ad60511561d69f421d65313dd04d476aefb57fd3567999b295a62d,0.018707368763259624,0.0039686517662217147,0.083298116819772228,0.03264435598800923,0.010637289774670228,0.010230468749999999,-0.52719878920146002,0.11384388422035474,-0.1346189614185811,-0.13685636718749999,0.074152631326173168,0.037320499405807464,0.0077347477032767981,0.0061289062499999989,-0.44460901260212937,0.078951017387036471,-0.10994760629772482,-0.11810636718750001,0.074152631326173168,0.037320499405807464,0.0077347477032767981,0.0061289062499999989,-0.44460901260212937,0.078951017387036471,-0.10994760629772482,-0.11810636718750001,0.073461012311901497,0.041772420311241537,0.0066546043201385916,0.0060468749999999958,0.042388782489740207,0.39338217170163703,-0.07370861173449833,-0.077303320312500007,0.073461012311901497,0.041772420311241537,0.0066546043201385916,0.0060468749999999958,0.042388782489740207,0.39338217170163703,-0.07370861173449833,-0.077303320312500007,0.80663373323923782,c3477c50f2b1fec59a454577c0cb6fad46b5611cb325ee09750202f5d02712a1,0.80663373323923782,c3477c50f2b1fec59a454577c0cb6fad46b5611cb325ee09750202f5d02712a1
195,Gradient-boosted T-learner,3bb315c92d14e4505c208aa8a9ac1d8633c223c8ccb0b9d14a0502b929b36e34,48b90d00a1ddb62456fc91c50c7ca7a64d452c3dd46e6b4a64fecfbd36574a20,8cb01bcebdc0a5114a19397508d1b9f88105aee9d8a862f4f7d7eea03b8d04fe,0.0013436091617471807,0.0079515559104475081,0.096102980074061012,0.023920455503708984,0.015158330159773924,0.015515624999999998,-0.40879004290836418,0.034662194360957077,-0.093124969826557463,-0.090999492187500031,0.080889709843762037,0.030561335493736172,0.01056895861350543,0.010593749999999997,0.70988154793973313,-0.44496006061003412,0.2425167377954511,0.24230753906250002,0.058647294102140757,0.041339592466624414,0.003634617343458432,0.00016406250000000012,-0.72009305880384811,0.18234633439807568,-0.18951227257240399,-0.21629167968749996,0.082788205977027185,0.037532694867528082,0.009503657332994811,0.0093281249999999979,0.59898240996098007,0.15418857713182521,0.093406704894122519,0.092309179687499993,0.069972309806473232,0.043880996445282996,0.0054791758058499495,0.0024140624999999987,-0.075334639855782815,0.44239734023101251,-0.10872371581822701,-0.12663691406249997,0.62230671736375154,6fc20e8d1ce48af3be13316c15eab716d355ba7df5ff5465bb48d5b90976c3b0,0.35833038556773966,abd7e12b37ab2738b9489e73a3ad017f8e0c39011f6ee75cab4765dee52502f2
196,Logistic T-learner,e828ad9213a9d8d6abfefe91e505be13d82f0545efbcaa5ecb564828e30b850f,0fce006d4a76c43b378548b78ae1f4049c177b8f7809e1dd6ffba78c33e529bf,7a27975afcbc13b2b96680f6697a1cb8a7ced7061fafb5cd2ae0ebcd972e75c1,0.059286096301788133,0.057761909603928213,0.086321216726698791,0.040916634352746992,0.0095349622985298772,0.0093632812499999992,0.24160194867528878,0.30621630631945773,-0.01356901510527548,-0.014451679687500007,0.067551067953586008,0.048938175544028614,0.0039087074060070526,0.0037382812499999985,0.544960034836108,0.17661554809430946,0.077352342215777692,0.076447148437499987,0.067551067953586008,0.048938175544028614,0.0039087074060070526,0.0037382812499999985,0.544960034836108,0.17661554809430946,0.077352342215777692,0.076447148437499987,0.076078431372549021,0.040566630655022806,0.0074574781506805046,0.0068671874999999974,0.1671185590515275,0.3407434402766566,-0.036461225057277107,-0.040226367187500021,0.076078431372549021,0.040566630655022806,0.0074574781506805046,0.0068671874999999974,0.1671185590515275,0.3407434402766566,-0.036461225057277107,-0.040226367187500021,0.56830712681233408,41ee8ca05f4f4a82c9b0cfc5d9e9e2f3f0d55302c5b2ba3bd46052e1fe2e3038,0.56830712681233408,41ee8ca05f4f4a82c9b0cfc5d9e9e2f3f0d55302c5b2ba3bd46052e1fe2e3038
197,Logistic T-learner,b0f546208043f3f13a28f26f2d24bdebf857a18362d7f79996ce439423d99693,4dd6a0ee39b64ceaa4b774a200bd5b68eeb58a5bdfa039ec22494093086492bf,f2f9989a4427efb39cff79ec130954d83fba6e3e28de09b30425a01d110da66f,0.036317847336463649,0.023862727337986417,0.084493525605920328,0.049451901565995535,0.0073587410483842066,0.0083085937499999991,-0.037819541658838274,0.33602429530201339,-0.078507205761778845,-0.073787460937500035,0.081838023226242951,0.051132713533346835,0.006448115035508184,0.0064335937499999975,-0.13232547880198531,0.37776013614866411,-0.10711797913963637,-0.10717300781250001,0.081838023226242951,0.051132713533346835,0.006448115035508184,0.0064335937499999975,-0.13232547880198531,0.37776013614866411,-0.10711797913963637,-0.10717300781250001,0.071481157408804286,0.04309823528572497,0.005960413645846656,0.0042890624999999977,-0.025472377274236013,0.42461440280559626,-0.094518223816764779,-0.10466777343750003,0.071481157408804286,0.04309823528572497,0.005960413645846656,0.0042890624999999977,-0.025472377274236013,0.42461440280559626,-0.094518223816764779,-0.10466777343750003,0.70628749166851812,3807e00185a430f7fb087795c4949da98c0d42f2037ad966cc185558a2d7ca90,0.70628749166851812,3807e00185a430f7fb087795c4949da98c0d42f2037ad966cc185558a2d7ca90
198,Logistic T-learner,8043ac28c18320ed4180f698d8a7853a067de51aed03181e0a6dca8f9887162e,40ca02b96725f3b33d43563911d362677ee2175c559710a70b4e65421b2bd7fe,d2bc67092b9461dc76ea7ccee5e886d17d1a408fd10d23507d8ebac790bed340,0.036016954137539872,0.029224796426653973,0.10826646044366631,0.024711586745433639,0.017546523476628859,0.018433593749999998,0.0070772623159023329,0.14557922483695418,-0.029085412129420885,-0.024308437500000012,0.083680824717668689,0.035348993288590605,0.010149684600106398,0.011050781249999996,0.19871488712436403,0.065781767337807606,0.027915955155176846,0.032212265624999993,0.083680824717668689,0.035348993288590605,0.010149684600106398,0.011050781249999996,0.19871488712436403,0.065781767337807606,0.027915955155176846,0.032212265624999993,0.08484317771669192,0.036656891495601182,0.010119120106429055,0.0097968749999999966,0.26290382023498593,0.29795172431142558,-0.0073600598560523266,-0.0092900390625000016,0.08484317771669192,0.036656891495601182,0.010119120106429055,0.0097968749999999966,0.26290382023498593,0.29795172431142558,-0.0073600598560523266,-0.0092900390625000016,0.42750929368029739,84e5d42a9ce24e5eac5e845378f696921452cf2febafa76a5efabeb302d369db,0.42750929368029739,84e5d42a9ce24e5eac5e845378f696921452cf2febafa76a5efabeb302d369db
199,Logistic T-learner,6d05f6bb1a13c06090ab6b6dbad9211682c5b58c0dfeeb853189f2cd4e3bdd93,4c0f08a85fa1d0d5925bc7b4e098211fae4fef95cb1c658de5f3c4f44f97bfc8,a69ddbd843f523204983b212b4dffd4e71445d060d6c93172fb8f76d8a119e09,0.032685388702156357,0.032679923547480505,0.092393074188739821,0.041309393619280335,0.010727572919586491,0.010921874999999996,-0.22731209723655554,0.66665245871202072,-0.187732556749201,-0.18668062500000002,0.066462381317176217,0.051438983117407022,0.0031549136219515307,0.0050624999999999967,-0.032984005385704562,0.58200600386989454,-0.12914790194367581,-0.11746851562500002,0.066462381317176217,0.051438983117407022,0.0031549136219515307,0.0050624999999999967,-0.032984005385704562,0.58200600386989454,-0.12914790194367581,-0.11746851562500002,0.067732083864566583,0.043388617097048346,0.00511212802117883,0.0060468749999999967,0.35641212551898982,0.25595212607635986,0.021096599882952288,0.026813085937499981,0.067732083864566583,0.043388617097048346,0.00511212802117883,0.0060468749999999967,0.35641212551898982,0.25595212607635986,0.021096599882952288,0.026813085937499981,0.66847708016510976,6acbfe493a002f82f9aa8c3b0401992979f74e30a757261d1ff348fb17194dce,0.66847708016510976,6acbfe493a002f82f9aa8c3b0401992979f74e30a757261d1ff348fb17194dce
200,Logistic T-learner,e9abf874264aeda92ce627e1a508131bdadadd1af97293d208afa18f8c2d9330,9037ebed8e4e930f8d1f2d8beb945e8ec430b2d198c8ae9a548bc29b2f163eef,f1b03435b73091f7d3ee09d2d65756ca3cab98c5d88301204a51cf6525495b0d,0.038041099972763504,0.025410475546923036,0.079091847265221865,0.046836357863310779,0.0067736527744013276,0.0069726562499999997,0.020023208347666133,0.86198977551977285,-0.17681297910614241,-0.17563089843749999,0.064928459818009127,0.052826486383817775,0.0025414144211801837,0.0029882812499999979,0.36956153681178905,0.71034334477156824,-0.071564179671553624,-0.068173476562500029,0.064928459818009127,0.052826486383817775,0.0025414144211801837,0.0029882812499999979,0.36956153681178905,0.71034334477156824,-0.071564179671553624,-0.068173476562500029,0.067106515982328613,0.043875163113326815,0.0048785841024903773,0.0056953124999999973,0.17314753110145753,0.33536612689797241,-0.034065905117268119,-0.028933007812500008,0.067106515982328613,0.043875163113326815,0.0048785841024903773,0.0056953124999999973,0.17314753110145753,0.33536612689797241,-0.034065905117268119,-0.028933007812500008,0.46957520091848448,e3edcba2c90296947b0d17b18904dd7a1c416d8c0b7d731f83b7cebc3189121d,0.46957520091848448,e3edcba2c90296947b0d17b18904dd7a1c416d8c0b7d731f83b7cebc3189121d
201,Logistic T-learner,adde6a285ca056a06f49f1fbc5a4ff7194b38e5fd04b27306e42c9d467ec4353,cd67c50b1b189fd7eb969c0a1fcf09bc38a842c7f6e42f035992c97ac158ddcd,f2540936b5d23bc787afc7ae14cf9aa6b029be80d4eac4f2678b0d773c9c3b4b,0.037760916198189567,0.028365488232044558,0.082023060796645703,0.040452203705448761,0.0087298799891513575,0.0078164062499999978,-0.066764209177731182,-0.017224232672814699,-0.010403395066032462,-0.016610625000000035,0.077781900817716187,0.04249537465309898,0.0074101704945696133,0.0054726562499999984,-0.33390764872060874,0.092336956521739122,-0.089511367100893052,-0.10267429687500003,0.077781900817716187,0.04249537465309898,0.0074101704945696133,0.0054726562499999984,-0.33390764872060874,0.092336956521739122,-0.089511367100893052,-0.10267429687500003,0.076248170365419282,0.040751432463922474,0.0074543149593143294,0.0060468749999999967,-0.38869533003525703,0.58084659287029561,-0.20360380381016605,-0.21267363281250001,0.076248170365419282,0.040751432463922474,0.0074543149593143294,0.0060468749999999967,-0.38869533003525703,0.58084659287029561,-0.20360380381016605,-0.21267363281250001,0.52079207920792081,bac57bdf022b08b76eb2c84c4fa734108a3ebbbd2538d445e9ab9ccc87f56a71,0.52079207920792081,bac57bdf022b08b76eb2c84c4fa734108a3ebbbd2538d445e9ab9ccc87f56a71
202,Logistic T-learner,b93d14600fd12d9fdc24486b78f15efe67f24d3f6a190e36fa2435d2b18180ed,5e4a846c2bbb4416004928d8146723958c91fe141e5106697658649d1ec85f8b,01fc96cf664a5dcf529bcac19862b2ff27f5563c3d5f08c4b8900aeda7ce66aa,0.0022135520227285765,-0.007323911477466083,0.071572871572871594,0.04977307776197093,0.0045779567002891394,0.0022851562499999968,0.03877849927849919,0.28582260448170504,-0.051879262092673226,-0.065963320312500046,0.074336151977195758,0.04849149193805366,0.00542737860821984,0.0024023437499999974,0.11095356411777102,0.26136254470007558,-0.031585885922283959,-0.05314300781249999,0.074336151977195758,0.04849149193805366,0.00542737860821984,0.0024023437499999974,0.11095356411777102,0.26136254470007558,-0.031585885922283959,-0.05314300781249999,0.080626266029847932,0.038976998513150091,0.0087463461785065467,0.0069843749999999975,-0.33007811748877558,0.55844641336955203,-0.18659015148024879,-0.19845996093749999,0.080626266029847932,0.038976998513150091,0.0087463461785065467,0.0069843749999999975,-0.33007811748877558,0.55844641336955203,-0.18659015148024879,-0.19845996093749999,0.64983888292158964,35f7a8ef55696eb29102f0408d1f4f440a21d6a542764b09939df07d598370e3,0.64983888292158964,35f7a8ef55696eb29102f0408d1f4f440a21d6a542764b09939df07d598370e3
203,Logistic T-learner,bde50e48a99b3c945bc577c0ac0e976adb1a1af846cb51ab1b236788996c61fc,8505671d3b2aa2bc49dac2293dfb0e1c0cceff44025856b0ded70f2ad321c6bd,d4915b03df50ddc0829be3a7aeee2ee109c925a160f88e97d76d6ab3ef69f04b,0.0094419672306740449,0.0064068935797230164,0.083403279440431161,0.033441071165494787,0.010492063737736639,0.010687499999999996,-0.048063845889232848,0.62950328068201777,-0.14228909657996264,-0.1413842578125,0.057943459886345056,0.043058709714445004,0.0031257975360990107,0.0051796874999999968,0.44115297340949944,0.41043114928245245,0.0064515830666798685,0.016972382812499971,0.057943459886345056,0.043058709714445004,0.0031257975360990107,0.0051796874999999968,0.44115297340949944,0.41043114928245245,0.0064515830666798685,0.016972382812499971,0.064072664483849212,0.045217727433152402,0.0039595367806463302,0.004406249999999997,0.23759518791963363,0.3085665058850553,-0.01490397677273855,-0.012406054687500027,0.064072664483849212,0.045217727433152402,0.0039595367806463302,0.004406249999999997,0.23759518791963363,0.3085665058850553,-0.01490397677273855,-0.012406054687500027,0.70552964690206532,5dc5e5faa0efb5979806dd8161484237641164206db67d01957923268f6151bc,0.70552964690206532,5dc5e5faa0efb5979806dd8161484237641164206db67d01957923268f6151bc
204,Logistic T-learner,39c9909e79015294de394fa76ed42ce6b5a8f81a0c7591809b60b73ad2aad550,8b0c20dc35d4fb0306794927940460ea38f081fd694ee6ca411e2b6064611683,8f0c3ca8614456fe821c9128b310dcbcaf23b1843cdd82755dc0fdda67c8327d,0.0051756329510915106,0.0016074859830327443,0.09605537598928704,0.040942070404069067,0.011573794172895774,0.0095976562499999977,0.19302725446654356,0.33901449545349982,-0.030657320607260813,-0.04038667968750001,0.077985911856591011,0.047910240683995131,0.0063158909462451346,0.0060820312499999972,0.66411719269859948,0.13545971359343301,0.11101807061208495,0.10981722656249997,0.077985911856591011,0.047910240683995131,0.0063158909462451346,0.0060820312499999972,0.66411719269859948,0.13545971359343301,0.11101807061208495,0.10981722656249997,0.072229368927591048,0.041983318443125736,0.0063516706017377154,0.0063984374999999979,0.29603337694656107,0.28426581423897224,0.0024711881685936543,0.0026419921874999909,0.072229368927591048,0.041983318443125736,0.0063516706017377154,0.0063984374999999979,0.29603337694656107,0.28426581423897224,0.0024711881685936543,0.0026419921874999909,0.63230605738575985,3de5ab2c6a9c56f54d5bf4489d0dd119a4dd233911dc256573239d5a03401806,0.63230605738575985,3de5ab2c6a9c56f54d5bf4489d0dd119a4dd233911dc256573239d5a03401806
205,Logistic T-learner,2e9c4b08af37f01ec4bf058da5485da571a0cb41aa1d5121522ccb7b37df2f34,a0a6847cf90930571361c3f0cbea4dd3ed96156fa99efd623ed7cb5c98400077,3e1416c95cef3fe18a661c5f02c74b7037e99f008d4dc8ff5bce644c34420cf5,0.03961614710378239,0.0049832153329892187,0.08427458868430554,0.037856115513691876,0.0097478793658288699,0.0080859374999999976,-0.10865294392823588,0.87987685495924883,-0.20759125776637177,-0.21721593750000001,0.074669897032101751,0.041650361742717565,0.0069341024107706789,0.0058593749999999974,0.18926577831617197,0.75488663004117706,-0.11878037886225107,-0.12605578125000003,0.074669897032101751,0.041650361742717565,0.0069341024107706789,0.0058593749999999974,0.18926577831617197,0.75488663004117706,-0.11878037886225107,-0.12605578125000003,0.070274283717679964,0.043244018694612002,0.0056763556548442718,0.0047578124999999973,0.14002766130910782,0.35249418922739173,-0.044617970862839619,-0.050245898437500019,0.070274283717679964,0.043244018694612002,0.0056763556548442718,0.0047578124999999973,0.14002766130910782,0.35249418922739173,-0.044617970862839619,-0.050245898437500019,0.51718688265507706,0661772009ca50c5468f4681f25db4d4c9ff9448d179b9f5c8ccdae43e55de3f,0.51718688265507706,0661772009ca50c5468f4681f25db4d4c9ff9448d179b9f5c8ccdae43e55de3f
206,Logistic T-learner,e4ee83a09daa78f4bd8ffd10f602aec236455b5dc8bc2d24d8efc2b1677808bb,43179b19a5caa31a53db825154518357da037f205a7a38cfd6dd37987c686973,a2ed901391288809a76b84641dc163329c0eabe9b101d94ed296eac79f19fed5,0.037096095403303622,0.030576758801232326,0.080488643177862612,0.040801698194150027,0.008334258446579642,0.0080507812499999963,0.008597692071431573,0.67725544063346876,-0.14041812719802779,-0.14216097656250004,0.081514325418543254,0.040576044248832238,0.0085970390456393125,0.0079335937499999971,0.078700731351034614,0.64684611276931814,-0.11931053009783954,-0.12307113281250004,0.081514325418543254,0.040576044248832238,0.0085970390456393125,0.0079335937499999971,0.078700731351034614,0.64684611276931814,-0.11931053009783954,-0.12307113281250004,0.071615229360449728,0.043276641446750974,0.0059511034618767384,0.0039374999999999974,-0.070346473248907526,0.4416273041222637,-0.10751449324794596,-0.11890371093750003,0.071615229360449728,0.043276641446750974,0.0059511034618767384,0.0039374999999999974,-0.070346473248907526,0.4416273041222637,-0.10751449324794596,-0.11890371093750003,0.65232358003442337,20b949baca61e6b3002771bf5eb610b1b77c78ee46823a2daef2845c388aab64,0.65232358003442337,20b949baca61e6b3002771bf5eb610b1b77c78ee46823a2daef2845c388aab64
207,Gradient-boosted T-learner,1cbd7d5684a286359b4417ed36f2be3f88ce67947ca037ac130db3b8d10695ff,e0244c8180f8638e67e6981b8f1391eacef3deb784c3bb8e01b97e7ec649a2ff,137a54ef1fc6249736cdf5285dd7fe0ec1e258d4754d64b4abd3840d7af10fbf,0.024375553108993336,0.040156098025277434,0.088320932613576958,0.035868119796484729,0.011015090691589367,0.009011718749999998,0.042369995585036624,0.8990787609851989,-0.17990884073403407,-0.19138980468750003,0.073921871467598571,0.041861077731949109,0.0067327666844863871,0.0051445312499999981,0.34585671213997615,0.77274165611163448,-0.089645838234048245,-0.099733945312500016,0.078732107908975793,0.038917304449751472,0.0083611087264371074,0.009011718749999998,0.47092330480831968,0.71314684054482658,-0.050866942504666446,-0.046399570312499999,0.071910695742471442,0.042302703926942048,0.0062176782812611723,0.0059296874999999975,0.31085132289061446,0.27850863023556116,0.0067919654575611917,0.005003320312499975,0.069718561037015458,0.042809101865400698,0.0056509864260390992,0.0066328124999999981,0.10445511726649115,0.36547862463404168,-0.054814936547185611,-0.048714257812500036,0.66522116218560279,4019797299282ce0d96cae25dd5d90e3d50377a35e9702c4ae79fd3ed1863864,0.37191854233654875,e85f74dc49580784acf9b512af8a6bc0a2c1eec9263cae6e64e4c1269b69e947
208,Logistic T-learner,18e4a08accbc2d26f8532e5674f0dd1a3fa225900a8f639ac071c8ad1f8057b1,f3620e8b520f843ba8b41c5487f710e032b87867ad112923d0e244448e93c516,df19ed29826335ddf816f236ead1b249963c3de160cff817692c817148e49673,0.031997586594858171,-0.0020032739724999693,0.063057096038357796,0.032876843678614737,0.006337852995546042,0.0045468749999999962,0.19689546342518316,0.42154711638794096,-0.047176847122179136,-0.059289726562500027,0.061638958452765291,0.033427944607430884,0.0059243129075202249,0.0041953124999999994,0.54836034758470875,0.27376933357447175,0.057664112942149764,0.045159492187499983,0.061638958452765291,0.033427944607430884,0.0059243129075202249,0.0041953124999999994,0.54836034758470875,0.27376933357447175,0.057664112942149764,0.045159492187499983,0.079919448705094293,0.039185592914394579,0.0085541097160469395,0.0075703124999999972,0.20247533328825917,0.32726192630444595,-0.026205184533399224,-0.032495507812500025,0.079919448705094293,0.039185592914394579,0.0085541097160469395,0.0075703124999999972,0.20247533328825917,0.32726192630444595,-0.026205184533399224,-0.032495507812500025,0.67648984937786505,70cd8fab53bbdb6d41c0d3035eacf4515cdbaec3eacbf38998da723160de25d9,0.67648984937786505,70cd8fab53bbdb6d41c0d3035eacf4515cdbaec3eacbf38998da723160de25d9
209,Logistic T-learner,988d4e6cf8b1d0541688518a65ffb9aff8814a21baae898741c25a20c68a2f46,265dd532813a4502fc4fd326900d19c7b13c3a21efa12ba41c08e5ea9610d961,f24a017f0e75dbb929fd2c1374088915e6532d46c2f89015de1b5361188732a8,0.036090190012014231,0.03487672827490633,0.10585493005333974,0.028502813457789225,0.016243944485065605,0.016066406249999998,-0.39811866720173106,0.43566495816813666,-0.1750945613276722,-0.17648039062500001,0.10354349452492687,0.029945304844131881,0.015455619832966946,0.014074218749999996,0.1686024167403477,0.18850307057360927,-0.0041791373049849274,-0.013074140624999994,0.10354349452492687,0.029945304844131881,0.015455619832966946,0.014074218749999996,0.1686024167403477,0.18850307057360927,-0.0041791373049849274,-0.013074140624999994,0.092442649164301671,0.03372689832372594,0.012330307676520902,0.011320312499999995,0.18058984408622358,0.33232095066545553,-0.031863532381638707,-0.037440820312500026,0.092442649164301671,0.03372689832372594,0.012330307676520902,0.011320312499999995,0.18058984408622358,0.33232095066545553,-0.031863532381638707,-0.037440820312500026,0.71352074966532797,16e3168f699cbcf9cc4c94b0be8a6b22de7317ecb39210ffef8f7c7559330929,0.71352074966532797,16e3168f699cbcf9cc4c94b0be8a6b22de7317ecb39210ffef8f7c7559330929
210,Gradient-boosted T-learner,86e2d303162906772c9b60723523a0c664ebebe9958fe028e6c09ddd4a577c19,166aa2ad51dd182de9fad638d01c0e75c851981f0b14da3f5b5a16787a55f498,5aad8b1a665a53159e839d7219b202f935b7b392b6bba8b4d02472a30891680d,0.011433121087229436,0.040334577732699342,0.089894492446952329,0.024753129587698861,0.013679686200443228,0.014027343749999999,-0.2768032533944631,0.013126371529527781,-0.060885221234038084,-0.058323515625000016,0.078928180823915423,0.029300860472959253,0.010421737273700795,0.011097656249999999,-0.10362135757870328,-0.060647930960653906,-0.0090244195897903681,-0.0049153125000000039,0.044197683397683402,0.044061503852155473,2.8597704560864994e-05,0.0014882812499999992,-0.13089698841698827,-0.048792145502910111,-0.017242017011956413,-0.0084098437499999963,0.075575013413715419,0.040916190140312864,0.007278352887414536,0.0065156249999999971,-0.054524908518005399,0.43428325818071911,-0.10264971500673215,-0.10700917968750001,0.053413283539533118,0.049924090911637339,0.00073273045185811355,0.001124999999999998,0.18523715093628279,0.33192540181397523,-0.030804532684315412,-0.028669335937499981,0.7371635376611626,34ad52a5a24ecea0585423a5463e49f50af78495dabe94c9ae42b4533bb08ada,0.45537237066515063,8e3f5c3172a38e2e9bc127eeef604701271f25f77acbf575337ec40ad76bbc75
211,Gradient-boosted T-learner,40f99125d3bd5a00ce233354ffd140be4676973a16dd98c3c78176f9b5b699d0,352781c8bcb2e9b70c4e071e986170c7936c472abfdb909cb546353d3f10ac50,063a6f6c86b7a8bf08d2224f97f77f54d5770945b2591dfc9c6960ecf437b9f6,0.031318169264623302,0.053679579517543818,0.093316060225999253,0.034696304209759166,0.012310148763410418,0.011507812499999997,0.00077041782060172093,0.32501389808163456,-0.068091130854816898,-0.071936953125000022,0.080957876462729172,0.040492100781364629,0.008497812893086553,0.0062343749999999986,-0.053616910676335117,0.34828380010757015,-0.084399149264620096,-0.094642031250000022,0.071265530180215336,0.043064373141157644,0.0059222429782021151,0.0072890624999999961,-0.17085946337988678,0.39610375915122398,-0.11906227673153326,-0.113276015625,0.078595038211045437,0.040100141985965759,0.0080839282072667322,0.0061640624999999968,-0.098044422693220001,0.45400621789709528,-0.11593063452396621,-0.12714785156250002,0.068554131054131051,0.042935575791713837,0.0053798966051076145,0.0069843749999999975,-0.15768399810066469,0.47628040165169583,-0.13313252394799571,-0.12324902343750002,0.59435333194934603,7b32fc022923dac71d250d651cfd6710da60f7a65f235fc49e335142f9b7a1e1,0.40582097748489843,53bcd3a9c38b226f044f8170d2a0604beeafaf4cc6fffa9e07493272b34c29bd
212,Logistic T-learner,6253f5808a354dc837ae280d29ab2bb46ed612ea571f7f21293f5ddf40347106,413695dbf638fa168163647ba8290ba234444f58ce1050c2f5299d6db2f278f8,07f5f8cdde9f1b43cf8c9bf0588ea582937fb0b28af316bd0415937ee10b1aaa,0.03888439455256669,0.020011460530676747,0.08155038589821198,0.039421169008790072,0.0088471355467786006,0.0083789062499999949,0.12485508615943397,1.0729989062126806,-0.19911020221118178,-0.20185488281249994,0.07317193149303533,0.043010177091467872,0.0063339684243291661,0.0055664062499999976,0.88839884418864989,0.74394529183565505,0.030335245994128915,0.026231835937500014,0.07317193149303533,0.043010177091467872,0.0063339684243291661,0.0055664062499999976,0.88839884418864989,0.74394529183565505,0.030335245994128915,0.026231835937500014,0.068547025307492016,0.0440247116637483,0.0051496858651861798,0.0039374999999999974,0.34629084913916741,0.26377905248302935,0.017327477297788992,0.0099544921874999744,0.068547025307492016,0.0440247116637483,0.0051496858651861798,0.0039374999999999974,0.34629084913916741,0.26377905248302935,0.017327477297788992,0.0099544921874999744,0.52927120669056149,17821368e7baaed24b78e70b8cdbe6ecdab9c2729782cf5537adfa42c9f1fcbd,0.52927120669056149,17821368e7baaed24b78e70b8cdbe6ecdab9c2729782cf5537adfa42c9f1fcbd
213,Logistic T-learner,2533c88bbf61147e15ce1a2e1612c5214f7f3741216a916206290fc6683a6c9c,e8ec4b401651a92badb82d2208e1ba9c6dc868c79ea02a3d059c149c3cf89c61,65a758c36f28d5d91876e404f875dc79098ed8039505e780008bace936a74633,0.05367957525756159,0.032019734674522432,0.09326325595946125,0.031407727940972519,0.012989660883882634,0.016429687499999998,0.4129863282532158,0.31841175556850021,0.019860660263790273,0.035859609374999983,0.074737313553010332,0.038600103104839703,0.0075888141941158321,0.011390624999999998,0.57292913001469403,0.24214622754895421,0.069464409517805359,0.088448671874999968,0.074737313553010332,0.038600103104839703,0.0075888141941158321,0.011390624999999998,0.57292913001469403,0.24214622754895421,0.069464409517805359,0.088448671874999968,0.056650570178421622,0.049467923504312422,0.001508355801562932,7.0312499999998219e-05,0.24653585436078784,0.30976210492058087,-0.013277512617556535,-0.0223494140625,0.056650570178421622,0.049467923504312422,0.001508355801562932,7.0312499999998219e-05,0.24653585436078784,0.30976210492058087,-0.013277512617556535,-0.0223494140625,0.55214227970897334,2e8149c5aad843b266c8c06e1054132a59d2b6cf0aed6f739d3cbe5cd734cddc,0.55214227970897334,2e8149c5aad843b266c8c06e1054132a59d2b6cf0aed6f739d3cbe5cd734cddc
214,Gradient-boosted T-learner,a167e2fd1df24cac787517d072589fc50cb3885e95d59bcbc40ca0c97274bfd3,3c82f04b32d024c541c3262f1c1dc48ce7fa817b8e724f4cbefb9d54f5d087d4,d9d135cc30411e8806be9932566f04ef73b7c3f84c3900b7071a19b82caf2d09,0.024709159183082752,0.040660586280646629,0.10358243729260995,0.032202569900421793,0.014989772152359512,0.012199218749999996,-0.17420055652126043,-0.37406406270383097,0.041971336298339809,0.024847148437499959,0.1016955266955267,0.032830356596607616,0.014461685720773007,0.012316406249999998,-0.17625000000000002,-0.3721167549501383,0.041132018539529039,0.028263164062499974,0.069162159854307181,0.046043068413686106,0.004855009202530426,0.004230468749999999,-0.33427952335616185,-0.29988399858349779,-0.0072230602022594513,-0.011183320312500005,0.080346974741264038,0.03907638355256389,0.0086668241496270313,0.0075703124999999972,-0.10469983721925791,0.45749336544547059,-0.11806057255959299,-0.12462128906250002,0.055476356985313918,0.049119797032582707,0.0013348775900735542,0.0014765624999999976,-0.076120078345453646,0.44377829173762828,-0.1091786577174472,-0.10848222656249998,0.74110179097710271,950cd95cc6fac944db5c5530deea04e8397a31cacf28243b0fe24a21a98c27ea,0.41645149391368497,af7ef0211b9ef279d3cd02f5e1c1adcd3335871175868c7d6877422130e93633
215,Gradient-boosted T-learner,d3af4880bb32aa54a7a5ed07a8009968467a262777ca288ab5f1d0dee92c46ca,570aca74c57d0fae6b6ba34feecaf19b7592bbc1356f14a1b65f86e47d0735f7,8b7a97ad082e2653e1140d63dab15fc08eb00bb9afec099d731528d023137e29,0.0054226121670718636,0.030159414693356451,0.097000923087879609,0.031717360683109277,0.01370954810500177,0.013277343749999998,-0.55364595060247235,0.5179001137152347,-0.22502467350671848,-0.22763132812500003,0.087698765280799049,0.03542424895729239,0.010977648427936398,0.011402343749999998,-0.49437139618248105,0.49086613052985972,-0.20689988060959155,-0.20435906250000002,0.09736586672021956,0.030752270351511637,0.013988855237428663,0.015855468749999997,-0.071316824908048915,0.31493833616964062,-0.081113583826314797,-0.072459843749999989,0.072490394040739675,0.042459540907112098,0.0063064791580617913,0.0048749999999999974,-0.088032334523074351,0.44969688260347063,-0.11292313559657444,-0.12143496093750002,0.082395027866487447,0.037092378969758255,0.0095135562683131298,0.011320312499999995,0.21535808537048906,0.32366431390340789,-0.022744307991912953,-0.013601367187500006,0.73207036535859271,c55336602bdc7f58b21c6be9318bd7eb315af4c33be7cf6eedb05a9ac5c4d0f5,0.37832017229002152,894039112b0727abd2130ccbc944d73fcf00b7fe4ee9bda053d93acbc3b4269f
216,Logistic T-learner,41c57e3add6598f9c75892b47202dea74ec7c6eee2a898a44bfb3432c4c0dcc1,909cb7afd7d8748eaff6b1c1432c1fcd044cf473aab469b7ceff37faae62791c,77d41f37737ed2478cd187773d7be5207c401d233523e425216ec3fc1538bc39,0.018569051061159636,0.0066778276330572706,0.09911374132910003,0.039816211554638187,0.012452481252636987,0.010031249999999999,0.27530101117002714,0.35105277414520697,-0.015907870224787762,-0.028620937500000013,0.087319744492016294,0.044423428583689348,0.0090082263407486578,0.0078046874999999983,0.60420538687525649,0.21762359647279694,0.081182175984516505,0.073326328124999993,0.087319744492016294,0.044423428583689348,0.0090082263407486578,0.0078046874999999983,0.60420538687525649,0.21762359647279694,0.081182175984516505,0.073326328124999993,0.066565760807246882,0.044325365263316749,0.0046704830642253278,0.0048749999999999974,-0.026461827772044533,0.42192194530843774,-0.094160592346901273,-0.092858789062500016,0.066565760807246882,0.044325365263316749,0.0046704830642253278,0.0048749999999999974,-0.026461827772044533,0.42192194530843774,-0.094160592346901273,-0.092858789062500016,0.60635850240535449,c1abec5df169bd172692dc0a827202cc52505cb5811ebf68cb3d18a7888465e8,0.60635850240535449,c1abec5df169bd172692dc0a827202cc52505cb5811ebf68cb3d18a7888465e8
217,Gradient-boosted T-learner,0c1b0c667b1819eb9b537bc3101174aad0d73dd02d40e75eaa593a957bd90f40,164fbecd89e6b2e9da4dfb1536805b577d03bbd8b470f53dc06a11370b6bf941,97a26db552da886f12b688ac5e5f1b71fe9bd9465a5b616e1367805afd7e0b1d,0.027687179788713684,0.03246860831540796,0.097862701563165816,0.030696071543549863,0.01410499230411935,0.011249999999999996,0.10531857633048514,0.33232885261032796,-0.047672158018766994,-0.064034648437499994,0.074251471102464661,0.040733637327762709,0.0070387450926874097,0.0048046874999999973,0.13930377229484758,0.32691857053109863,-0.039399107629612719,-0.054303398437499997,0.074259131375931514,0.040766799114116015,0.0070333897749812547,0.0041015624999999993,0.28005987131074717,0.25215697153150407,0.0058596089536410495,-0.0097369921875000015,0.065432834291058894,0.0449787883549191,0.0042953496465893571,0.0041718749999999985,0.29339175779473292,0.28566245426589754,0.0016231537410554308,0.00081855468749997935,0.073883081621640811,0.041203269864485026,0.006862760469002715,0.0071015624999999968,0.23575552050666182,0.31126726109474567,-0.015857465523497608,-0.015106054687500014,0.68939727232732073,e82a886c981b8ca1af1e914041b489141b4b5bba3ceeef4381cd189c3f6144bf,0.42486085343228203,097702c85d26ba6a44306e0f7ac807f9e8fae6be433f4b4840231faae4255d5f
218,Gradient-boosted T-learner,e65854c8136d1528b23276f386dae4cafd1cf31ba5071c490eada058c8a5f851,9417ae06a23d946128d3f2d3a61361f8b25efb1e9ea2111a7d1667968e816390,1107223e5dca1f676e9621b29363de8ae1ee6b59e8e3409020e74c2ced9e9c67,0.047677225112239124,0.053883695225599604,0.099388958721312259,0.048846239315873702,0.010613971075142097,0.0095507812499999994,0.38068496972968924,0.40001895184958114,-0.0040601362451772992,-0.01039160156250004,0.090268601467029752,0.052549177633466254,0.0079210790050483343,0.0070898437499999981,0.15313088727234092,0.49857174324245579,-0.072542579753724121,-0.077843554687500038,0.10153519862759366,0.047499215568867659,0.011347556442332461,0.010839843749999998,0.67929350938298583,0.27304320619705091,0.085312563669046326,0.081921679687499957,0.069788079875789472,0.043544774338988027,0.0055110941627283033,0.0045234374999999971,-0.14985529691162436,0.47627460592261694,-0.13148727959519066,-0.13730800781250002,0.073367059995542633,0.041641358297705044,0.0066623973565458931,0.0062812499999999969,0.21606115981883078,0.31893535800285044,-0.021603581618644129,-0.023980664062500025,0.70363797692990238,cb26d148fd132da5b866a1147bcd85766006875fad9c8eb75cb207e0a7f7cc12,0.44009000562535161,c4022a66c2160dbabf9102706512ddacb7f476af92c3fe18c72172773339910b
219,Logistic T-learner,23fe578742b7a826b8783a4e0959ad40ba456c7541873d81a152900f1a4a68fa,d20c0260e8b8a582409bde30cce8b89f0a88bda1b86b18da8d3e645277e26fdb,2ed59961666bdbea51061a0fe904cbbc5431a737eab8b037bb49973760f60cde,0.009214143452437748,-0.0030392883192605774,0.076206514220113736,0.055104612287057597,0.0044313994059417888,0.0049921874999999975,-0.33884687559792193,0.85751473957641267,-0.25123593918661025,-0.24809109374999999,0.091476701307408648,0.048699131450381461,0.0089832896699757088,0.010031249999999999,-0.12624622862889712,0.76886062272367228,-0.18797243878403957,-0.18204656250000004,0.091476701307408648,0.048699131450381461,0.0089832896699757088,0.010031249999999999,-0.12624622862889712,0.76886062272367228,-0.18797243878403957,-0.18204656250000004,0.082946133919154702,0.037559651479014869,0.0095311613124293652,0.0088593749999999957,0.060435781600089444,0.38424312397641047,-0.067999541899027419,-0.071892773437500002,0.082946133919154702,0.037559651479014869,0.0095311613124293652,0.0088593749999999957,0.060435781600089444,0.38424312397641047,-0.067999541899027419,-0.071892773437500002,0.64453961456102782,90d0fe314cac490533f45f69284b9ad27380f995a203c490c78ea8b996939a5e,0.64453961456102782,90d0fe314cac490533f45f69284b9ad27380f995a203c490c78ea8b996939a5e
220,Logistic T-learner,9fef56eac599bf47515de7659b6873b77ebefd63d995702a11e7959601c9701c,a809e8928075475357e2d44d40d74bef9a37ffe9518610bfc141b1e9070fa1af,877d7fc56dac8c416831fa612e7e8958dfa20174c09cc89de2ea7b91f925f10d,0.03130516713173781,0.0077379494348027711,0.069580169442901074,0.050802448775153441,0.0039433213402270025,0.002613281249999998,-0.15568142119960937,0.37154493063817962,-0.11071753388593568,-0.11700140625000004,0.046311065909875382,0.060779942858803657,-0.0030384641592749377,-0.0044179687500000009,-0.00042557259240139089,0.30377689294012655,-0.063882517761830862,-0.07012757812500002,0.046311065909875382,0.060779942858803657,-0.0030384641592749377,-0.0044179687500000009,-0.00042557259240139089,0.30377689294012655,-0.063882517761830862,-0.07012757812500002,0.062409032170305356,0.046933302922093439,0.0032499031421245024,0.0018281249999999979,-0.009993788115804092,0.41523330860166296,-0.089297690310668074,-0.097260351562500028,0.062409032170305356,0.046933302922093439,0.0032499031421245024,0.0018281249999999979,-0.009993788115804092,0.41523330860166296,-0.089297690310668074,-0.097260351562500028,0.69162995594713661,69b012ae95faf8de18163bedf25c4c10b5b80eb72de2dda74a97d3f299854528,0.69162995594713661,69b012ae95faf8de18163bedf25c4c10b5b80eb72de2dda74a97d3f299854528
221,Gradient-boosted T-learner,769742cfcb018231ceef4f3528c14b9c39610f1ec1f178e811271df0b2ace8a9,56bdd6dd6909bb133579e02e6cf275bb9e3b3434298bb024a1d70fae63492a1f,fd7d77e88031f3fe06534e53a403e5a0fda3a468e3a1e6464c15d04f10638f66,-0.008566933076528338,0.0071786758300787235,0.089883097413139018,0.039811292938227924,0.01051507893973133,0.010113281249999996,-0.4993931758312824,0.042987055874981639,-0.11389984865831544,-0.11707371093750002,0.078940259339302266,0.044567496043621632,0.0072182802920929328,0.0055429687499999993,0.14184431923433138,-0.2378462967096775,0.079735029348241865,0.067805976562499981,0.059830804023544293,0.052530763038353176,0.0015330086068901345,0.0012070312499999985,-0.31561764145986737,-0.037029282387441409,-0.058503555405209448,-0.061076835937500011,0.076847548760533624,0.04032428306972817,0.0076698857950691446,0.0061640624999999959,0.21519894032107278,0.31556164950797339,-0.021076168929249125,-0.029455664062499998,0.057148761930250619,0.048498641211298987,0.0018165253509798427,0.0015937499999999986,-0.12372630753047209,0.46396056313107681,-0.12341424283892527,-0.12480292968750001,0.56638792575973895,35c7620bd68a12bbee3f82db90cc4a9b317694bf1b75afaa8d87b94db3d91c08,0.39509536784741145,590c622656dbef6a9c54e5f1fe48494267b374a5c1cfe2390379d56a5f2cbe44
222,Logistic T-learner,b82b3d5d94ab1ba9f4a49f0d91b27c589e831a5d711a560df1d7522261992123,3ee098e83fab53d2308ca002ed0511f671ae78501fd1c530702faa627e39cec0,fe83dbb1cd1263bbc026ad7a576d4231767452b99546ac537ce28ac07ed51643,0.060244502959106896,0.057553633691325684,0.069784635155853703,0.028745539224581132,0.00861821014556724,0.0068320312499999987,-0.83054274761743019,1.0370953615157741,-0.39220400291797286,-0.40526003906250002,0.070039801728649639,0.027994156026210526,0.0088295855975122142,0.0075351562499999976,-0.55149402127996472,0.91412687960258721,-0.3077803891853359,-0.31764597656250004,0.070039801728649639,0.027994156026210526,0.0088295855975122142,0.0075351562499999976,-0.55149402127996472,0.91412687960258721,-0.3077803891853359,-0.31764597656250004,0.079828912077494901,0.038951426302578016,0.0085842720127325464,0.0075703124999999981,-0.14901870751545332,0.47584892015546931,-0.13122220181089375,-0.13763027343750001,0.079828912077494901,0.038951426302578016,0.0085842720127325464,0.0075703124999999981,-0.14901870751545332,0.47584892015546931,-0.13122220181089375,-0.13763027343750001,0.52260111022997624,d195572143dbfe47bdabd981285256aefc484295c5e147573b83dde2d0028dab,0.52260111022997624,d195572143dbfe47bdabd981285256aefc484295c5e147573b83dde2d0028dab
223,Logistic T-learner,c7cd5cd5a9d9913d179974fff96e762ffc36d66d04548e8f35518a07249f044d,5e5182b7b3c68cabc7cf0fcc0fcc9cc4dfc3e1dd24a6666712449e5bf6bd7418,4732061bc384715d92d27be90728a309edfc56a8815b417fe7fd7661541f1f1e,0.042507195779712889,0.025649417441912917,0.063998014466033176,0.043936278323276082,0.0042129645899789897,0.0043710937499999991,-1.1995459313670354,-0.25795366792119589,-0.19773437532362628,-0.19619871093749999,0.052737793639970776,0.048939466417067951,0.00079764871680959332,0.00062109374999999968,-0.98049964078312957,-0.34998338309648902,-0.13240841411419452,-0.13397097656250001,0.052737793639970776,0.048939466417067951,0.00079764871680959332,0.00062109374999999968,-0.98049964078312957,-0.34998338309648902,-0.13240841411419452,-0.13397097656250001,0.069056543111690183,0.043985060391016517,0.0052650113713414697,0.0038203124999999973,0.00066790274019123963,0.4118562168300246,-0.086349545958865001,-0.094907226562500002,0.069056543111690183,0.043985060391016517,0.0052650113713414697,0.0038203124999999973,0.00066790274019123963,0.4118562168300246,-0.086349545958865001,-0.094907226562500002,0.50470219435736674,225012c5a8908e7620587c349ef3554964bc3f58a679c92267076754c3dad8d9,0.50470219435736674,225012c5a8908e7620587c349ef3554964bc3f58a679c92267076754c3dad8d9
224,Logistic T-learner,e09d3f83f0d7f80313f42fd8f4c3f34eef7b557cc90016c66fc4e439132fdbff,6ceca2ecfafb80daf634de6c8acd66fe5ba363ed5314bb54ec0ec2652f25490a,d69406ddb20f8dce78f2dc0fb1f31f5b97b0a71fb2909bca8e03f42e5e7406a0,0.027854606636696699,0.026913726406057659,0.081806213499780983,0.044338410350819646,0.0078682386612818813,0.0076406249999999964,0.26602938885842398,0.83275885749929446,-0.11901318841458279,-0.12031007812499998,0.08205382019617391,0.045389072487715773,0.0076995970187762088,0.004828125,0.31457111385943815,0.81195443065037487,-0.10445049652609671,-0.11963742187499998,0.08205382019617391,0.045389072487715773,0.0076995970187762088,0.004828125,0.31457111385943815,0.81195443065037487,-0.10445049652609671,-0.11963742187499998,0.074085768544147113,0.041801801801801805,0.0067796330158925141,0.0055781249999999971,0.21754711360576673,0.31566689189189212,-0.020605153440086333,-0.026879882812500009,0.074085768544147113,0.041801801801801805,0.0067796330158925141,0.0055781249999999971,0.21754711360576673,0.31566689189189212,-0.020605153440086333,-0.026879882812500009,0.70704601022449431,14b0794111c0fa12f7f12b569afc9301a577b19e7c04c15047c40bc4a4600561,0.70704601022449431,14b0794111c0fa12f7f12b569afc9301a577b19e7c04c15047c40bc4a4600561
225,Gradient-boosted T-learner,43a6ab9a35fddfd0989b3283fc4ba4d073c006821b807fa2815de4952ffee9e8,e9f41d823337789aafd96b1e0a2ee79541331eaf527b08438b879ea099fe6aca,69fa561cbd73403edcf15a258e9105f2234a268c7d322d098671c2c1892a2df9,0.025076111190514547,0.07069845735286158,0.046900823424451177,0.054854502941404176,-0.0016702726985601299,-0.0019570312499999996,-0.21431599461775841,0.66212638417740655,-0.18405289954698464,-0.18607464843750005,0.062007145777760453,0.048380808940730477,0.0028615307357762946,0.0023789062499999995,-0.041520205806187871,0.58757861227636887,-0.13211075179733692,-0.13541214843750005,0.071594153685678147,0.044142052304215085,0.0057649412901072429,0.0055429687499999984,0.21766849731042581,0.47471490024135532,-0.053979744615495193,-0.05540472656250002,0.087672858685940602,0.035715911730192909,0.010910958860707014,0.0099140624999999958,0.13099265468026233,0.35451723949498659,-0.04694016281109209,-0.052738476562500011,0.076137351403254908,0.040114193407532417,0.0075648631791017228,0.008390624999999997,0.10371462662858577,0.36986887313945005,-0.055892391767281495,-0.052040039062500008,0.69499006841756783,53cd8dd4551ba4ba1737893a67f11afa10b1236ce90d313b4d430dd1bb1fad82,0.42883720930232561,c1e8ffa5d2f4046614836e8068ea36ec986e4b6e502657280be528dc5332c872
226,Gradient-boosted T-learner,c8c1021852331d29f3304bfb4342d4b5351c3825c8dc923e906ec4f31c82fc86,b93cea0918a249ec88c51547ccbc7721cebef6257efceb93593c964bfa48ad64,b1b2915dc6502250ffd47a9b77c7e095b8b94e98edc9b1ee71add68bf86deef7,0.03274483950857382,0.042067571758816855,0.11990315048077413,0.02786398280242329,0.019328225212453677,0.020777343749999996,0.43032696901574907,0.22144979480164162,0.04386420658496256,0.052718085937499964,0.10124125324317951,0.036327400126382747,0.013631909154527319,0.014332031249999995,0.65603098710590468,0.1229747199264779,0.11194181610767961,0.11658527343749996,0.093710870380119229,0.039908910879685761,0.011298411495091028,0.014917968749999996,0.42322094424894668,0.24656211661826033,0.037098353802444133,0.058288007812499973,0.08170560344473389,0.038048429972558709,0.0091680064291567876,0.0087421874999999965,0.43328454024106178,0.22492289001617993,0.043755946547225186,0.041241210937499988,0.070157547195152339,0.0426812585499316,0.0057700206154963551,0.0071015624999999968,0.26910678178199032,0.30160695720148534,-0.0068250368380939523,-0.00042480468749999333,0.61684210526315786,62831844c02371b17f9fdf77a02733fda865b99a18d24b21abba891cee486fc7,0.38303619665045924,4ff1ed567b9a9a489045feab1822eb634ac40ae8da5ad35e4f955964cfb033da
227,Gradient-boosted T-learner,c1eca2621b93ed02c6f3b5fbe4ef75cbe2bb8ee992863a768435ed34df79fe6f,ff8d6435096512b82b43b791e1562dcd6bbcaeef3e90aef7833ab85665dedcd9,9d3b22ca3da55e0d0627ac39efad89de1fe2415f31269fb2c59c986bbcc90f99,0.029299188865357775,0.040329579125664761,0.10157673543760654,0.039471026432597534,0.01304219889105189,0.013394531249999998,-0.20161751307823417,0.31364190386242319,-0.10820447755753804,-0.10603195312500002,0.093200992555831252,0.042278501853696401,0.010693723047448318,0.012691406249999997,-0.31117555831265487,0.35677869272169538,-0.14027039271721353,-0.12744562500000003,0.093707688752026952,0.042336031445618802,0.010788048034345712,0.013277343749999998,-0.29531058268933674,0.35110796283141388,-0.13574789455935762,-0.11938664062500001,0.070435388723364467,0.043176782722444754,0.0057243072601931393,0.0047578124999999973,-0.066504732327937965,0.43895171454834037,-0.10614585384401845,-0.1115935546875,0.068855518959463929,0.043076450366594729,0.005413604404502532,0.0067499999999999982,-0.021594950397755941,0.42099804323097456,-0.092944528662033399,-0.085214648437500026,0.62642947903430746,81048da790833a06101577c000f824f7f3c25fe73b0bbbed03929e70922c024a,0.39484199055575736,ef5c8b14bf7327485cda5911a5d5158e7095f4c3025259f91a58485ae18c30ce
228,Gradient-boosted T-learner,14527476782438cd48e2f1113278f4657d6350620581cf929b4315af75de4376,8b9bc432a39a54e3a69b1ecd181abfc61af2292dcc4ba4a63b0a87a7aa2c6210,726ea492710cb114e8ec8f4c0a58a24efc2dd35a8123c11cec365608e9dd074a,-0.0018002301225037293,0.043140112133395581,0.062982151390795799,0.034760204124106117,0.0059266089260048326,0.0050742187499999971,0.36234425893757893,0.35451177520518939,0.0016448215838018032,-0.0032984765625000277,0.061412309992646269,0.035009176154877517,0.0055446581059314382,0.0057773437499999995,0.34819956905359423,0.36391041799469115,-0.0032992782776303537,-0.0023984765625000206,0.051665419364635201,0.039726672968662918,0.0025071367431541793,0.0007382812499999986,0.44974923806115025,0.309384670506065,0.029476559186567903,0.020314804687499962,0.078821705351061339,0.039498783858102973,0.008257813513521256,0.0074531249999999962,-0.11175591375263927,0.45856880381341425,-0.11976819068887123,-0.1243716796875,0.065353482413230857,0.04519449175605865,0.0042333880380061636,0.0033515624999999978,0.0057503494060098248,0.40701862569566816,-0.084266338020828252,-0.089193164062499997,0.71313852331028327,38f199fcc9a4e1b58e5ce5026277b7a8d11ea06991207602d04d6c2e69b6bef2,0.45785876993166286,1dd7a141ef080878f80b9172ff263ee2aed65e0cc310e867d1256368a94ad222
229,Gradient-boosted T-learner,5899d8ee5b37567cec7a98cc1565fa702e186626d155db9ed8806d9964a5ce20,7603417193d463e1e5d2bec5fb895eb075842401d602e05fe00edb058de67161,6db876dff3e0839fa0e38215b7efba88d858c65b9a8b67022b7b5216a22f42a9,0.022382402319714209,0.023718205199430104,0.086938958391203719,0.030165879565049319,0.011922346553492424,0.012328124999999999,0.22011045574863886,-0.016668358514982717,0.049723550995360528,0.051681210937499972,0.074845679012345678,0.034687309534922134,0.0084332575902589437,0.010101562499999996,0.89666696343779684,-0.30441475259582207,0.25222716036705994,0.26110230468749995,0.081866533635212402,0.032409409729404481,0.010385996020219663,0.011039062499999997,0.085214766491423011,0.04090695261914179,0.0093046409131790561,0.013365585937499959,0.068596708978351767,0.043751078143867528,0.0052175824752416899,0.0048749999999999974,0.28310348976219668,0.29038011758955795,-0.0015280918437458667,-0.0036263671875000369,0.068603270910763653,0.04388288288288289,0.0051912814858549603,0.0040546874999999975,0.16644718108498957,0.33969468468468467,-0.03638197575593597,-0.043168945312500033,0.63300021263023598,1ebb6b6fa25b5979713e7bc6c094293ab84760c771a9b229c3f6a361f00611d4,0.39307092327226556,daa10dc1b5c21ca2e94c5dafc5f403e6110eff9cd035b8ceb93030d50983c640
230,Logistic T-learner,382c28199431529c9cc2a3bbd189828886613880ee6424782cfc36c2ac31d3f3,98eabac7c50d6bf94cf90a61d18b21de542b421e29ebef5e3bbb8f36d061732a,645ce2b659eb11f1aa6b167d3d3f58a4628f0139ae35a26ebaba5ccfc3e37d8f,0.024206926191563269,0.01852901087620612,0.084600020093703016,0.035025474883289082,0.010410654494186926,0.011249999999999998,-0.15236188574794185,0.68804633257685588,-0.17648572584820751,-0.16975546875000003,0.075683899145960548,0.038454452238660494,0.0078181838505330115,0.0097265624999999974,-0.04822326398644905,0.64236146901826974,-0.14502279393099093,-0.12966093750000002,0.075683899145960548,0.038454452238660494,0.0078181838505330115,0.0097265624999999974,-0.04822326398644905,0.64236146901826974,-0.14502279393099093,-0.12966093750000002,0.07477650955911827,0.041096002755589084,0.0070729064287411289,0.0066328124999999972,0.0032399654138783873,0.40983794848818944,-0.085385576445605321,-0.088010742187500032,0.07477650955911827,0.041096002755589084,0.0070729064287411289,0.0066328124999999972,0.0032399654138783873,0.40983794848818944,-0.085385576445605321,-0.088010742187500032,0.64524421593830339,68c7c9f7ca71c952a429426e50512ede0252a28cb59780b1bead84490d6e257d,0.64524421593830339,68c7c9f7ca71c952a429426e50512ede0252a28cb59780b1bead84490d6e257d
231,Logistic T-learner,36339d277669a80b1f54d40dbe0fb1ccebd6a1af922cd11a4aadfcfa5e0e0598,87b3c2d91ba94763222715ce67a762973cb3b59bd4331c3cf3682592669bcff1,6cb3301b79f2eabdccacfe22ef06251292ca258fea6545f6b2a9f501a08ae4ed,0.063247905824510023,0.060194512342071252,0.072856377204203293,0.03510971913617765,0.0079267981942853852,0.0074882812499999984,-0.47572432268084452,0.42899020377293728,-0.18999005055529417,-0.19316906250000002,0.074753858688616975,0.034196926571214994,0.0085169557446544159,0.0081914062499999964,-0.35707851393848933,0.37866815091139083,-0.15450679961847483,-0.15704015625000001,0.074753858688616975,0.034196926571214994,0.0085169557446544159,0.0081914062499999964,-0.35707851393848933,0.37866815091139083,-0.15450679961847483,-0.15704015625000001,0.080097938043965033,0.038876305096742017,0.008656542918916833,0.0081562499999999968,0.15497390914932141,0.34630755469679775,-0.04018006556497003,-0.043396289062500024,0.080097938043965033,0.038876305096742017,0.008656542918916833,0.0081562499999999968,0.15497390914932141,0.34630755469679775,-0.04018006556497003,-0.043396289062500024,0.65517241379310343,51a762c4e5efebb53ab1838f797522e36c3746ac0bd9fc62d734090fd3b0db2a,0.65517241379310343,51a762c4e5efebb53ab1838f797522e36c3746ac0bd9fc62d734090fd3b0db2a
232,Logistic T-learner,b4a73aa42f73cdb06f708dec887c95a12bcedfb9892bab52d75d406181509dde,7913621ad58686a5d40b3fcfa53948a2d4ba53af2b5b46083591991a8c49420f,0b9abfcb5eafe2d033ae7152622cee92eb4db41e57d532c4ce3c548e3296b845,0.030902455214295618,0.01904624714568437,0.081194246011263488,0.052049549549549559,0.0061203862569599249,0.004910156249999997,0.058244995290985702,0.56884166666666647,-0.10722530098889296,-0.11379867187500001,0.08177216362485426,0.051666666666666666,0.0063221543612193946,0.0051445312499999998,0.09909350791753202,0.54932635135135144,-0.09454889712110208,-0.10063851562499999,0.08177216362485426,0.051666666666666666,0.0063221543612193946,0.0051445312499999998,0.09909350791753202,0.54932635135135144,-0.09454889712110208,-0.10063851562499999,0.084726101705343865,0.037294903973603327,0.0099605515236655118,0.0082734374999999961,0.25570349619471333,0.29957417862883917,-0.009212843311166426,-0.018534960937500015,0.084726101705343865,0.037294903973603327,0.0099605515236655118,0.0082734374999999961,0.25570349619471333,0.29957417862883917,-0.009212843311166426,-0.018534960937500015,0.65410295067844071,be6562bd98d5e1d4d46418f09c03e776842a697582535c4e7abdfced42ddc4cc,0.65410295067844071,be6562bd98d5e1d4d46418f09c03e776842a697582535c4e7abdfced42ddc4cc
233,Logistic T-learner,81aaadeb52955ed7b8bb2f4cd3f4a4d4c7a795adfec08c6b8842ef9b5263ce43,386cd5ab066b27d78013b5cb088e51c9e7f2e8ab6014417aa54a9ffea07e1291,3e2f1d0f361b246fac6f33b4bfbfb39cca74dd291604e623b879e6ba86fb62fd,0.050966373823087802,0.035912098608108817,0.077334682044910619,0.040968982058893641,0.0076367969970635649,0.0076757812499999977,-0.2775097213517902,0.40420929632425495,-0.14316099371196947,-0.14301984375000004,0.073556998556998571,0.043447873528002307,0.0063229162560892154,0.0041601562499999981,-0.20718181818181802,0.37356214275332034,-0.12195623179637904,-0.13662726562500002,0.073556998556998571,0.043447873528002307,0.0063229162560892154,0.0041601562499999981,-0.20718181818181802,0.37356214275332034,-0.12195623179637904,-0.13662726562500002,0.066288507377123357,0.045249588623954382,0.0044181729381654843,0.0027656249999999973,0.12077129408924947,0.36098547592595076,-0.05044497818570727,-0.060361523437500023,0.066288507377123357,0.045249588623954382,0.0044181729381654843,0.0027656249999999973,0.12077129408924947,0.36098547592595076,-0.05044497818570727,-0.060361523437500023,0.53753753753753752,95bdd1bfd3a9ffad5dd10c96e05368a1ac8794272776d17c37d048b39347f616,0.53753753753753752,95bdd1bfd3a9ffad5dd10c96e05368a1ac8794272776d17c37d048b39347f616
234,Logistic T-learner,020e8a975251ed6b8b7c457f90ebf9e31e99ca166f9154e5c42de6cf5d2c5856,7a0a5223002eff46b11a478947d7e9d5090f2df567d363ccd54f2d87cc20efdc,107355334d910f433e2a493f995ba77e9b7f7f0437428bad0490402c1130001e,0.035231937813884895,0.02263908591301203,0.060033802512866052,0.030356850191366025,0.0062321599875150057,0.0068320312499999987,-0.11173800844817516,0.75370983498673616,-0.18174404712133138,-0.17928175781249997,0.079683659502234716,0.021997643683538223,0.012114063321926263,0.012691406249999999,0.11632952053416812,0.65565431568694077,-0.11325820698208225,-0.11068371093750001,0.079683659502234716,0.021997643683538223,0.012114063321926263,0.012691406249999999,0.11632952053416812,0.65565431568694077,-0.11325820698208225,-0.11068371093750001,0.087311964913041246,0.035544256954686743,0.010871218671254445,0.010851562499999998,0.30074035900875551,0.2822833330977278,0.0038759754413158196,0.0036732421874999723,0.087311964913041246,0.035544256954686743,0.010871218671254445,0.010851562499999998,0.30074035900875551,0.2822833330977278,0.0038759754413158196,0.0036732421874999723,0.6901408450704225,b3ba9f3178de36b8654f44962178a6c4de4ccc5dbf0794565ed8c4bd12eeb688,0.6901408450704225,b3ba9f3178de36b8654f44962178a6c4de4ccc5dbf0794565ed8c4bd12eeb688
235,Gradient-boosted T-learner,54b1862b74df65d680e167d2e01dcc62451d81861ac9155ced10646e2a93c750,12a85ebf43526f8db0cdf31bde6743a89f693585ca68e8e7cb11092312bcd740,3baebfa83eebd045e74fcf92feb69e04775e2c1acce5df679f911bffe4b3edd2,0.020865794810143778,0.045556186242795144,0.097378415172213406,0.040273312785161122,0.011992071501280979,0.010499999999999995,0.63431932160364601,0.61680903614552895,0.0036771599462045823,-0.0028655859375000146,0.079723116307347186,0.047380426069082313,0.0067919649500356232,0.0054609374999999979,0.56363024883030299,0.64693880593019659,-0.017494796990977654,-0.023763632812500025,0.073805976391688954,0.04992163085705302,0.0050157125622735457,0.0040546874999999975,0.26621003807831212,0.77692893414870334,-0.10725096817478215,-0.1122694921875,0.074712816052307979,0.041118815432287917,0.0070547401302042123,0.0060468749999999984,-0.058499817769185891,0.4369489222043178,-0.10404423539443577,-0.11042871093750004,0.075368760066384932,0.040554500484585698,0.0073109945121778387,0.0076874999999999973,0.2029064200987446,0.32369235250948147,-0.025365045806254743,-0.022969335937500012,0.51449418260698088,ee1579a7a08b9b29388422dc1de9ab5a34c2cfb7dc3a02be80eed96d1289e32c,0.37955811029279685,3be7c25476ca7c8d314eb27c3c012f5bb1f364c300231879134b672ac4ed1c66
236,Logistic T-learner,5bc0f3386336c2bf3e005dadb673685741f971309d7dc5499e5e7019ccc44773,4ec425540e09ee4795f4a6f3f7dd371b2f9c17ac5b08990bb5bd94d080f88b1b,91b76487e1300f5f4e46aab3072becf484c261b1655adf107be6bffbe57767ac,0.044770390211872721,0.039988073430360857,0.08743659651539748,0.031922175320047375,0.011658028451023521,0.009691406249999996,0.35100494222033807,0.58536120649141155,-0.049214815496925426,-0.060258515625000043,0.072357791414765893,0.037798081291001054,0.0072575391259906159,0.0064101562499999966,0.088471558282953056,0.69936590895233297,-0.12828781364056976,-0.13339992187500002,0.072357791414765893,0.037798081291001054,0.0072575391259906159,0.0064101562499999966,0.088471558282953056,0.69936590895233297,-0.12828781364056976,-0.13339992187500002,0.074385221078134445,0.041457658230666508,0.0069147881979682666,0.0058124999999999956,-0.16721738340399772,0.48410811179325774,-0.13677835399142363,-0.1435974609375,0.074385221078134445,0.041457658230666508,0.0069147881979682666,0.0058124999999999956,-0.16721738340399772,0.48410811179325774,-0.13677835399142363,-0.1435974609375,0.57441574415744157,4aa6cee1eaa8f9c185af81463029f77228d40418ef574fa3c2fd61ce96d138ca,0.57441574415744157,4aa6cee1eaa8f9c185af81463029f77228d40418ef574fa3c2fd61ce96d138ca
237,Logistic T-learner,b08613230eee6233eb2c8efc6801c025fda7cbfc40eb749c63b6a654e3ecbc82,cf003748bcabd35d34c3ca0711535ba8a92d9bcc9d58668f3faf71f0d3c2db0b,bdb4ddf8924bd37989f86bafd1b77b384c878bf3e647a4c797838f70c3030dcf,0.054336504716263265,0.049939501514555576,0.094050107471751687,0.041202809199892151,0.011097932637090501,0.012316406249999998,0.31101982311530052,0.43195910258720782,-0.025397248689100531,-0.019373789062500039,0.085126080056427439,0.045498598416938707,0.0083217711442926338,0.0086835937499999977,0.35432103391524128,0.41262658273772113,-0.012244165252720767,-0.010479257812500014,0.085126080056427439,0.045498598416938707,0.0083217711442926338,0.0086835937499999977,0.35432103391524128,0.41262658273772113,-0.012244165252720767,-0.010479257812500014,0.076580027359781117,0.040431355162013322,0.0075912211615312367,0.0069843749999999958,0.25911108071135425,0.30103079419865408,-0.0088031398323329662,-0.012509179687500014,0.076580027359781117,0.040431355162013322,0.0075912211615312367,0.0069843749999999958,0.25911108071135425,0.30103079419865408,-0.0088031398323329662,-0.012509179687500014,0.57280360434159328,d06a5ba2dbaf14ba32db93c3d3f9742c8867530ce100c983762e3a0eddccf37c,0.57280360434159328,d06a5ba2dbaf14ba32db93c3d3f9742c8867530ce100c983762e3a0eddccf37c
238,Gradient-boosted T-learner,9e595d189b3dfb8f84ee5ca3ded4733eb40cae17be8a29f86b57cf8de786d9b8,af58a86ee421431c647f7b0895bbc44c8d338fb019b08e5fda7bc5057dc5dcae,0f58908e33939343661186e76baeb1eb3e4ce51787a580710845e90979813fc1,0.027506150589705153,0.060575208538859421,0.082862967118617931,0.02864698979354198,0.011385355238265948,0.011624999999999996,-0.05095492804712265,0.056860614423201561,-0.022641263918768084,-0.021220898437500014,0.081468330712514414,0.02903187714699286,0.011011655248759526,0.011859374999999998,-0.17008134784271156,0.10775564006992444,-0.058345767461653555,-0.053529492187499986,0.075991865551377477,0.032362720977558018,0.0091621203605020858,0.006703124999999999,0.85930089785895181,-0.34034748563841388,0.25192616053444677,0.2397017578125,0.079884744982398198,0.038729645633363008,0.0086425708632973889,0.0086249999999999973,-0.22200319705060512,0.50634884246933598,-0.15295392829918764,-0.1531271484375,0.079340435944735138,0.03950490268125223,0.0083654619853314113,0.0065156249999999971,0.82584111734367349,0.050069850593015719,0.16291196601763813,0.15367207031249996,0.72778402699662548,9c5db833f18123aec97dd43e9bef414945c354abc1e9d73dfbe1fbb56eb41eab,0.40325232961812535,f97e218678a58d8a6d89c2e73793e042d5211228c234ed8a385c1d18ecb188c3
239,Gradient-boosted T-learner,4727509f0caaf95ca0dffb8c33c6d46487ff8eefe278e5ffe25993e4a289d2d6,ce82bf0979e00863aef07a132dc917d3f2741e19e16fba66ada67c2eb19fd915,5e78f555130f51e44db7b32a2c6c6933285e96aa2ab4884e03c048f64870437f,0.047772505831630632,0.048096092748735733,0.081376266608795017,0.028089466979889496,0.011190227922070159,0.0095859374999999972,-0.10565737490714844,0.57074236158473435,-0.14204394466329537,-0.14998968749999997,0.065585484445995268,0.034656144118944743,0.0064951614686806101,0.0056015624999999972,-0.12745249599866493,0.58027036701795076,-0.14862180123348928,-0.15335648437500002,0.067974964373168939,0.032168776367553137,0.0075192994811793179,0.010171874999999997,0.31531072304454766,0.3865091322976788,-0.014951665943157539,-0.0033295312500000087,0.070010740539856842,0.042711887195173187,0.005732759202383567,0.0061640624999999968,0.34472325270220883,0.26290201285132464,0.017182460368685679,0.019582617187499967,0.063435460936687171,0.044781963846019013,0.0039172343890403133,0.0058124999999999974,0.24228398624646363,0.31084578437148258,-0.014397977606253979,-0.0051673828124999986,0.6849495392716104,ade3e070d472818868161a11f3fa5d605b5ba5f8f276165bea2ce81458774060,0.4681705218887402,a9ecd86d45de312d810e1e8a88f9446927e385f9d4c4cb23999bd4e9fe475b53
240,Logistic T-learner,29cdb747b5275e5603334330c28c212c94949c5e6dfef6b930c5a71c59cda837,56801e87936c573ab66fc44080fdc1b44f540ccb54082181a7c080981a508e33,3640fe5d9ceb31814e229a4e96f379b7a4504898caec5f82c035273dec70ac10,0.010284322745260269,0.008565681055594368,0.085342417889587713,0.039277250434946495,0.0096736851654746561,0.0087187499999999956,-0.20929783950617298,0.50612649383198749,-0.1502391100010137,-0.15550230468749998,0.072432495692440063,0.044689262027136384,0.0058260790697137726,0.0048515624999999991,-0.27993348333111501,0.53554794964524266,-0.17125110092503509,-0.17659253906249997,0.072432495692440063,0.044689262027136384,0.0058260790697137726,0.0048515624999999991,-0.27993348333111501,0.53554794964524266,-0.17125110092503509,-0.17659253906249997,0.062529117167481968,0.046609386405478431,0.0033431434600207427,0.0024140624999999987,-0.039508211041229924,0.42858549071950069,-0.098299677369753424,-0.10372792968750004,0.062529117167481968,0.046609386405478431,0.0033431434600207427,0.0024140624999999987,-0.039508211041229924,0.42858549071950069,-0.098299677369753424,-0.10372792968750004,0.66702843499023223,5680b35ec9ef9576ff4c7be87e2d73d54f4b0e37a1b5e1431172cbdea6470933,0.66702843499023223,5680b35ec9ef9576ff4c7be87e2d73d54f4b0e37a1b5e1431172cbdea6470933
241,Gradient-boosted T-learner,34081ef5dadf6eb6950ba517e6f3544ea265624597706c1fabe3346a267aa65b,6f7cab63fcff54a22a33e2bb8fad875c471611777f352a0561a7427a01bf2c61,c81b7a5bd90bea7f4188bd8ff4040fbe71029de6b3bfc80eaa90608f1ba65417,0.010152521138632659,0.028937857386665058,0.0732743182323152,0.027131136196363453,0.0096900682275498657,0.0088242187499999961,0.21408432902598362,0.23698012302972715,-0.0048081167407861411,-0.0093151171875000046,0.074011981231659391,0.02640909071517214,0.0099966070084623222,0.0097617187499999987,0.46951203899493721,0.12875647089017217,0.071558669302000652,0.070140351562499995,0.059626842422944359,0.032590289387517554,0.0056776761374396287,0.0051914062499999981,-0.26381201444732172,0.44593888395144299,-0.14904768866374057,-0.15254050781249998,0.085174451213295782,0.037088259355177164,0.010098100290204909,0.0080390624999999976,0.2425590348126534,0.3010810464595336,-0.012289622445844842,-0.022949414062500013,0.07688567824790736,0.039968687711496406,0.0077525680126463003,0.0079218749999999966,-0.074463662424033905,0.44291332321730847,-0.1086491669846819,-0.10757050781250001,0.5430982519590114,7b12974b3bd1d81eeb65b66d90313b7b745096c710133967594ca5d341cdb4ca,0.36922802638616509,644f25a3f71a56bdb5c82bf8dd99efb4eefa57efcdfd757f73c43eca04f440ba
242,Logistic T-learner,f6916d20507ed3ec33fe381e2f7361d2ec06b2b3ca9f21c2bda55eaa8c974526,b0594bfa02a2efe6862293961cccdad815811969b2cc21f2763ab5c9db88e307,d4b1ab87d93cb47e9fb760417954891a31d1ef4932d111c6bd364b0f087332e4,0.021705988443613849,-0.010140712633814428,0.10093565507033414,0.03183924079707344,0.014510246997384747,0.014929687499999997,0.11957139212648293,0.086813364481269195,0.0068791858054948847,0.0087485156249999911,0.075790178942580888,0.042755759270550794,0.0069372281311263191,0.0070781249999999976,0.016460027680104017,0.13037176678370932,-0.023921465211757111,-0.023193281250000024,0.075790178942580888,0.042755759270550794,0.0069372281311263191,0.0070781249999999976,0.016460027680104017,0.13037176678370932,-0.023921465211757111,-0.023193281250000024,0.064815806382523017,0.045390419010221214,0.0040793313481833782,0.0035859374999999975,0.046822903483323186,0.3923433264504983,-0.072559288823106777,-0.075714257812500019,0.064815806382523017,0.045390419010221214,0.0040793313481833782,0.0035859374999999975,0.046822903483323186,0.3923433264504983,-0.072559288823106777,-0.075714257812500019,0.5851393188854489,2b0d21f27d39251c54943bc6f35d7c73ca7848dfe207302662e79832c80e1ba0,0.5851393188854489,2b0d21f27d39251c54943bc6f35d7c73ca7848dfe207302662e79832c80e1ba0
243,Gradient-boosted T-learner,131e6a558fa2799c696238e79aa1bf41c463695c8f9b5ae5d67e805f24233a3f,9b7968b0633d433c4d4f73671dd74461fde29aa9119d5dafc4024286b945f4df,93ac60d9d80703c4c5c8f0b178ddc1d7c510c5b70c8edf40f82eae3ab26f8334,0.0032088172171925028,0.039746330055304965,0.081636101804502453,0.034123948812704044,0.0099775521282776652,0.010335937499999998,-0.086213189913595611,0.47272238144003587,-0.1173764699842626,-0.11492308593750003,0.080490602039179016,0.033499337470156654,0.0098681655594946953,0.012328124999999997,0.35992943599796512,0.28080026099171174,0.016617126751313209,0.032470664062499981,0.07897477459098351,0.034684594287243284,0.0093009378637854464,0.011273437499999999,0.84337710933883658,0.068290554552143834,0.16276817650520548,0.17778316406249994,0.074832555078580915,0.041021317815097422,0.0071003598253315328,0.0068671874999999974,0.20448331128980968,0.32333448184266256,-0.024958745816099102,-0.02635136718750002,0.075200907092891234,0.040735435250063998,0.0072377490869937194,0.0072187499999999969,0.28107778339860023,0.29078491244107918,-0.0020384970989205786,-0.0021732421875000265,0.66702843499023223,01d1008dc75a6d92954a2d79e09b231722fabb4ec2743ea02c7d300807de5817,0.42116950407105846,f4ddeb41da36a1861a118db6e7a146b7e5d3e6a86792de1bffc2db86f0e2c9c4
244,Gradient-boosted T-learner,2f52173769053b554bdb93463f38f1aa8257e1caad500506feec93e97ffe4b8a,7f1b2168ddaedef19b0f40a4a412a642c8dce934403beffd49fef81e0a7becb9,97a6c791236466c6f751d06d2a83a1cdab080afe74f195a2e5507501d11b056f,0.031516027050536313,0.035598146176798171,0.087235033775914267,0.038058415739929422,0.010327089787556818,0.0093749999999999962,0.054631813417190811,0.34090468588916845,-0.060117303219115299,-0.064486289062500007,0.095350155297104916,0.034598495004232635,0.012757848661503179,0.011367187499999997,0.153021424199143,0.29846697375407816,-0.030543565406536383,-0.036957773437500015,0.068528546789416361,0.04576291103810709,0.0047807835077749465,0.0043359374999999978,0.16848268456964111,0.29067700559318976,-0.025660807414945218,-0.02762144531250002,0.087857050225985722,0.036155694398348509,0.010857284723803814,0.0085078124999999963,0.042511311293521925,0.39201978670911453,-0.07339677983727444,-0.086871679687499995,0.069399127289881291,0.042995536203652915,0.005544754128107959,0.0062812499999999969,0.16934045522446728,0.34157879608044517,-0.036170051579755357,-0.032885742187500011,0.53171120861587551,faefd7c257497e683e8e3400d4bb9fcdf47efb621948627e932bb766bf28a979,0.41306347746090155,0c48ce824259d17d6cd4b50e51fa1601b7db2754cb231fb53f1e4697c7b8d411
245,Logistic T-learner,45dce96e2c122f8f802a211e0dd926a9aeb03256d3db8b7d412b72c191d3cc35,3630226dd4a8cf1bec8410867f786a6fe84b851299f2daed226455221031f310,aa155f51f2cdb91a8da394d352b745ffe2080f8e628982531be8be85fe96b7c1,0.022902085183553467,0.019318341781488835,0.077749989030757777,0.034103063595650684,0.0091658543413724886,0.0088828124999999966,-0.96701636610942932,0.35330332089166983,-0.27726713427023081,-0.27937804687500006,0.08105524651207946,0.032542640699780273,0.010187647220582829,0.010171874999999999,0.2104691287090687,-0.15267299346429875,0.076259845656407158,0.075790312499999998,0.08105524651207946,0.032542640699780273,0.010187647220582829,0.010171874999999999,0.2104691287090687,-0.15267299346429875,0.076259845656407158,0.075790312499999998,0.078340326056332676,0.039557098499223717,0.0081444777869928812,0.0078046874999999957,0.37008656254997074,0.2526249389051809,0.024666940965405868,0.022642382812499983,0.078340326056332676,0.039557098499223717,0.0081444777869928812,0.0078046874999999957,0.37008656254997074,0.2526249389051809,0.024666940965405868,0.022642382812499983,0.68828313915146189,b0424550095ea5eca2845eba21c0130867e0131120ef863c10d6d6dac2fd68f5,0.68828313915146189,b0424550095ea5eca2845eba21c0130867e0131120ef863c10d6d6dac2fd68f5
246,Logistic T-learner,72ac12cced1206d4c317c148c037c408eb6ed15d0a898945acc3ce76477101b4,1d5fb62756f58b858a6e33f695a9ccfc01cd54f87099230381346126c4aca9f9,f61c3b8d98326d77ea4ac167f204248f8ba31373ffa9b0aa913d9cecc9692499,0.048303848498268492,0.025585002100210905,0.063382031999501098,0.045698198198198203,0.003713605098273608,0.0024726562500000005,-1.0109752548937574,0.56335563063063054,-0.33060948596012141,-0.33967558593750008,0.06341389091654373,0.046440436639772195,0.0035644253981220223,0.0011835937499999993,-0.34715215084509898,0.28645127353266886,-0.13305671911933123,-0.15062871093750002,0.06341389091654373,0.046440436639772195,0.0035644253981220223,0.0011835937499999993,-0.34715215084509898,0.28645127353266886,-0.13305671911933123,-0.15062871093750002,0.076154559414776446,0.040302834796769008,0.007528862169781562,0.0075703124999999972,0.17999430096059055,0.33398714347562397,-0.032338496928157018,-0.032138085937500012,0.076154559414776446,0.040302834796769008,0.007528862169781562,0.0075703124999999972,0.17999430096059055,0.33398714347562397,-0.032338496928157018,-0.032138085937500012,0.56638792575973895,d16eb4528ff06c0eec4fa421b8c67ed2089db4fe14d26570b22aebc89b56f1cc,0.56638792575973895,d16eb4528ff06c0eec4fa421b8c67ed2089db4fe14d26570b22aebc89b56f1cc
247,Gradient-boosted T-learner,250646c388874c4397ce58b63170db9baab0361a799fb622f64f72049232c9e4,7505e067c2dc8359fb5d53ea98a6e836f3664cbf803de56db3e8068cdc3abaa1,aa9f00d945a03935256767e50cf03c068c77e719c43022aa5a468f90488482f5,0.02180506977487176,0.024160552301162791,0.079761904761904756,0.046299604691682719,0.0070270830147466275,0.0049101562499999996,-0.066458874458874551,0.637509227692721,-0.14783330145183507,-0.15960398437500001,0.080488756059006128,0.045819115034264918,0.0072806246151956543,0.0056132812499999993,0.39891584394479429,0.4393207309850814,-0.0084850262784602927,-0.018360234375000034,0.073520923520923542,0.048729798684083198,0.0052061362157364722,0.0031523437499999985,0.50709018759018765,0.38186888013413711,0.026296474565770611,0.017005781249999997,0.073254505002238901,0.041682693030962142,0.0066300805139681189,0.006398437499999997,0.28050410119272762,0.29147929236556758,-0.0023047901462963914,-0.0037716796875000114,0.071849472884310234,0.042219349749085158,0.0062223258583972655,0.0060468749999999967,-0.059860387222369305,0.43694663626267805,-0.10432947493185994,-0.10544824218750003,0.63369495851946389,0b312a2578a4975029c847cee5da1de1e57e4a7eee52b31aac5d1cabd50948b8,0.36873997504901085,b2c5f3c8c56ffd308034c146696a38ab8410b4519793cbde921422b30651692a
248,Gradient-boosted T-learner,b2486f88e0d1de6ce2be051dff665f51f093b5cbca77f1a16907d6ac07dcfead,4331475321b780c6fd1ce6a59daf39e6e7dfc3dafabfdd7f9d3134a189be2b62,deeacd9c428c94337bd677849e1c994391ffdff6775ea959b7ffe3f7835e6ad9,0.029039591163562167,0.039036005203047036,0.080208140810439782,0.044660650026522919,0.0074649730646225406,0.0079921874999999958,0.31723699418776258,0.32975960022078543,-0.0026297472669347993,-0.0006583593750000105,0.077554732547727545,0.046094678924444396,0.0066066112608894612,0.0065859374999999989,0.23815454283733345,0.36234911420121052,-0.026080859986414184,-0.026395078124999999,0.054186600070238428,0.054950541732387156,-0.00016042774905123306,0.0026015624999999975,0.090242431810200086,0.42885315889719489,-0.071108252688268911,-0.058222031249999986,0.079948801766992927,0.039031531531531535,0.0085926267494468925,0.0074531249999999971,-0.087180397785325381,0.44889626126126125,-0.11257609839978319,-0.11947910156250002,0.066652252535576689,0.044165972669522352,0.0047221187718714105,0.005460937499999997,0.53014427234845518,0.18569557986629937,0.072334225421252715,0.076041210937499978,0.50647312671635936,52d341e2acd3e0dd6479f58f0255f15affd705d51eada9e48c4b0eabb4042535,0.39029688631426501,0d970e65e289e5bc5bc89465bb5b05f88d6163fc176472a9417756c2cc19dd96
249,Gradient-boosted T-learner,4f3277a6a85b70fa866971549f679bf2222ca403532306685e539a3abc756d4a,a72ebdbfe5e49aee706e1477429c45003b58fb1423c0d9a30262ef2af4efcb27,56a530c8c38f74a25ffb7fff8c91328dbe4e5100085627488c02ccc07d6483d8,0.012085010710560021,0.028335070230780773,0.098028461527211036,0.038958271142326847,0.012404739980825679,0.012128906249999998,0.022753389495853482,0.48693887187137719,-0.097478951298859973,-0.099067734374999994,0.082409155782167912,0.045654790963712985,0.0077184166118755343,0.0072070312499999982,0.90434125986584291,0.11104721556167529,0.16659174930387519,0.16322953125,0.061653177173805862,0.054690113804521517,0.0014622433075497123,0.0006445312499999983,0.81434482026230548,0.14781724070665414,0.13997079170668678,0.13532015624999999,0.076920484223739871,0.04018880519938535,0.0077136525951144496,0.0069843749999999975,0.27451884160155648,0.29361318235634937,-0.0040098115585065052,-0.0084498046875000118,0.068282871345844293,0.043860367282162374,0.0051287258533732026,0.0044062499999999978,0.29438611641738566,0.28293882409250082,0.0024039313882258163,-0.0015568359374999829,0.49271137026239065,7411feb0a0d086b1cfc3461ea821bd1698576e5cd5f76fbfea6a1171e7f71b58,0.37461965276534814,99eced70ce306d08dc3bbc6b5d9ab052982b748f585926f0d20b7d72143f8319
250,Logistic T-learner,45bd2583f074d35c85157e7258a22dfc8fb53fe8e5a6412ee3ffd255546968cc,a8706b38acfaf9620c9f8bde205ed511945dbecf872f9df37ba2082d663fd9ef,4263400288631c68c1e7463464c939b124d1f8ae8812fd2dabdabc266d9d3640,0.023955831783056616,0.020231545235457851,0.065063702684026337,0.043158016696159679,0.0046001940574519982,0.0043593749999999978,-0.89280189085575301,0.32586299754423309,-0.25591962656399703,-0.25752925781249997,0.078971012422651032,0.038066411518729193,0.0085899661898235866,0.0051796874999999985,-0.69038365621769215,0.24095348666258742,-0.1955808000048587,-0.21742417968749997,0.078971012422651032,0.038066411518729193,0.0085899661898235866,0.0051796874999999985,-0.69038365621769215,0.24095348666258742,-0.1955808000048587,-0.21742417968749997,0.081960784313725499,0.038062038903478312,0.0092187365361519093,0.0086249999999999973,-0.20586502507979942,0.49948299696082565,-0.14812308462853127,-0.15165527343749999,0.081960784313725499,0.038062038903478312,0.0092187365361519093,0.0086249999999999973,-0.20586502507979942,0.49948299696082565,-0.14812308462853127,-0.15165527343749999,0.6905128769535549,952d282f7131ecf8eda9d68edce1105a45ab9e41a11ef27bf3dbb90f97415cbc,0.6905128769535549,952d282f7131ecf8eda9d68edce1105a45ab9e41a11ef27bf3dbb90f97415cbc
251,Gradient-boosted T-learner,5623140150ab46d49799b9fc47611bb13b3fa9fe15d3b078c099472c9ac36952,7008a4c8fa88510467c280f3d45ad37f38a4c734857978fd33be6709bd8415ed,f27de9614c3e6d1f592cb0ad1e03f1c07f45599d6dcff5c81bbd2db3a49e49ff,0.012077323103842075,0.036025653016656056,0.072237941000219963,0.030460894700049576,0.0087731797230357813,0.0078749999999999983,0.14923728106439305,0.23349490645961768,-0.017694101332997172,-0.022663242187500012,0.060502202311485898,0.036219628741355037,0.0050993404497274809,0.0030703124999999971,0.030231058238903818,0.28446125706684411,-0.05338834175386746,-0.064015195312500009,0.068556358215800944,0.031433712194683328,0.0077957556644346997,0.0079921874999999993,-0.94034711615640432,0.6981346405982074,-0.34408116891846846,-0.34250308593750001,0.070905938293123888,0.043029135933177226,0.0058541284955887984,0.0048749999999999974,-0.12361408447031808,0.46609107601198818,-0.12383808370128431,-0.12990761718750002,0.071111550908364574,0.042467350679560506,0.0060152820480488542,0.0060468749999999958,-0.74127280990130218,0.72879773964236905,-0.30871481540417095,-0.30845917968749997,0.65481577246283129,53c674b151d50699fbdbcc470b6b1c1ca6791dfa27b1f9bc0e1208249e2f8ea1,0.42565435307221089,4630a7812d41b0d9dfea7c732b56394b6f2089d913bc7f644933a5f3c88c80cb
252,Gradient-boosted T-learner,3e09d5b056a9ee8b66e144a79c8258a66be1faaab492a7eee953a9ca16349df7,122d45b6adb72dd8727eecef00eb45fa03d77cf80d29b10ba94ef3596375f877,6b66d3675421a2b4e316e84f86a1ca5a0bf522b1ab15502b164a1fd8b673ee7a,0.021288059947722843,0.036832926511739625,0.11153684531871677,0.036642843830195976,0.015727740312589368,0.016242187499999998,-0.64760063372789589,-0.10965930595977103,-0.11296767883130622,-0.10846078125000004,0.092689241359354899,0.04504305387844286,0.010005699370991527,0.0096796874999999991,-0.27229591782344864,-0.2683073320970617,-0.00083760300254125727,-0.0035392968750000177,0.089487746149025313,0.046312967167526919,0.0090667035861146626,0.0090937499999999959,0.37970966051317001,-0.54780926392830775,0.19477897413271034,0.19481812500000001,0.075239398084815307,0.040884727576682017,0.0072144808067079909,0.0066328124999999972,0.04726821705426365,0.39080873894297052,-0.072143509596628436,-0.075638085937500016,0.068105640491436636,0.043626047629681933,0.0051407145009684874,0.0055781249999999971,0.54671868010662084,0.17724274459610478,0.077589946457208361,0.079936523437499976,0.65517241379310343,8e94d0c4f8fe4e87d579e5dea9f06d282ef0f6530e67bd964c0d8c8648983401,0.38353449828859665,ff9af9ea44330d64af029a30c1266a1e7851cb3f5a09b90751e17b4dbf7596a1
253,Logistic T-learner,b080f6a68fb5a8c2b0dfbb7ff4093c792a3c05c1bfe41c5ef5f4c70d9fec93a7,7c592b39fd5444ea2bde11befdf6bf9c9dbfbb664f0eb0553cc20477233ee0e4,c7425d3a31a35f4f64cf520eb29b841882c895cad70bd5f36e24ea00e763d398,0.0067846574113648445,-0.00055868271073425402,0.069366714805913832,0.038342205914835739,0.0065151468671263988,0.0076640624999999973,0.42397479573159214,0.022185190285797796,0.084375817143616805,0.090296601562499995,0.065939771547248199,0.040421828929587802,0.0053587679497086827,0.0050859374999999993,0.38569983765521487,0.036395077172804546,0.073353999701306169,0.071646210937499982,0.065939771547248199,0.040421828929587802,0.0053587679497086827,0.0050859374999999993,0.38569983765521487,0.036395077172804546,0.073353999701306169,0.071646210937499982,0.074744537554914725,0.041384110109301112,0.0070056897635788588,0.0056953124999999981,-0.15084479204969925,0.47846072173021814,-0.13215415789378265,-0.1405154296875,0.074744537554914725,0.041384110109301112,0.0070056897635788588,0.0056953124999999981,-0.15084479204969925,0.47846072173021814,-0.13215415789378265,-0.1405154296875,0.61718256475047384,b7d2f2e44af5c18ce4d8aa4c935ee4a4d214cf79728775f089d6fd4aeafdfb4e,0.61718256475047384,b7d2f2e44af5c18ce4d8aa4c935ee4a4d214cf79728775f089d6fd4aeafdfb4e
254,Logistic T-learner,e7703418a3b7fb70a85d9cb2e69822de776467ff31be53988c7be45722fc3c8d,24553b99b66307e9ed53e8d464e5598159470fe942c5de601e2e5a9b848931ea,1e67812d6c9d5816983524772c7792b6247f3b1abd36a9faa19ed01b6a50bad3,0.014114629583968571,0.0027873563954800701,0.080850213917484981,0.039339525283797722,0.0087172446130743247,0.0083320312499999983,0.57225740490627963,0.57119640277163497,0.00022281044827537899,-0.0021768750000000113,0.076873449131513671,0.039793009800231496,0.0077868922595692568,0.0098554687499999953,1.144634863523573,0.33570664438563591,0.16987492601896678,0.179810625,0.076873449131513671,0.039793009800231496,0.0077868922595692568,0.0098554687499999953,1.144634863523573,0.33570664438563591,0.16987492601896678,0.179810625,0.080359072980964896,0.039030293700073548,0.0086790436489871826,0.0076874999999999964,0.56261226563857247,0.16842125969719823,0.082780111247688581,0.077535351562499966,0.080359072980964896,0.039030293700073548,0.0086790436489871826,0.0076874999999999964,0.56261226563857247,0.16842125969719823,0.082780111247688581,0.077535351562499966,0.58415841584158412,07e475d924c0a7cdb62465555159c817e743405536fdf97e68e5aa993c10b988,0.58415841584158412,07e475d924c0a7cdb62465555159c817e743405536fdf97e68e5aa993c10b988
255,Logistic T-learner,b80ff67646ecb137b83bed6c0e3e5f9fe91f0cdd960a679f457e897b93358168,f3677f56965f25a884e916b759696d49500950e39841f329eeffb129e0c7e08a,75e9f065a0b9a715ae9f68f8b912e2a114e0c275196d955ed9d79fcc4b7b975d,0.019424844235608613,0.016789042838235138,0.095280079938870277,0.029442069142149571,0.013825982267311347,0.014191406249999993,-0.86489970904602376,0.411485117176423,-0.26804081350671377,-0.26492367187499999,0.079562308985873242,0.036883806367000949,0.0089624855499631818,0.0076289062499999959,-0.77074453271928478,0.38058325385790925,-0.24177883518121074,-0.25189125000000001,0.079562308985873242,0.036883806367000949,0.0089624855499631818,0.0076289062499999959,-0.77074453271928478,0.38058325385790925,-0.24177883518121074,-0.25189125000000001,0.071703561262143001,0.042797297297297282,0.0060703154326176003,0.0048749999999999974,-0.026557009650225338,0.42309256756756775,-0.094426411215736542,-0.1013736328125,0.071703561262143001,0.042797297297297282,0.0060703154326176003,0.0048749999999999974,-0.026557009650225338,0.42309256756756775,-0.094426411215736542,-0.1013736328125,0.62884411452810185,3a6670289cfdaa1d7b989727af323ba2ba88d3679fa4b977a12c098d35d8f626,0.62884411452810185,3a6670289cfdaa1d7b989727af323ba2ba88d3679fa4b977a12c098d35d8f626
